0.0,0.0,0.0,0.0,0.0,0.0,0.0,0.0,0.0,0.0,0.0,0.0,0.0,0.0,0.0,0.0,0.0,0.0,0.0,0.0
0.0,1.0,1.0,0.0,0.0,0.0,1.0,1.0,1.0,1.0,1.0,1.0,1.0,1.0,1.0,1.0,1.0,1.0,1.0,1.0
0.0,2.0,2.0,0.0,0.0,0.0,0.0,2.0,2.0,2.0,2.0,2.0,2.0,0.0,2.0,1.0,2.0,2.0,2.0,2.0
0.0,3.0,3.0,0.0,0.0,0.0,2.0,3.0,3.0,3.0,3.0,3.0,3.0,2.0,3.0,2.0,3.0,0.0,3.0,3.0
0.0,4.0,4.0,0.0,0.0,0.0,3.0,4.0,4.0,4.0,4.0,4.0,0.0,3.0,4.0,3.0,4.0,3.0,4.0,4.0
0.0,5.0,5.0,0.0,0.0,0.0,2.0,5.0,0.0,0.0,5.0,5.0,4.0,4.0,5.0,1.0,5.0,4.0,4.0,5.0
0.0,6.0,6.0,0.0,1.0,0.0,4.0,6.0,5.0,5.0,6.0,6.0,5.0,5.0,6.0,4.0,6.0,5.0,5.0,6.0
0.0,7.0,7.0,0.0,0.0,0.0,5.0,7.0,6.0,6.0,7.0,7.0,6.0,6.0,4.0,5.0,7.0,6.0,6.0,7.0
0.0,8.0,8.0,0.0,0.0,0.0,6.0,8.0,7.0,7.0,8.0,8.0,7.0,7.0,5.0,6.0,8.0,7.0,7.0,8.0
0.0,9.0,9.0,0.0,0.0,0.0,6.0,9.0,8.0,8.0,9.0,9.0,8.0,8.0,7.0,7.0,9.0,8.0,8.0,9.0
0.0,10.0,10.0,0.0,0.0,0.0,7.0,10.0,9.0,9.0,10.0,10.0,9.0,9.0,8.0,8.0,10.0,9.0,9.0,10.0
0.0,11.0,11.0,0.0,0.0,0.0,8.0,11.0,10.0,10.0,11.0,11.0,10.0,10.0,9.0,9.0,11.0,10.0,5.0,11.0
0.0,12.0,12.0,0.0,0.0,0.0,9.0,12.0,0.0,11.0,12.0,12.0,11.0,11.0,10.0,10.0,2.0,11.0,1.0,12.0
0.0,13.0,13.0,0.0,0.0,0.0,10.0,13.0,11.0,12.0,13.0,9.0,12.0,12.0,11.0,11.0,12.0,12.0,10.0,13.0
0.0,14.0,14.0,0.0,0.0,0.0,11.0,14.0,12.0,13.0,14.0,13.0,13.0,13.0,12.0,12.0,13.0,13.0,11.0,14.0
0.0,15.0,15.0,0.0,0.0,0.0,12.0,15.0,13.0,14.0,15.0,3.0,2.0,11.0,13.0,13.0,14.0,14.0,2.0,1.0
0.0,16.0,16.0,0.0,0.0,0.0,2.0,3.0,14.0,15.0,4.0,14.0,11.0,2.0,14.0,14.0,15.0,15.0,4.0,15.0
0.0,11.0,17.0,0.0,0.0,0.0,13.0,16.0,10.0,16.0,16.0,7.0,14.0,14.0,15.0,15.0,16.0,16.0,8.0,16.0
0.0,17.0,13.0,0.0,0.0,0.0,12.0,17.0,15.0,17.0,17.0,2.0,15.0,15.0,16.0,16.0,17.0,17.0,4.0,17.0
0.0,18.0,16.0,0.0,0.0,0.0,14.0,18.0,4.0,18.0,18.0,15.0,16.0,3.0,17.0,17.0,5.0,2.0,0.0,18.0
0.0,19.0,13.0,0.0,0.0,0.0,7.0,2.0,16.0,19.0,19.0,16.0,17.0,4.0,0.0,18.0,3.0,18.0,12.0,19.0
0.0,20.0,18.0,0.0,0.0,0.0,15.0,19.0,17.0,20.0,20.0,17.0,18.0,16.0,18.0,19.0,18.0,19.0,13.0,20.0
0.0,21.0,19.0,0.0,0.0,0.0,16.0,20.0,18.0,21.0,21.0,18.0,19.0,0.0,19.0,20.0,19.0,20.0,12.0,21.0
0.0,13.0,20.0,0.0,0.0,0.0,17.0,21.0,19.0,22.0,22.0,19.0,20.0,17.0,7.0,21.0,20.0,21.0,7.0,22.0
0.0,22.0,21.0,0.0,0.0,0.0,10.0,22.0,20.0,23.0,23.0,20.0,21.0,18.0,20.0,22.0,21.0,22.0,8.0,23.0
0.0,23.0,22.0,0.0,0.0,0.0,14.0,23.0,21.0,24.0,24.0,21.0,22.0,19.0,21.0,23.0,22.0,23.0,13.0,24.0
0.0,10.0,23.0,0.0,0.0,0.0,14.0,24.0,2.0,25.0,25.0,0.0,23.0,2.0,22.0,24.0,23.0,18.0,1.0,25.0
0.0,17.0,1.0,0.0,0.0,0.0,18.0,25.0,22.0,17.0,26.0,3.0,24.0,15.0,5.0,25.0,1.0,11.0,4.0,26.0
0.0,20.0,24.0,0.0,0.0,0.0,5.0,26.0,23.0,13.0,27.0,22.0,25.0,20.0,23.0,26.0,24.0,24.0,8.0,27.0
0.0,24.0,25.0,0.0,0.0,0.0,19.0,27.0,24.0,26.0,28.0,17.0,26.0,21.0,24.0,27.0,25.0,25.0,14.0,28.0
1.0,0.0,26.0,0.0,0.0,0.0,4.0,28.0,3.0,27.0,29.0,23.0,27.0,22.0,25.0,28.0,26.0,26.0,15.0,29.0
1.0,25.0,27.0,0.0,0.0,0.0,2.0,29.0,1.0,28.0,30.0,24.0,28.0,23.0,26.0,29.0,27.0,27.0,16.0,30.0
1.0,26.0,28.0,0.0,0.0,0.0,12.0,30.0,14.0,29.0,31.0,25.0,29.0,24.0,27.0,30.0,28.0,28.0,17.0,31.0
1.0,27.0,29.0,0.0,0.0,0.0,14.0,31.0,25.0,3.0,32.0,26.0,30.0,25.0,28.0,31.0,29.0,29.0,18.0,32.0
1.0,28.0,30.0,0.0,0.0,0.0,20.0,32.0,2.0,30.0,33.0,27.0,31.0,26.0,29.0,32.0,30.0,30.0,19.0,29.0
1.0,29.0,31.0,0.0,0.0,0.0,4.0,33.0,26.0,31.0,34.0,28.0,32.0,27.0,30.0,33.0,31.0,31.0,15.0,33.0
1.0,30.0,32.0,0.0,0.0,0.0,21.0,34.0,21.0,32.0,35.0,29.0,33.0,28.0,31.0,34.0,32.0,32.0,20.0,34.0
1.0,31.0,33.0,0.0,0.0,0.0,18.0,35.0,25.0,33.0,36.0,30.0,34.0,29.0,32.0,35.0,33.0,33.0,21.0,35.0
1.0,32.0,34.0,0.0,1.0,0.0,22.0,36.0,27.0,34.0,37.0,31.0,35.0,30.0,33.0,36.0,34.0,34.0,22.0,36.0
1.0,33.0,35.0,0.0,0.0,0.0,4.0,37.0,17.0,35.0,38.0,32.0,36.0,31.0,34.0,37.0,35.0,35.0,23.0,37.0
1.0,34.0,36.0,0.0,0.0,0.0,23.0,38.0,25.0,36.0,39.0,33.0,37.0,32.0,35.0,38.0,36.0,36.0,17.0,38.0
1.0,35.0,37.0,0.0,0.0,0.0,24.0,39.0,19.0,9.0,40.0,34.0,38.0,33.0,36.0,39.0,37.0,37.0,24.0,32.0
1.0,1.0,38.0,0.0,0.0,0.0,21.0,40.0,28.0,37.0,41.0,35.0,39.0,34.0,37.0,40.0,38.0,38.0,25.0,30.0
1.0,36.0,37.0,0.0,0.0,0.0,21.0,41.0,29.0,38.0,42.0,36.0,40.0,35.0,38.0,41.0,39.0,39.0,16.0,39.0
1.0,15.0,39.0,0.0,0.0,0.0,1.0,42.0,1.0,1.0,43.0,37.0,41.0,36.0,39.0,42.0,40.0,40.0,26.0,40.0
1.0,37.0,40.0,0.0,0.0,0.0,24.0,43.0,4.0,39.0,44.0,38.0,42.0,37.0,40.0,43.0,41.0,41.0,15.0,29.0
1.0,38.0,41.0,0.0,0.0,0.0,3.0,41.0,1.0,40.0,45.0,39.0,43.0,38.0,41.0,19.0,42.0,42.0,24.0,41.0
1.0,39.0,42.0,0.0,0.0,0.0,18.0,44.0,22.0,41.0,46.0,40.0,44.0,39.0,29.0,44.0,26.0,43.0,21.0,42.0
1.0,40.0,43.0,0.0,0.0,0.0,14.0,44.0,26.0,42.0,47.0,41.0,45.0,40.0,42.0,45.0,29.0,44.0,27.0,43.0
1.0,41.0,31.0,0.0,0.0,0.0,17.0,45.0,7.0,43.0,48.0,42.0,46.0,41.0,43.0,46.0,43.0,45.0,15.0,44.0
1.0,42.0,44.0,0.0,0.0,0.0,3.0,46.0,25.0,44.0,49.0,43.0,47.0,42.0,44.0,47.0,44.0,46.0,22.0,45.0
1.0,43.0,9.0,0.0,0.0,0.0,23.0,47.0,9.0,29.0,50.0,44.0,48.0,43.0,45.0,48.0,45.0,47.0,28.0,46.0
1.0,44.0,45.0,0.0,0.0,0.0,16.0,1.0,30.0,45.0,51.0,45.0,49.0,44.0,46.0,49.0,46.0,48.0,29.0,47.0
1.0,45.0,46.0,0.0,0.0,0.0,18.0,48.0,31.0,46.0,52.0,46.0,39.0,45.0,47.0,50.0,47.0,38.0,25.0,48.0
1.0,46.0,47.0,0.0,0.0,0.0,4.0,49.0,19.0,7.0,53.0,47.0,50.0,46.0,48.0,41.0,48.0,49.0,16.0,49.0
1.0,13.0,48.0,0.0,0.0,0.0,12.0,50.0,18.0,47.0,54.0,48.0,51.0,47.0,49.0,51.0,45.0,50.0,16.0,50.0
1.0,47.0,49.0,0.0,0.0,0.0,25.0,6.0,32.0,25.0,55.0,49.0,52.0,48.0,50.0,52.0,49.0,51.0,21.0,49.0
1.0,48.0,50.0,0.0,0.0,0.0,23.0,51.0,2.0,48.0,56.0,50.0,53.0,48.0,51.0,53.0,30.0,52.0,21.0,46.0
1.0,47.0,32.0,0.0,0.0,0.0,26.0,52.0,10.0,49.0,57.0,51.0,54.0,49.0,52.0,54.0,50.0,53.0,19.0,46.0
1.0,49.0,51.0,0.0,1.0,0.0,12.0,23.0,33.0,50.0,58.0,52.0,55.0,50.0,53.0,55.0,51.0,54.0,30.0,48.0
2.0,50.0,52.0,0.0,1.0,0.0,18.0,53.0,32.0,51.0,59.0,53.0,56.0,4.0,54.0,56.0,52.0,55.0,31.0,37.0
2.0,31.0,53.0,0.0,0.0,0.0,23.0,54.0,15.0,36.0,60.0,54.0,57.0,51.0,55.0,57.0,53.0,56.0,4.0,51.0
2.0,51.0,54.0,0.0,0.0,0.0,21.0,38.0,25.0,3.0,61.0,55.0,3.0,52.0,56.0,58.0,54.0,57.0,32.0,52.0
2.0,10.0,55.0,0.0,0.0,0.0,27.0,55.0,34.0,52.0,62.0,56.0,58.0,53.0,57.0,59.0,55.0,58.0,33.0,45.0
2.0,52.0,22.0,0.0,0.0,0.0,3.0,56.0,2.0,48.0,63.0,57.0,59.0,54.0,58.0,6.0,56.0,59.0,34.0,41.0
2.0,53.0,56.0,0.0,0.0,0.0,13.0,57.0,2.0,40.0,64.0,58.0,60.0,55.0,59.0,60.0,57.0,14.0,35.0,53.0
2.0,13.0,55.0,0.0,0.0,1.0,28.0,58.0,35.0,53.0,65.0,59.0,61.0,56.0,60.0,61.0,58.0,60.0,36.0,54.0
2.0,0.0,16.0,0.0,0.0,0.0,4.0,25.0,3.0,54.0,66.0,60.0,62.0,55.0,54.0,62.0,59.0,61.0,37.0,33.0
2.0,54.0,2.0,0.0,0.0,0.0,29.0,59.0,24.0,55.0,67.0,61.0,63.0,57.0,18.0,63.0,23.0,62.0,7.0,55.0
2.0,55.0,57.0,0.0,0.0,0.0,30.0,60.0,36.0,56.0,68.0,13.0,64.0,58.0,61.0,64.0,60.0,63.0,38.0,50.0
2.0,56.0,58.0,0.0,0.0,1.0,31.0,61.0,37.0,57.0,69.0,62.0,65.0,59.0,62.0,65.0,61.0,64.0,39.0,47.0
2.0,57.0,12.0,0.0,0.0,0.0,32.0,51.0,38.0,58.0,70.0,54.0,66.0,60.0,63.0,66.0,62.0,65.0,40.0,56.0
2.0,58.0,59.0,0.0,0.0,1.0,33.0,62.0,39.0,59.0,71.0,63.0,67.0,61.0,64.0,67.0,58.0,66.0,41.0,48.0
2.0,59.0,10.0,0.0,0.0,0.0,0.0,63.0,8.0,60.0,72.0,64.0,68.0,62.0,63.0,2.0,63.0,67.0,16.0,57.0
2.0,60.0,60.0,0.0,0.0,0.0,23.0,64.0,1.0,61.0,73.0,54.0,69.0,60.0,65.0,68.0,64.0,68.0,40.0,56.0
2.0,10.0,33.0,0.0,0.0,0.0,20.0,4.0,0.0,62.0,74.0,58.0,70.0,63.0,66.0,69.0,65.0,69.0,42.0,58.0
2.0,61.0,61.0,0.0,0.0,0.0,18.0,65.0,3.0,16.0,75.0,55.0,58.0,64.0,67.0,5.0,66.0,58.0,32.0,53.0
2.0,51.0,8.0,0.0,0.0,1.0,34.0,66.0,40.0,63.0,76.0,65.0,71.0,65.0,68.0,70.0,67.0,70.0,27.0,48.0
2.0,62.0,29.0,0.0,0.0,0.0,21.0,67.0,13.0,64.0,77.0,55.0,72.0,51.0,69.0,5.0,61.0,9.0,32.0,59.0
2.0,47.0,15.0,0.0,0.0,0.0,35.0,68.0,6.0,65.0,78.0,66.0,73.0,66.0,31.0,71.0,68.0,71.0,43.0,60.0
2.0,40.0,7.0,0.0,0.0,0.0,1.0,42.0,1.0,17.0,79.0,55.0,74.0,51.0,70.0,72.0,56.0,72.0,44.0,58.0
2.0,63.0,16.0,0.0,0.0,0.0,36.0,69.0,27.0,66.0,80.0,67.0,75.0,54.0,70.0,73.0,69.0,73.0,34.0,52.0
2.0,45.0,0.0,0.0,0.0,0.0,26.0,67.0,2.0,67.0,81.0,68.0,76.0,63.0,19.0,74.0,70.0,74.0,45.0,43.0
2.0,64.0,58.0,0.0,0.0,0.0,37.0,70.0,41.0,68.0,82.0,69.0,77.0,67.0,71.0,75.0,19.0,75.0,9.0,51.0
2.0,65.0,16.0,0.0,0.0,0.0,0.0,2.0,42.0,21.0,83.0,54.0,78.0,60.0,72.0,76.0,71.0,76.0,40.0,56.0
2.0,66.0,62.0,0.0,0.0,0.0,14.0,20.0,43.0,69.0,84.0,67.0,79.0,68.0,73.0,58.0,59.0,1.0,33.0,34.0
2.0,62.0,63.0,0.0,0.0,0.0,11.0,71.0,44.0,70.0,85.0,70.0,80.0,69.0,74.0,43.0,72.0,77.0,46.0,45.0
2.0,0.0,0.0,0.0,0.0,0.0,18.0,72.0,6.0,71.0,10.0,71.0,1.0,70.0,75.0,77.0,66.0,0.0,47.0,45.0
2.0,67.0,64.0,0.0,0.0,0.0,10.0,64.0,4.0,72.0,86.0,72.0,81.0,9.0,76.0,21.0,54.0,78.0,45.0,41.0
2.0,11.0,12.0,0.0,0.0,0.0,2.0,5.0,14.0,21.0,70.0,54.0,66.0,60.0,63.0,66.0,62.0,65.0,48.0,56.0
3.0,68.0,65.0,0.0,0.0,0.0,38.0,9.0,19.0,47.0,87.0,73.0,82.0,71.0,77.0,78.0,73.0,79.0,49.0,61.0
3.0,69.0,57.0,0.0,0.0,0.0,24.0,30.0,0.0,73.0,88.0,74.0,82.0,72.0,78.0,79.0,74.0,79.0,26.0,62.0
3.0,70.0,66.0,0.0,0.0,0.0,17.0,57.0,45.0,13.0,89.0,75.0,83.0,73.0,79.0,80.0,22.0,80.0,17.0,63.0
3.0,26.0,67.0,0.0,0.0,0.0,39.0,73.0,46.0,4.0,90.0,76.0,84.0,74.0,80.0,81.0,41.0,81.0,14.0,64.0
3.0,71.0,68.0,0.0,0.0,0.0,40.0,74.0,33.0,69.0,91.0,77.0,85.0,75.0,81.0,82.0,75.0,82.0,41.0,65.0
3.0,72.0,69.0,0.0,0.0,0.0,4.0,75.0,47.0,20.0,92.0,78.0,86.0,76.0,59.0,83.0,12.0,83.0,17.0,66.0
3.0,73.0,70.0,0.0,0.0,0.0,41.0,76.0,48.0,74.0,93.0,79.0,82.0,77.0,82.0,84.0,73.0,79.0,16.0,67.0
3.0,68.0,9.0,0.0,0.0,0.0,38.0,77.0,3.0,75.0,94.0,80.0,87.0,78.0,83.0,85.0,76.0,84.0,50.0,56.0
3.0,74.0,63.0,0.0,0.0,0.0,42.0,78.0,11.0,76.0,95.0,81.0,85.0,79.0,84.0,19.0,9.0,82.0,16.0,67.0
3.0,65.0,71.0,0.0,0.0,0.0,43.0,79.0,44.0,77.0,96.0,82.0,88.0,80.0,85.0,86.0,77.0,85.0,51.0,68.0
3.0,75.0,54.0,0.0,0.0,0.0,44.0,80.0,18.0,78.0,97.0,83.0,89.0,81.0,86.0,87.0,24.0,86.0,52.0,63.0
3.0,76.0,72.0,0.0,0.0,0.0,45.0,81.0,44.0,79.0,98.0,84.0,90.0,82.0,87.0,88.0,78.0,87.0,49.0,61.0
3.0,77.0,73.0,0.0,0.0,0.0,18.0,54.0,27.0,80.0,99.0,85.0,91.0,83.0,88.0,89.0,79.0,88.0,5.0,58.0
3.0,78.0,25.0,0.0,0.0,0.0,22.0,82.0,13.0,9.0,100.0,86.0,92.0,84.0,89.0,90.0,33.0,89.0,49.0,69.0
3.0,79.0,74.0,0.0,0.0,0.0,46.0,83.0,26.0,42.0,101.0,87.0,93.0,85.0,90.0,91.0,16.0,90.0,53.0,43.0
3.0,7.0,75.0,0.0,1.0,0.0,14.0,31.0,3.0,44.0,102.0,88.0,94.0,86.0,91.0,92.0,14.0,91.0,54.0,68.0
3.0,19.0,55.0,0.0,0.0,0.0,40.0,84.0,22.0,81.0,103.0,89.0,95.0,87.0,92.0,93.0,80.0,92.0,36.0,68.0
3.0,80.0,32.0,0.0,0.0,0.0,38.0,16.0,2.0,82.0,104.0,90.0,96.0,88.0,93.0,94.0,81.0,93.0,16.0,70.0
3.0,81.0,76.0,0.0,0.0,0.0,11.0,85.0,49.0,83.0,105.0,91.0,97.0,89.0,94.0,6.0,2.0,94.0,30.0,71.0
3.0,82.0,77.0,0.0,0.0,0.0,11.0,13.0,7.0,84.0,106.0,4.0,98.0,90.0,95.0,95.0,82.0,95.0,55.0,72.0
3.0,83.0,78.0,0.0,0.0,0.0,19.0,86.0,11.0,16.0,107.0,92.0,99.0,91.0,96.0,96.0,83.0,96.0,49.0,73.0
3.0,84.0,57.0,0.0,0.0,0.0,6.0,33.0,31.0,85.0,108.0,93.0,100.0,92.0,82.0,97.0,84.0,97.0,25.0,72.0
3.0,0.0,79.0,0.0,0.0,0.0,5.0,67.0,25.0,86.0,109.0,94.0,101.0,93.0,97.0,98.0,85.0,98.0,21.0,74.0
3.0,85.0,71.0,0.0,0.0,0.0,21.0,54.0,8.0,44.0,110.0,95.0,102.0,75.0,98.0,99.0,86.0,99.0,18.0,35.0
3.0,44.0,33.0,0.0,0.0,0.0,47.0,87.0,8.0,87.0,111.0,96.0,103.0,94.0,99.0,100.0,87.0,100.0,26.0,68.0
3.0,86.0,52.0,0.0,0.0,0.0,48.0,88.0,19.0,88.0,112.0,97.0,104.0,95.0,100.0,101.0,43.0,101.0,26.0,65.0
3.0,87.0,80.0,0.0,1.0,2.0,49.0,89.0,50.0,89.0,113.0,98.0,105.0,96.0,101.0,102.0,74.0,102.0,49.0,69.0
3.0,88.0,81.0,0.0,0.0,0.0,50.0,90.0,2.0,90.0,114.0,99.0,106.0,97.0,102.0,103.0,88.0,103.0,50.0,64.0
3.0,89.0,22.0,0.0,0.0,0.0,4.0,91.0,4.0,25.0,115.0,99.0,107.0,98.0,96.0,96.0,83.0,104.0,17.0,21.0
3.0,90.0,82.0,0.0,0.0,0.0,22.0,92.0,51.0,91.0,116.0,100.0,108.0,99.0,103.0,104.0,89.0,105.0,30.0,75.0
4.0,91.0,60.0,0.0,0.0,0.0,51.0,93.0,52.0,92.0,117.0,54.0,109.0,60.0,104.0,105.0,90.0,106.0,56.0,76.0
4.0,91.0,83.0,0.0,0.0,0.0,51.0,93.0,52.0,92.0,117.0,54.0,109.0,60.0,104.0,105.0,90.0,106.0,56.0,76.0
4.0,92.0,84.0,0.0,0.0,0.0,51.0,93.0,52.0,92.0,117.0,54.0,109.0,60.0,104.0,105.0,90.0,106.0,56.0,76.0
4.0,93.0,54.0,0.0,0.0,0.0,5.0,94.0,53.0,93.0,118.0,101.0,110.0,6.0,105.0,106.0,91.0,107.0,53.0,77.0
4.0,74.0,85.0,0.0,0.0,0.0,18.0,37.0,54.0,58.0,119.0,60.0,111.0,100.0,21.0,107.0,92.0,108.0,44.0,78.0
4.0,18.0,86.0,0.0,0.0,0.0,2.0,95.0,43.0,94.0,120.0,102.0,112.0,83.0,106.0,108.0,58.0,109.0,57.0,59.0
4.0,40.0,87.0,0.0,0.0,0.0,51.0,93.0,52.0,92.0,117.0,54.0,109.0,60.0,104.0,105.0,90.0,106.0,56.0,76.0
4.0,12.0,20.0,0.0,0.0,0.0,5.0,96.0,31.0,37.0,121.0,16.0,113.0,101.0,107.0,109.0,93.0,110.0,38.0,14.0
4.0,94.0,88.0,0.0,0.0,0.0,45.0,97.0,30.0,95.0,122.0,103.0,114.0,64.0,63.0,18.0,94.0,111.0,58.0,79.0
4.0,53.0,1.0,0.0,0.0,0.0,27.0,21.0,1.0,18.0,123.0,104.0,115.0,3.0,57.0,110.0,95.0,112.0,39.0,63.0
4.0,95.0,17.0,0.0,0.0,0.0,17.0,92.0,54.0,61.0,124.0,105.0,116.0,20.0,86.0,111.0,96.0,113.0,11.0,58.0
4.0,22.0,85.0,0.0,0.0,0.0,3.0,98.0,15.0,4.0,125.0,61.0,117.0,8.0,108.0,112.0,97.0,114.0,59.0,80.0
4.0,36.0,89.0,0.0,0.0,0.0,2.0,23.0,55.0,96.0,126.0,106.0,118.0,102.0,109.0,113.0,60.0,115.0,55.0,52.0
4.0,90.0,90.0,0.0,0.0,0.0,5.0,99.0,15.0,97.0,127.0,107.0,119.0,103.0,110.0,114.0,58.0,116.0,53.0,58.0
4.0,96.0,91.0,0.0,0.0,0.0,0.0,20.0,0.0,33.0,128.0,18.0,120.0,15.0,54.0,115.0,98.0,117.0,46.0,69.0
4.0,97.0,88.0,0.0,0.0,0.0,51.0,93.0,52.0,92.0,117.0,54.0,109.0,60.0,104.0,105.0,90.0,106.0,56.0,76.0
4.0,98.0,92.0,0.0,0.0,0.0,18.0,42.0,9.0,98.0,129.0,53.0,3.0,104.0,111.0,116.0,99.0,57.0,60.0,77.0
4.0,99.0,91.0,0.0,0.0,0.0,1.0,100.0,15.0,97.0,26.0,18.0,120.0,11.0,112.0,117.0,100.0,117.0,61.0,63.0
4.0,100.0,10.0,0.0,0.0,0.0,3.0,23.0,54.0,38.0,60.0,64.0,57.0,100.0,113.0,57.0,101.0,56.0,2.0,81.0
4.0,101.0,93.0,0.0,0.0,0.0,1.0,15.0,15.0,18.0,130.0,10.0,121.0,101.0,114.0,118.0,102.0,118.0,62.0,78.0
4.0,66.0,24.0,0.0,0.0,0.0,36.0,101.0,18.0,78.0,131.0,108.0,122.0,105.0,115.0,119.0,37.0,119.0,10.0,77.0
4.0,102.0,28.0,0.0,0.0,0.0,9.0,102.0,54.0,61.0,132.0,58.0,57.0,52.0,116.0,120.0,103.0,56.0,1.0,82.0
4.0,102.0,7.0,0.0,0.0,0.0,9.0,103.0,15.0,38.0,133.0,109.0,123.0,106.0,117.0,121.0,68.0,120.0,36.0,53.0
4.0,103.0,94.0,0.0,0.0,0.0,23.0,1.0,56.0,99.0,15.0,110.0,124.0,0.0,75.0,92.0,15.0,121.0,63.0,83.0
4.0,25.0,4.0,0.0,0.0,0.0,38.0,41.0,29.0,18.0,134.0,111.0,125.0,107.0,118.0,97.0,42.0,122.0,50.0,36.0
4.0,104.0,3.0,0.0,0.0,0.0,14.0,40.0,9.0,85.0,135.0,64.0,126.0,100.0,119.0,66.0,104.0,123.0,64.0,61.0
4.0,105.0,95.0,0.0,0.0,0.0,16.0,54.0,1.0,100.0,136.0,112.0,98.0,108.0,120.0,122.0,98.0,95.0,58.0,63.0
4.0,106.0,96.0,0.0,0.0,0.0,36.0,104.0,26.0,77.0,137.0,113.0,127.0,109.0,81.0,19.0,105.0,124.0,12.0,64.0
4.0,107.0,97.0,0.0,0.0,0.0,20.0,30.0,57.0,58.0,138.0,68.0,114.0,52.0,121.0,123.0,35.0,111.0,42.0,78.0
4.0,108.0,92.0,0.0,0.0,0.0,7.0,10.0,19.0,21.0,139.0,103.0,128.0,64.0,122.0,124.0,106.0,125.0,65.0,61.0
5.0,109.0,98.0,0.0,1.0,1.0,52.0,105.0,8.0,101.0,140.0,114.0,129.0,110.0,123.0,125.0,107.0,126.0,66.0,78.0
5.0,110.0,99.0,0.0,0.0,0.0,46.0,106.0,58.0,102.0,141.0,115.0,130.0,111.0,124.0,114.0,91.0,127.0,49.0,35.0
5.0,111.0,100.0,0.0,0.0,0.0,40.0,107.0,24.0,103.0,142.0,100.0,131.0,112.0,125.0,126.0,80.0,128.0,36.0,69.0
5.0,104.0,101.0,0.0,0.0,0.0,53.0,108.0,59.0,104.0,143.0,116.0,132.0,92.0,81.0,81.0,85.0,129.0,26.0,84.0
5.0,69.0,102.0,0.0,0.0,1.0,54.0,109.0,60.0,105.0,144.0,117.0,133.0,113.0,126.0,127.0,108.0,130.0,36.0,69.0
5.0,112.0,103.0,0.0,0.0,0.0,24.0,110.0,20.0,106.0,145.0,81.0,134.0,114.0,127.0,128.0,78.0,131.0,66.0,21.0
5.0,113.0,104.0,0.0,0.0,0.0,38.0,111.0,61.0,107.0,146.0,118.0,135.0,115.0,128.0,129.0,74.0,132.0,26.0,21.0
5.0,99.0,105.0,0.0,0.0,0.0,22.0,112.0,62.0,108.0,147.0,119.0,136.0,116.0,83.0,130.0,109.0,133.0,36.0,34.0
5.0,114.0,106.0,0.0,1.0,0.0,6.0,113.0,49.0,55.0,148.0,120.0,133.0,117.0,129.0,131.0,33.0,130.0,66.0,63.0
5.0,2.0,104.0,0.0,0.0,0.0,55.0,114.0,17.0,109.0,149.0,121.0,137.0,61.0,123.0,132.0,110.0,134.0,36.0,63.0
5.0,115.0,107.0,0.0,0.0,0.0,30.0,115.0,63.0,110.0,150.0,122.0,138.0,118.0,130.0,133.0,111.0,135.0,49.0,56.0
5.0,116.0,108.0,0.0,0.0,0.0,10.0,116.0,64.0,111.0,151.0,123.0,139.0,119.0,131.0,134.0,112.0,136.0,41.0,61.0
5.0,117.0,105.0,0.0,0.0,0.0,49.0,39.0,65.0,112.0,152.0,124.0,140.0,120.0,132.0,75.0,26.0,137.0,41.0,36.0
5.0,73.0,109.0,0.0,0.0,0.0,20.0,117.0,61.0,113.0,153.0,125.0,141.0,121.0,133.0,135.0,113.0,138.0,41.0,75.0
5.0,91.0,100.0,0.0,0.0,0.0,17.0,110.0,66.0,114.0,154.0,126.0,142.0,122.0,117.0,136.0,44.0,139.0,36.0,85.0
5.0,29.0,110.0,0.0,0.0,0.0,56.0,118.0,67.0,115.0,155.0,127.0,143.0,98.0,134.0,137.0,114.0,140.0,36.0,70.0
5.0,118.0,111.0,0.0,1.0,0.0,57.0,119.0,10.0,116.0,156.0,128.0,142.0,123.0,135.0,96.0,115.0,139.0,41.0,75.0
5.0,75.0,112.0,0.0,0.0,0.0,46.0,120.0,68.0,117.0,157.0,129.0,144.0,124.0,136.0,138.0,2.0,141.0,17.0,37.0
5.0,44.0,98.0,0.0,0.0,0.0,58.0,121.0,69.0,118.0,158.0,130.0,145.0,125.0,137.0,139.0,86.0,142.0,41.0,78.0
5.0,119.0,113.0,0.0,0.0,0.0,19.0,122.0,70.0,119.0,159.0,131.0,146.0,126.0,138.0,111.0,7.0,143.0,66.0,65.0
5.0,110.0,101.0,0.0,0.0,2.0,59.0,123.0,71.0,118.0,160.0,132.0,147.0,127.0,129.0,140.0,116.0,144.0,36.0,80.0
5.0,120.0,106.0,0.0,0.0,0.0,25.0,124.0,49.0,120.0,161.0,65.0,148.0,128.0,85.0,70.0,117.0,145.0,66.0,78.0
5.0,121.0,99.0,0.0,0.0,0.0,60.0,125.0,72.0,121.0,162.0,133.0,149.0,129.0,139.0,43.0,44.0,146.0,41.0,35.0
5.0,122.0,102.0,0.0,0.0,1.0,52.0,52.0,73.0,122.0,163.0,132.0,150.0,130.0,34.0,141.0,118.0,147.0,50.0,63.0
5.0,123.0,114.0,0.0,0.0,0.0,5.0,126.0,74.0,94.0,164.0,134.0,151.0,131.0,36.0,134.0,119.0,148.0,41.0,86.0
5.0,124.0,107.0,0.0,0.0,0.0,61.0,127.0,75.0,123.0,165.0,135.0,134.0,79.0,87.0,142.0,120.0,131.0,41.0,61.0
5.0,18.0,115.0,0.0,0.0,0.0,62.0,128.0,76.0,124.0,166.0,136.0,152.0,132.0,93.0,128.0,121.0,149.0,66.0,63.0
5.0,125.0,116.0,0.0,0.0,1.0,11.0,129.0,77.0,125.0,167.0,137.0,153.0,125.0,140.0,143.0,122.0,150.0,50.0,86.0
5.0,77.0,108.0,0.0,0.0,0.0,45.0,130.0,75.0,126.0,168.0,126.0,154.0,133.0,88.0,67.0,123.0,151.0,26.0,65.0
5.0,109.0,104.0,0.0,0.0,0.0,43.0,131.0,49.0,127.0,169.0,138.0,155.0,134.0,141.0,144.0,124.0,152.0,41.0,68.0
6.0,126.0,117.0,0.0,0.0,0.0,2.0,132.0,78.0,33.0,170.0,13.0,25.0,106.0,142.0,16.0,125.0,153.0,7.0,87.0
6.0,127.0,108.0,0.0,1.0,0.0,17.0,24.0,79.0,70.0,171.0,139.0,6.0,135.0,105.0,145.0,126.0,154.0,18.0,88.0
6.0,42.0,118.0,0.0,1.0,0.0,25.0,133.0,6.0,128.0,172.0,140.0,156.0,136.0,143.0,146.0,127.0,62.0,66.0,89.0
6.0,45.0,119.0,0.0,0.0,0.0,14.0,134.0,33.0,39.0,173.0,141.0,157.0,137.0,110.0,145.0,128.0,155.0,14.0,88.0
6.0,128.0,120.0,0.0,0.0,0.0,22.0,135.0,44.0,129.0,174.0,142.0,158.0,137.0,144.0,147.0,129.0,155.0,59.0,90.0
6.0,32.0,121.0,0.0,0.0,0.0,25.0,136.0,7.0,85.0,175.0,143.0,159.0,138.0,145.0,148.0,126.0,156.0,10.0,91.0
6.0,129.0,122.0,0.0,0.0,0.0,15.0,137.0,44.0,130.0,176.0,144.0,11.0,139.0,146.0,149.0,128.0,157.0,4.0,89.0
6.0,83.0,123.0,0.0,0.0,0.0,63.0,138.0,5.0,54.0,177.0,145.0,160.0,140.0,80.0,150.0,130.0,158.0,59.0,92.0
6.0,103.0,124.0,0.0,0.0,0.0,13.0,67.0,24.0,131.0,178.0,146.0,161.0,141.0,100.0,151.0,131.0,159.0,8.0,93.0
6.0,14.0,125.0,0.0,0.0,0.0,40.0,139.0,80.0,132.0,128.0,147.0,56.0,142.0,147.0,152.0,132.0,160.0,19.0,94.0
6.0,130.0,126.0,0.0,0.0,0.0,64.0,140.0,28.0,133.0,1.0,148.0,128.0,109.0,9.0,153.0,133.0,161.0,67.0,95.0
6.0,131.0,109.0,0.0,0.0,0.0,10.0,116.0,33.0,134.0,179.0,149.0,158.0,143.0,59.0,154.0,134.0,116.0,13.0,96.0
6.0,129.0,127.0,0.0,0.0,0.0,27.0,85.0,81.0,135.0,180.0,140.0,63.0,144.0,148.0,155.0,135.0,162.0,13.0,97.0
6.0,93.0,128.0,0.0,0.0,0.0,26.0,95.0,44.0,26.0,181.0,150.0,162.0,145.0,128.0,156.0,136.0,107.0,27.0,98.0
6.0,132.0,129.0,0.0,0.0,0.0,65.0,141.0,82.0,136.0,182.0,144.0,3.0,103.0,24.0,146.0,137.0,163.0,54.0,99.0
6.0,133.0,130.0,0.0,0.0,0.0,65.0,142.0,66.0,137.0,27.0,151.0,163.0,146.0,62.0,157.0,138.0,12.0,5.0,100.0
6.0,134.0,131.0,0.0,1.0,0.0,66.0,143.0,28.0,138.0,183.0,152.0,164.0,147.0,124.0,158.0,139.0,164.0,51.0,101.0
6.0,135.0,132.0,0.0,0.0,0.0,67.0,29.0,43.0,139.0,179.0,152.0,165.0,148.0,149.0,159.0,140.0,165.0,7.0,102.0
6.0,136.0,115.0,0.0,0.0,0.0,23.0,54.0,9.0,140.0,184.0,153.0,166.0,16.0,150.0,160.0,141.0,166.0,51.0,103.0
6.0,132.0,101.0,0.0,0.0,0.0,13.0,144.0,19.0,22.0,185.0,147.0,72.0,103.0,70.0,161.0,133.0,163.0,1.0,104.0
6.0,41.0,133.0,0.0,1.0,0.0,63.0,145.0,78.0,73.0,186.0,154.0,113.0,105.0,151.0,146.0,142.0,167.0,59.0,105.0
6.0,137.0,110.0,0.0,1.0,0.0,24.0,56.0,75.0,141.0,187.0,155.0,167.0,149.0,84.0,162.0,137.0,168.0,52.0,101.0
6.0,52.0,134.0,0.0,0.0,0.0,16.0,41.0,19.0,78.0,188.0,156.0,73.0,150.0,152.0,163.0,143.0,169.0,52.0,106.0
6.0,134.0,135.0,0.0,0.0,0.0,2.0,5.0,25.0,10.0,189.0,157.0,168.0,8.0,18.0,164.0,144.0,170.0,10.0,107.0
6.0,138.0,110.0,0.0,0.0,0.0,4.0,37.0,32.0,142.0,190.0,106.0,169.0,151.0,153.0,149.0,145.0,171.0,1.0,108.0
6.0,59.0,136.0,0.0,1.0,0.0,40.0,146.0,78.0,85.0,191.0,113.0,170.0,18.0,106.0,165.0,146.0,172.0,59.0,109.0
6.0,103.0,137.0,0.0,0.0,0.0,67.0,147.0,22.0,90.0,192.0,142.0,171.0,152.0,154.0,166.0,147.0,173.0,8.0,110.0
6.0,86.0,133.0,0.0,0.0,0.0,41.0,148.0,83.0,143.0,193.0,158.0,172.0,153.0,151.0,2.0,148.0,168.0,66.0,111.0
6.0,90.0,138.0,0.0,1.0,0.0,20.0,149.0,5.0,144.0,194.0,141.0,173.0,149.0,155.0,156.0,149.0,168.0,13.0,112.0
6.0,99.0,107.0,0.0,0.0,0.0,2.0,150.0,12.0,145.0,195.0,159.0,174.0,10.0,12.0,167.0,150.0,174.0,59.0,113.0