0.0,0.0,0.0,0.0,0.0,0.0,0.0,0.0,0.0,0.0,0.0,0.0
1.0,1.0,0.0,1.0,1.0,1.0,1.0,1.0,1.0,1.0,1.0,0.0
1.0,2.0,1.0,2.0,2.0,2.0,2.0,1.0,2.0,2.0,1.0,0.0
2.0,3.0,2.0,0.0,0.0,3.0,3.0,0.0,3.0,3.0,1.0,1.0
0.0,0.0,0.0,0.0,0.0,0.0,0.0,0.0,0.0,0.0,0.0,0.0
0.0,4.0,0.0,3.0,0.0,4.0,4.0,0.0,0.0,0.0,0.0,0.0
3.0,5.0,3.0,4.0,3.0,2.0,5.0,2.0,4.0,4.0,0.0,0.0
4.0,6.0,0.0,5.0,3.0,2.0,6.0,3.0,5.0,5.0,2.0,2.0
1.0,7.0,4.0,6.0,3.0,5.0,7.0,1.0,6.0,6.0,3.0,2.0
5.0,8.0,5.0,7.0,3.0,3.0,8.0,0.0,7.0,7.0,4.0,0.0
6.0,7.0,6.0,3.0,1.0,2.0,9.0,2.0,8.0,8.0,5.0,0.0
5.0,8.0,5.0,7.0,3.0,3.0,8.0,0.0,7.0,7.0,4.0,0.0
7.0,9.0,0.0,4.0,2.0,6.0,5.0,4.0,9.0,9.0,6.0,0.0
1.0,10.0,7.0,4.0,4.0,5.0,10.0,1.0,2.0,10.0,7.0,0.0
8.0,9.0,8.0,8.0,5.0,7.0,11.0,5.0,3.0,11.0,5.0,0.0
8.0,9.0,9.0,9.0,6.0,8.0,12.0,5.0,10.0,12.0,5.0,0.0
9.0,3.0,2.0,3.0,2.0,9.0,13.0,1.0,4.0,13.0,4.0,2.0
10.0,11.0,10.0,10.0,7.0,6.0,14.0,1.0,11.0,14.0,8.0,0.0
0.0,12.0,6.0,11.0,2.0,10.0,10.0,1.0,12.0,15.0,9.0,3.0
3.0,13.0,11.0,3.0,8.0,3.0,14.0,1.0,13.0,16.0,5.0,1.0
8.0,14.0,12.0,3.0,0.0,11.0,3.0,1.0,5.0,17.0,0.0,1.0
11.0,15.0,13.0,2.0,0.0,12.0,15.0,0.0,14.0,2.0,10.0,0.0
3.0,16.0,14.0,4.0,4.0,13.0,16.0,1.0,10.0,18.0,3.0,0.0
9.0,17.0,15.0,2.0,0.0,5.0,1.0,1.0,10.0,17.0,0.0,0.0
12.0,18.0,16.0,12.0,2.0,14.0,4.0,1.0,15.0,19.0,10.0,1.0
13.0,15.0,17.0,13.0,0.0,0.0,17.0,2.0,16.0,0.0,8.0,0.0
11.0,19.0,18.0,3.0,0.0,15.0,18.0,2.0,8.0,20.0,3.0,0.0
3.0,16.0,14.0,4.0,4.0,13.0,16.0,1.0,10.0,18.0,3.0,0.0
14.0,20.0,0.0,0.0,0.0,16.0,19.0,1.0,17.0,21.0,0.0,0.0
1.0,6.0,0.0,6.0,0.0,17.0,20.0,2.0,12.0,20.0,1.0,1.0
6.0,21.0,19.0,12.0,2.0,3.0,21.0,2.0,7.0,8.0,11.0,0.0
12.0,22.0,0.0,14.0,4.0,18.0,16.0,1.0,18.0,6.0,12.0,1.0
15.0,4.0,20.0,2.0,0.0,2.0,22.0,1.0,10.0,22.0,1.0,0.0
12.0,10.0,20.0,15.0,3.0,19.0,23.0,5.0,19.0,9.0,0.0,1.0
16.0,13.0,21.0,3.0,1.0,4.0,24.0,2.0,12.0,21.0,5.0,0.0
1.0,6.0,0.0,16.0,2.0,20.0,7.0,5.0,20.0,21.0,13.0,1.0
1.0,5.0,16.0,12.0,2.0,21.0,25.0,0.0,21.0,23.0,14.0,1.0
10.0,23.0,10.0,17.0,3.0,4.0,26.0,1.0,22.0,24.0,10.0,2.0
17.0,24.0,22.0,18.0,6.0,22.0,27.0,4.0,23.0,25.0,1.0,3.0
4.0,25.0,5.0,19.0,3.0,23.0,28.0,0.0,24.0,26.0,4.0,0.0
4.0,25.0,5.0,19.0,3.0,23.0,28.0,0.0,24.0,26.0,4.0,0.0
18.0,10.0,23.0,20.0,2.0,3.0,29.0,0.0,2.0,27.0,8.0,3.0
5.0,17.0,24.0,1.0,9.0,17.0,30.0,1.0,25.0,28.0,4.0,1.0
10.0,4.0,25.0,21.0,3.0,5.0,17.0,1.0,4.0,29.0,15.0,0.0
19.0,26.0,4.0,3.0,10.0,20.0,18.0,2.0,26.0,9.0,3.0,0.0
20.0,27.0,26.0,17.0,10.0,17.0,9.0,6.0,27.0,0.0,16.0,3.0
21.0,28.0,27.0,21.0,4.0,18.0,31.0,1.0,28.0,24.0,5.0,0.0
22.0,29.0,28.0,4.0,4.0,23.0,16.0,1.0,28.0,3.0,3.0,0.0
23.0,18.0,29.0,4.0,3.0,20.0,32.0,2.0,16.0,0.0,5.0,0.0
7.0,30.0,30.0,13.0,3.0,23.0,33.0,3.0,29.0,3.0,5.0,0.0
18.0,4.0,31.0,10.0,3.0,15.0,17.0,1.0,30.0,30.0,5.0,0.0
24.0,27.0,1.0,21.0,3.0,17.0,25.0,2.0,20.0,19.0,0.0,1.0
24.0,8.0,1.0,17.0,3.0,10.0,30.0,2.0,5.0,31.0,0.0,1.0
25.0,23.0,5.0,22.0,0.0,24.0,34.0,1.0,1.0,0.0,0.0,0.0
11.0,31.0,26.0,20.0,4.0,25.0,35.0,2.0,10.0,19.0,17.0,1.0
21.0,9.0,1.0,8.0,0.0,1.0,36.0,0.0,16.0,17.0,3.0,0.0
26.0,32.0,32.0,23.0,3.0,15.0,37.0,1.0,13.0,19.0,13.0,0.0
5.0,33.0,20.0,24.0,4.0,26.0,38.0,0.0,2.0,32.0,0.0,0.0
1.0,12.0,8.0,2.0,0.0,3.0,2.0,0.0,15.0,20.0,2.0,0.0
4.0,15.0,13.0,12.0,3.0,5.0,29.0,2.0,31.0,8.0,0.0,1.0
18.0,18.0,33.0,21.0,0.0,27.0,39.0,0.0,32.0,31.0,5.0,0.0
21.0,22.0,34.0,3.0,11.0,28.0,40.0,1.0,25.0,33.0,8.0,0.0
5.0,27.0,17.0,0.0,2.0,23.0,19.0,1.0,12.0,34.0,3.0,2.0
27.0,34.0,35.0,6.0,0.0,4.0,2.0,1.0,5.0,6.0,1.0,0.0
28.0,35.0,35.0,25.0,2.0,15.0,18.0,2.0,31.0,35.0,18.0,0.0
28.0,35.0,35.0,25.0,2.0,15.0,18.0,2.0,31.0,35.0,18.0,0.0
5.0,27.0,15.0,18.0,0.0,0.0,41.0,1.0,21.0,3.0,13.0,0.0
24.0,20.0,19.0,4.0,0.0,10.0,25.0,2.0,32.0,3.0,19.0,0.0
29.0,13.0,32.0,6.0,3.0,29.0,9.0,1.0,8.0,36.0,19.0,0.0
30.0,20.0,35.0,0.0,3.0,17.0,27.0,2.0,16.0,37.0,4.0,1.0
21.0,33.0,6.0,0.0,0.0,2.0,42.0,1.0,29.0,8.0,3.0,1.0
21.0,26.0,29.0,17.0,2.0,3.0,33.0,2.0,29.0,25.0,3.0,0.0
21.0,22.0,25.0,0.0,0.0,30.0,43.0,2.0,33.0,25.0,3.0,0.0
15.0,21.0,31.0,17.0,0.0,0.0,44.0,0.0,33.0,17.0,5.0,3.0
31.0,13.0,36.0,14.0,2.0,31.0,23.0,0.0,8.0,38.0,13.0,0.0
18.0,19.0,37.0,21.0,2.0,5.0,45.0,5.0,34.0,22.0,4.0,0.0
18.0,19.0,37.0,21.0,2.0,5.0,45.0,5.0,34.0,22.0,4.0,0.0
19.0,36.0,0.0,12.0,1.0,16.0,26.0,1.0,14.0,21.0,19.0,1.0
6.0,37.0,20.0,6.0,2.0,23.0,46.0,2.0,12.0,9.0,11.0,0.0
15.0,33.0,24.0,18.0,0.0,29.0,34.0,1.0,3.0,39.0,7.0,3.0
32.0,25.0,24.0,4.0,3.0,21.0,25.0,2.0,31.0,0.0,5.0,0.0
1.0,16.0,38.0,0.0,12.0,18.0,1.0,1.0,35.0,14.0,0.0,0.0
0.0,8.0,39.0,6.0,2.0,14.0,35.0,1.0,6.0,6.0,7.0,0.0
4.0,26.0,31.0,3.0,13.0,6.0,47.0,1.0,3.0,40.0,0.0,0.0
13.0,38.0,12.0,3.0,3.0,30.0,48.0,2.0,32.0,41.0,15.0,1.0
12.0,39.0,26.0,21.0,0.0,27.0,4.0,2.0,31.0,20.0,11.0,0.0
25.0,17.0,10.0,0.0,4.0,28.0,49.0,1.0,36.0,42.0,6.0,1.0
21.0,17.0,31.0,0.0,14.0,5.0,50.0,1.0,5.0,31.0,13.0,0.0
29.0,15.0,40.0,17.0,4.0,32.0,51.0,0.0,37.0,43.0,3.0,0.0
27.0,9.0,6.0,3.0,0.0,17.0,52.0,0.0,26.0,17.0,9.0,0.0
3.0,27.0,31.0,0.0,0.0,33.0,53.0,2.0,22.0,8.0,3.0,0.0
25.0,17.0,10.0,0.0,4.0,28.0,49.0,1.0,36.0,42.0,6.0,1.0
25.0,17.0,7.0,6.0,4.0,27.0,54.0,1.0,36.0,44.0,1.0,0.0
21.0,17.0,31.0,0.0,14.0,5.0,50.0,1.0,5.0,31.0,13.0,0.0
33.0,40.0,1.0,13.0,10.0,34.0,55.0,4.0,38.0,25.0,4.0,3.0
34.0,5.0,41.0,2.0,14.0,3.0,56.0,6.0,39.0,23.0,20.0,1.0
19.0,41.0,0.0,22.0,1.0,17.0,17.0,1.0,19.0,0.0,19.0,0.0
27.0,8.0,21.0,6.0,3.0,21.0,57.0,2.0,28.0,19.0,5.0,0.0
11.0,42.0,3.0,14.0,0.0,20.0,37.0,1.0,5.0,0.0,1.0,0.0
10.0,39.0,8.0,0.0,0.0,4.0,19.0,1.0,4.0,20.0,9.0,1.0
15.0,10.0,23.0,17.0,0.0,0.0,24.0,1.0,20.0,45.0,17.0,1.0
1.0,8.0,23.0,0.0,0.0,17.0,57.0,2.0,33.0,0.0,21.0,1.0
10.0,39.0,8.0,0.0,0.0,4.0,19.0,1.0,4.0,20.0,9.0,1.0
10.0,43.0,25.0,17.0,0.0,23.0,9.0,1.0,40.0,27.0,5.0,0.0
28.0,17.0,18.0,21.0,3.0,20.0,58.0,2.0,24.0,25.0,0.0,0.0
10.0,43.0,25.0,17.0,0.0,23.0,9.0,1.0,40.0,27.0,5.0,0.0
1.0,19.0,42.0,10.0,15.0,30.0,59.0,1.0,41.0,46.0,8.0,0.0
32.0,33.0,13.0,10.0,2.0,2.0,60.0,1.0,18.0,36.0,8.0,0.0
30.0,44.0,43.0,14.0,2.0,30.0,46.0,0.0,42.0,7.0,13.0,1.0
10.0,36.0,28.0,6.0,11.0,35.0,61.0,1.0,25.0,47.0,8.0,0.0
1.0,11.0,9.0,3.0,1.0,23.0,62.0,2.0,43.0,12.0,3.0,0.0
35.0,9.0,22.0,21.0,0.0,0.0,63.0,2.0,30.0,22.0,1.0,0.0
35.0,5.0,44.0,21.0,2.0,16.0,64.0,2.0,30.0,22.0,1.0,0.0
36.0,30.0,40.0,2.0,0.0,18.0,29.0,5.0,29.0,48.0,10.0,1.0
1.0,11.0,9.0,3.0,1.0,23.0,62.0,2.0,43.0,12.0,3.0,0.0
37.0,18.0,13.0,21.0,2.0,4.0,65.0,1.0,44.0,19.0,4.0,1.0
15.0,45.0,10.0,0.0,0.0,0.0,4.0,0.0,5.0,45.0,2.0,1.0
1.0,11.0,20.0,6.0,0.0,22.0,66.0,1.0,42.0,15.0,0.0,1.0
18.0,39.0,1.0,21.0,11.0,16.0,14.0,2.0,25.0,23.0,18.0,1.0
27.0,22.0,6.0,3.0,1.0,18.0,67.0,2.0,16.0,8.0,5.0,1.0
4.0,46.0,22.0,10.0,5.0,13.0,67.0,2.0,4.0,6.0,9.0,0.0
18.0,39.0,1.0,21.0,11.0,16.0,14.0,2.0,25.0,23.0,18.0,1.0
4.0,0.0,0.0,14.0,0.0,21.0,68.0,0.0,45.0,9.0,5.0,0.0
30.0,20.0,0.0,1.0,0.0,0.0,0.0,0.0,32.0,17.0,3.0,0.0
1.0,8.0,41.0,4.0,0.0,14.0,8.0,2.0,5.0,25.0,3.0,0.0
38.0,9.0,1.0,0.0,16.0,29.0,69.0,0.0,3.0,49.0,0.0,0.0
39.0,47.0,0.0,10.0,0.0,21.0,32.0,2.0,46.0,50.0,18.0,0.0
10.0,47.0,0.0,3.0,0.0,21.0,32.0,2.0,34.0,25.0,18.0,0.0
30.0,12.0,17.0,3.0,3.0,21.0,20.0,2.0,21.0,51.0,4.0,2.0
40.0,23.0,26.0,3.0,3.0,10.0,27.0,2.0,21.0,6.0,0.0,0.0
30.0,37.0,2.0,6.0,11.0,24.0,70.0,1.0,47.0,22.0,0.0,0.0
7.0,8.0,22.0,2.0,10.0,3.0,71.0,4.0,48.0,19.0,22.0,0.0
7.0,8.0,22.0,2.0,10.0,3.0,71.0,4.0,48.0,19.0,22.0,0.0
24.0,8.0,45.0,18.0,14.0,3.0,72.0,3.0,20.0,3.0,1.0,1.0
3.0,48.0,35.0,21.0,0.0,4.0,10.0,2.0,49.0,21.0,6.0,1.0
35.0,37.0,15.0,0.0,2.0,6.0,73.0,1.0,43.0,38.0,13.0,0.0
15.0,49.0,26.0,3.0,2.0,13.0,39.0,1.0,22.0,32.0,3.0,0.0
28.0,32.0,5.0,6.0,0.0,4.0,36.0,1.0,26.0,31.0,5.0,0.0
1.0,11.0,9.0,17.0,0.0,2.0,74.0,2.0,24.0,8.0,3.0,0.0
1.0,11.0,9.0,6.0,0.0,3.0,63.0,2.0,29.0,8.0,3.0,0.0
35.0,37.0,15.0,0.0,2.0,6.0,73.0,1.0,43.0,38.0,13.0,0.0
15.0,49.0,26.0,3.0,2.0,13.0,39.0,1.0,22.0,32.0,3.0,0.0
16.0,50.0,0.0,3.0,10.0,29.0,73.0,7.0,50.0,36.0,23.0,1.0
13.0,15.0,6.0,10.0,3.0,21.0,75.0,3.0,16.0,3.0,0.0,0.0
16.0,50.0,0.0,3.0,10.0,29.0,73.0,7.0,50.0,36.0,23.0,1.0
10.0,26.0,46.0,3.0,11.0,36.0,76.0,1.0,10.0,34.0,0.0,0.0
41.0,21.0,4.0,3.0,2.0,14.0,43.0,4.0,34.0,9.0,2.0,0.0
11.0,17.0,31.0,4.0,17.0,13.0,77.0,1.0,11.0,7.0,8.0,0.0
12.0,17.0,44.0,2.0,3.0,23.0,26.0,2.0,21.0,3.0,17.0,1.0
39.0,18.0,40.0,20.0,2.0,0.0,44.0,0.0,46.0,45.0,4.0,1.0
4.0,44.0,39.0,17.0,0.0,20.0,18.0,2.0,24.0,17.0,15.0,1.0
42.0,27.0,47.0,23.0,18.0,36.0,59.0,8.0,51.0,52.0,0.0,3.0
5.0,5.0,48.0,3.0,1.0,1.0,71.0,3.0,7.0,8.0,11.0,0.0
5.0,5.0,48.0,3.0,1.0,1.0,71.0,3.0,7.0,8.0,11.0,0.0
14.0,16.0,49.0,16.0,3.0,11.0,78.0,1.0,21.0,53.0,4.0,0.0
14.0,16.0,49.0,16.0,3.0,31.0,79.0,1.0,21.0,33.0,4.0,0.0
14.0,16.0,49.0,16.0,3.0,11.0,78.0,1.0,21.0,53.0,4.0,0.0
14.0,16.0,49.0,16.0,3.0,31.0,79.0,1.0,21.0,33.0,4.0,0.0
14.0,21.0,0.0,21.0,3.0,23.0,57.0,1.0,26.0,15.0,8.0,0.0
19.0,5.0,8.0,0.0,0.0,30.0,80.0,1.0,52.0,6.0,8.0,1.0
11.0,51.0,48.0,6.0,2.0,22.0,75.0,2.0,1.0,0.0,13.0,0.0
11.0,21.0,4.0,26.0,3.0,5.0,75.0,1.0,10.0,16.0,5.0,3.0
1.0,52.0,1.0,10.0,0.0,3.0,50.0,2.0,24.0,0.0,2.0,1.0
0.0,5.0,31.0,27.0,3.0,37.0,81.0,0.0,42.0,50.0,0.0,0.0
4.0,12.0,31.0,28.0,3.0,9.0,81.0,0.0,42.0,50.0,0.0,0.0
1.0,33.0,12.0,10.0,1.0,16.0,33.0,2.0,43.0,34.0,3.0,0.0
19.0,53.0,44.0,17.0,2.0,30.0,82.0,2.0,16.0,9.0,17.0,0.0
4.0,39.0,48.0,4.0,3.0,3.0,45.0,2.0,42.0,25.0,9.0,3.0
19.0,33.0,19.0,17.0,2.0,0.0,83.0,3.0,17.0,21.0,21.0,1.0
5.0,20.0,18.0,3.0,19.0,2.0,73.0,2.0,53.0,54.0,3.0,0.0
3.0,54.0,48.0,3.0,14.0,15.0,84.0,1.0,6.0,55.0,7.0,3.0
30.0,32.0,41.0,6.0,3.0,10.0,7.0,1.0,40.0,45.0,5.0,1.0
30.0,32.0,41.0,6.0,3.0,10.0,7.0,1.0,40.0,45.0,5.0,1.0
0.0,9.0,35.0,0.0,3.0,38.0,45.0,2.0,21.0,6.0,24.0,1.0
4.0,23.0,14.0,6.0,0.0,22.0,19.0,2.0,24.0,5.0,3.0,0.0
12.0,8.0,1.0,18.0,2.0,27.0,85.0,2.0,7.0,41.0,3.0,0.0
4.0,23.0,14.0,6.0,0.0,22.0,19.0,2.0,24.0,5.0,3.0,0.0
5.0,27.0,49.0,2.0,2.0,17.0,86.0,1.0,9.0,45.0,4.0,1.0
27.0,55.0,0.0,14.0,3.0,22.0,75.0,1.0,26.0,0.0,13.0,0.0
18.0,10.0,16.0,12.0,3.0,13.0,45.0,1.0,43.0,20.0,3.0,0.0
18.0,10.0,16.0,12.0,3.0,13.0,45.0,1.0,43.0,20.0,3.0,0.0
8.0,10.0,34.0,6.0,20.0,12.0,38.0,1.0,54.0,56.0,8.0,0.0
28.0,35.0,4.0,14.0,0.0,6.0,45.0,1.0,32.0,9.0,8.0,0.0
19.0,10.0,24.0,3.0,0.0,0.0,9.0,1.0,34.0,3.0,8.0,0.0
6.0,9.0,14.0,0.0,0.0,17.0,65.0,1.0,14.0,3.0,8.0,1.0
8.0,30.0,32.0,6.0,4.0,39.0,55.0,1.0,2.0,17.0,10.0,0.0
0.0,15.0,12.0,6.0,0.0,16.0,1.0,1.0,16.0,21.0,5.0,0.0
21.0,20.0,44.0,1.0,0.0,5.0,72.0,0.0,5.0,50.0,10.0,0.0
3.0,8.0,50.0,6.0,0.0,2.0,87.0,1.0,1.0,21.0,3.0,0.0
3.0,17.0,51.0,0.0,0.0,3.0,88.0,1.0,1.0,21.0,3.0,0.0
39.0,8.0,52.0,29.0,0.0,14.0,89.0,0.0,22.0,34.0,0.0,0.0
23.0,56.0,21.0,0.0,3.0,14.0,85.0,1.0,55.0,34.0,1.0,1.0
19.0,33.0,20.0,8.0,1.0,6.0,90.0,1.0,8.0,45.0,3.0,0.0
11.0,39.0,14.0,21.0,3.0,22.0,66.0,2.0,8.0,21.0,10.0,0.0
11.0,39.0,14.0,21.0,3.0,22.0,66.0,2.0,8.0,21.0,10.0,0.0
1.0,12.0,50.0,6.0,3.0,38.0,91.0,1.0,28.0,8.0,0.0,0.0
4.0,7.0,23.0,12.0,3.0,2.0,92.0,1.0,18.0,20.0,17.0,0.0
43.0,38.0,53.0,6.0,3.0,23.0,42.0,0.0,11.0,57.0,11.0,1.0
44.0,57.0,6.0,5.0,10.0,4.0,93.0,7.0,55.0,58.0,22.0,2.0
12.0,58.0,3.0,17.0,14.0,23.0,50.0,3.0,0.0,59.0,25.0,3.0
45.0,13.0,39.0,13.0,14.0,5.0,52.0,1.0,49.0,38.0,15.0,2.0
18.0,56.0,12.0,17.0,1.0,40.0,11.0,0.0,13.0,60.0,8.0,0.0
19.0,8.0,15.0,18.0,0.0,6.0,85.0,3.0,6.0,36.0,3.0,0.0
27.0,32.0,52.0,4.0,2.0,6.0,41.0,2.0,16.0,21.0,5.0,0.0
27.0,16.0,5.0,4.0,2.0,16.0,16.0,2.0,16.0,0.0,5.0,1.0
46.0,38.0,54.0,1.0,1.0,5.0,66.0,5.0,1.0,32.0,14.0,2.0
46.0,38.0,54.0,1.0,1.0,5.0,66.0,5.0,1.0,32.0,14.0,2.0
1.0,43.0,13.0,3.0,3.0,39.0,91.0,2.0,40.0,17.0,8.0,0.0
1.0,59.0,10.0,30.0,1.0,30.0,94.0,1.0,49.0,48.0,0.0,0.0
47.0,38.0,55.0,17.0,10.0,22.0,27.0,0.0,33.0,11.0,4.0,2.0
31.0,52.0,53.0,6.0,21.0,20.0,27.0,2.0,4.0,61.0,26.0,1.0
30.0,35.0,18.0,20.0,0.0,13.0,65.0,1.0,7.0,0.0,2.0,1.0
48.0,59.0,37.0,17.0,14.0,20.0,25.0,0.0,25.0,48.0,17.0,1.0
39.0,43.0,31.0,21.0,14.0,31.0,9.0,2.0,4.0,59.0,11.0,0.0
1.0,34.0,6.0,12.0,2.0,13.0,95.0,1.0,47.0,33.0,1.0,1.0
27.0,17.0,34.0,31.0,14.0,39.0,81.0,1.0,16.0,62.0,4.0,0.0
22.0,33.0,17.0,6.0,1.0,4.0,85.0,2.0,37.0,6.0,27.0,0.0
10.0,35.0,25.0,21.0,3.0,0.0,95.0,1.0,6.0,21.0,7.0,0.0
5.0,17.0,9.0,0.0,0.0,13.0,83.0,2.0,5.0,8.0,10.0,0.0
1.0,52.0,50.0,12.0,0.0,38.0,88.0,1.0,4.0,23.0,3.0,0.0
1.0,50.0,30.0,6.0,0.0,38.0,96.0,2.0,16.0,20.0,0.0,1.0
0.0,52.0,31.0,6.0,1.0,6.0,97.0,2.0,30.0,6.0,0.0,0.0
19.0,10.0,1.0,18.0,14.0,20.0,37.0,3.0,21.0,23.0,3.0,0.0
25.0,6.0,21.0,6.0,0.0,17.0,66.0,0.0,8.0,23.0,2.0,1.0
35.0,53.0,5.0,6.0,2.0,2.0,92.0,1.0,33.0,6.0,21.0,3.0
21.0,16.0,21.0,1.0,3.0,11.0,73.0,2.0,42.0,3.0,4.0,1.0
8.0,12.0,56.0,6.0,8.0,29.0,98.0,2.0,13.0,63.0,3.0,1.0
38.0,60.0,16.0,1.0,2.0,5.0,17.0,0.0,5.0,19.0,1.0,0.0
21.0,16.0,21.0,1.0,3.0,11.0,73.0,2.0,42.0,3.0,4.0,1.0
12.0,27.0,21.0,1.0,0.0,13.0,16.0,1.0,18.0,15.0,27.0,0.0
16.0,61.0,1.0,4.0,10.0,27.0,56.0,6.0,34.0,34.0,28.0,2.0
30.0,23.0,3.0,3.0,0.0,23.0,85.0,2.0,42.0,9.0,6.0,1.0
9.0,56.0,24.0,20.0,2.0,30.0,96.0,0.0,16.0,49.0,13.0,1.0
12.0,27.0,21.0,1.0,0.0,13.0,16.0,1.0,18.0,15.0,27.0,0.0
39.0,62.0,22.0,2.0,3.0,22.0,16.0,1.0,29.0,21.0,9.0,1.0
28.0,33.0,0.0,0.0,1.0,16.0,86.0,1.0,42.0,3.0,9.0,1.0
28.0,33.0,0.0,0.0,1.0,16.0,86.0,1.0,42.0,3.0,9.0,1.0
28.0,6.0,0.0,0.0,1.0,2.0,41.0,1.0,42.0,3.0,5.0,1.0
28.0,33.0,0.0,0.0,1.0,16.0,86.0,1.0,42.0,3.0,9.0,1.0
39.0,62.0,22.0,2.0,3.0,22.0,16.0,1.0,29.0,21.0,9.0,1.0
8.0,53.0,30.0,10.0,22.0,20.0,65.0,1.0,53.0,64.0,8.0,0.0
49.0,23.0,2.0,17.0,2.0,10.0,52.0,5.0,37.0,33.0,18.0,1.0
21.0,7.0,44.0,3.0,1.0,31.0,99.0,2.0,41.0,50.0,1.0,1.0
50.0,63.0,40.0,21.0,0.0,13.0,52.0,8.0,44.0,65.0,5.0,2.0
50.0,63.0,40.0,21.0,0.0,13.0,52.0,8.0,44.0,65.0,5.0,2.0
4.0,4.0,0.0,6.0,0.0,10.0,17.0,0.0,56.0,66.0,6.0,1.0
14.0,21.0,19.0,0.0,0.0,6.0,47.0,1.0,12.0,9.0,3.0,0.0
39.0,5.0,41.0,2.0,3.0,0.0,35.0,2.0,1.0,67.0,8.0,0.0
21.0,52.0,3.0,10.0,3.0,5.0,41.0,2.0,7.0,25.0,1.0,1.0
4.0,4.0,0.0,6.0,0.0,10.0,17.0,0.0,56.0,66.0,6.0,1.0
51.0,13.0,40.0,4.0,14.0,6.0,16.0,5.0,49.0,41.0,2.0,1.0
14.0,5.0,0.0,3.0,3.0,6.0,0.0,1.0,17.0,49.0,6.0,1.0
52.0,64.0,12.0,32.0,2.0,20.0,6.0,5.0,10.0,17.0,4.0,0.0
21.0,41.0,49.0,0.0,2.0,17.0,80.0,2.0,22.0,20.0,3.0,0.0
14.0,5.0,0.0,3.0,3.0,6.0,0.0,1.0,17.0,49.0,6.0,1.0
30.0,43.0,29.0,33.0,3.0,3.0,34.0,1.0,2.0,6.0,8.0,0.0
37.0,50.0,30.0,21.0,0.0,20.0,68.0,0.0,49.0,34.0,5.0,0.0
24.0,0.0,0.0,17.0,0.0,23.0,14.0,1.0,45.0,48.0,5.0,0.0
21.0,19.0,57.0,3.0,18.0,17.0,36.0,1.0,57.0,68.0,0.0,0.0
53.0,30.0,39.0,1.0,2.0,16.0,100.0,8.0,6.0,7.0,4.0,2.0
3.0,44.0,29.0,10.0,0.0,30.0,36.0,2.0,40.0,2.0,8.0,0.0
27.0,65.0,1.0,6.0,2.0,23.0,1.0,2.0,7.0,23.0,0.0,3.0
30.0,27.0,48.0,10.0,3.0,13.0,19.0,2.0,16.0,6.0,2.0,0.0
3.0,56.0,29.0,3.0,0.0,12.0,85.0,2.0,8.0,48.0,8.0,0.0
54.0,11.0,34.0,12.0,14.0,20.0,42.0,8.0,41.0,69.0,18.0,0.0
55.0,66.0,28.0,3.0,3.0,10.0,37.0,1.0,1.0,53.0,17.0,2.0
10.0,67.0,0.0,34.0,1.0,39.0,48.0,8.0,58.0,53.0,1.0,3.0
3.0,64.0,58.0,35.0,0.0,2.0,16.0,1.0,7.0,61.0,29.0,4.0
12.0,45.0,1.0,22.0,0.0,22.0,42.0,5.0,59.0,18.0,0.0,1.0
43.0,68.0,11.0,36.0,1.0,15.0,17.0,8.0,8.0,57.0,11.0,1.0
3.0,39.0,3.0,36.0,2.0,29.0,48.0,1.0,6.0,48.0,19.0,1.0
43.0,68.0,11.0,36.0,1.0,15.0,17.0,8.0,8.0,57.0,11.0,1.0
56.0,56.0,55.0,36.0,3.0,3.0,9.0,5.0,49.0,41.0,11.0,0.0
35.0,49.0,24.0,12.0,0.0,13.0,86.0,1.0,33.0,31.0,0.0,0.0
5.0,6.0,8.0,37.0,2.0,29.0,43.0,5.0,12.0,32.0,0.0,0.0
3.0,39.0,3.0,36.0,2.0,29.0,48.0,1.0,6.0,48.0,19.0,1.0
12.0,45.0,1.0,22.0,0.0,22.0,42.0,5.0,59.0,18.0,0.0,1.0
43.0,68.0,11.0,36.0,1.0,15.0,17.0,8.0,8.0,57.0,11.0,1.0
57.0,13.0,59.0,38.0,3.0,20.0,68.0,0.0,22.0,38.0,30.0,4.0
8.0,18.0,51.0,31.0,2.0,13.0,62.0,5.0,12.0,32.0,4.0,2.0
58.0,66.0,40.0,35.0,3.0,10.0,27.0,5.0,54.0,38.0,8.0,1.0
21.0,69.0,42.0,39.0,19.0,20.0,37.0,1.0,28.0,16.0,6.0,2.0
11.0,27.0,20.0,22.0,3.0,23.0,101.0,1.0,6.0,6.0,7.0,0.0
8.0,18.0,51.0,31.0,2.0,13.0,62.0,5.0,12.0,32.0,4.0,2.0
59.0,12.0,19.0,23.0,1.0,36.0,15.0,8.0,33.0,33.0,1.0,0.0
59.0,12.0,19.0,23.0,1.0,36.0,15.0,8.0,33.0,33.0,1.0,0.0
49.0,25.0,46.0,6.0,3.0,1.0,85.0,8.0,60.0,62.0,15.0,1.0
5.0,18.0,20.0,22.0,2.0,11.0,101.0,1.0,42.0,49.0,15.0,1.0
22.0,27.0,22.0,14.0,2.0,28.0,85.0,0.0,16.0,61.0,12.0,2.0
48.0,32.0,43.0,34.0,4.0,25.0,102.0,9.0,1.0,37.0,5.0,0.0
22.0,27.0,22.0,14.0,2.0,28.0,85.0,0.0,16.0,61.0,12.0,2.0
47.0,70.0,12.0,6.0,8.0,10.0,7.0,0.0,4.0,33.0,4.0,0.0
60.0,39.0,29.0,30.0,2.0,30.0,103.0,5.0,49.0,31.0,15.0,1.0
12.0,71.0,21.0,12.0,1.0,20.0,20.0,2.0,31.0,23.0,11.0,1.0
61.0,50.0,28.0,33.0,2.0,3.0,101.0,9.0,61.0,70.0,3.0,1.0
51.0,8.0,58.0,14.0,3.0,20.0,42.0,8.0,61.0,31.0,3.0,0.0
62.0,72.0,30.0,1.0,2.0,39.0,104.0,0.0,3.0,9.0,6.0,0.0
14.0,33.0,3.0,6.0,0.0,17.0,10.0,5.0,62.0,24.0,13.0,0.0
28.0,6.0,4.0,2.0,2.0,20.0,50.0,5.0,62.0,7.0,10.0,0.0
12.0,26.0,3.0,17.0,0.0,17.0,100.0,0.0,50.0,33.0,13.0,0.0
5.0,52.0,3.0,1.0,2.0,28.0,83.0,1.0,12.0,20.0,19.0,1.0
52.0,68.0,12.0,18.0,3.0,22.0,25.0,1.0,49.0,31.0,11.0,1.0
15.0,20.0,20.0,1.0,2.0,23.0,66.0,5.0,0.0,53.0,2.0,0.0
0.0,26.0,20.0,4.0,23.0,20.0,6.0,2.0,5.0,8.0,3.0,0.0
35.0,6.0,53.0,17.0,4.0,23.0,69.0,1.0,1.0,9.0,5.0,0.0
57.0,52.0,12.0,14.0,14.0,10.0,105.0,8.0,54.0,20.0,8.0,1.0
11.0,9.0,51.0,21.0,0.0,22.0,2.0,1.0,6.0,9.0,0.0,0.0
57.0,19.0,49.0,12.0,24.0,10.0,30.0,5.0,43.0,34.0,3.0,1.0
57.0,16.0,40.0,12.0,24.0,20.0,32.0,5.0,43.0,19.0,3.0,1.0
0.0,29.0,60.0,10.0,14.0,5.0,26.0,1.0,31.0,17.0,3.0,1.0
57.0,52.0,12.0,14.0,14.0,10.0,105.0,8.0,54.0,20.0,8.0,1.0
3.0,52.0,18.0,6.0,3.0,2.0,74.0,2.0,63.0,8.0,0.0,1.0
38.0,73.0,13.0,20.0,2.0,27.0,102.0,0.0,29.0,19.0,3.0,1.0
25.0,74.0,23.0,22.0,0.0,24.0,106.0,0.0,4.0,17.0,0.0,0.0
0.0,71.0,7.0,1.0,2.0,39.0,97.0,2.0,5.0,1.0,27.0,0.0
14.0,64.0,7.0,14.0,1.0,28.0,101.0,2.0,21.0,2.0,27.0,1.0
45.0,11.0,29.0,23.0,1.0,35.0,107.0,8.0,4.0,2.0,11.0,0.0
45.0,75.0,20.0,29.0,0.0,24.0,108.0,5.0,4.0,31.0,21.0,1.0
63.0,4.0,61.0,33.0,0.0,14.0,5.0,5.0,42.0,33.0,24.0,2.0
45.0,75.0,20.0,29.0,0.0,24.0,108.0,5.0,4.0,31.0,21.0,1.0
63.0,4.0,61.0,33.0,0.0,14.0,5.0,5.0,42.0,33.0,24.0,2.0
29.0,10.0,31.0,23.0,2.0,1.0,28.0,8.0,47.0,34.0,10.0,0.0
1.0,9.0,35.0,2.0,0.0,10.0,7.0,1.0,40.0,19.0,8.0,0.0
57.0,12.0,49.0,20.0,2.0,9.0,35.0,5.0,8.0,49.0,3.0,1.0
53.0,17.0,24.0,40.0,3.0,4.0,24.0,10.0,3.0,47.0,5.0,1.0
53.0,17.0,24.0,40.0,3.0,4.0,24.0,10.0,3.0,47.0,5.0,1.0
48.0,52.0,62.0,41.0,11.0,10.0,30.0,0.0,61.0,30.0,24.0,2.0
57.0,59.0,56.0,42.0,4.0,20.0,68.0,0.0,8.0,26.0,24.0,0.0
64.0,69.0,63.0,1.0,0.0,10.0,6.0,8.0,3.0,48.0,10.0,1.0
65.0,73.0,61.0,6.0,14.0,22.0,25.0,0.0,64.0,34.0,3.0,0.0
26.0,71.0,37.0,29.0,11.0,13.0,95.0,0.0,22.0,22.0,31.0,1.0
26.0,71.0,37.0,29.0,11.0,13.0,95.0,0.0,22.0,22.0,31.0,1.0
30.0,7.0,10.0,33.0,3.0,14.0,31.0,1.0,49.0,8.0,0.0,1.0
35.0,11.0,6.0,17.0,4.0,6.0,83.0,2.0,35.0,9.0,27.0,0.0
3.0,6.0,45.0,14.0,0.0,3.0,86.0,2.0,16.0,30.0,32.0,2.0
66.0,0.0,43.0,23.0,25.0,22.0,6.0,5.0,10.0,65.0,28.0,2.0
8.0,16.0,59.0,0.0,10.0,10.0,20.0,3.0,7.0,49.0,31.0,1.0
1.0,16.0,51.0,20.0,0.0,11.0,96.0,1.0,33.0,31.0,15.0,0.0
67.0,17.0,55.0,22.0,1.0,31.0,71.0,9.0,3.0,71.0,24.0,1.0
54.0,3.0,36.0,2.0,0.0,23.0,10.0,8.0,11.0,72.0,1.0,2.0
68.0,50.0,56.0,12.0,3.0,13.0,6.0,8.0,54.0,73.0,5.0,1.0
62.0,32.0,12.0,30.0,3.0,20.0,7.0,1.0,25.0,69.0,33.0,1.0
56.0,15.0,39.0,3.0,11.0,10.0,30.0,0.0,4.0,13.0,1.0,1.0
56.0,15.0,39.0,3.0,11.0,10.0,30.0,0.0,4.0,13.0,1.0,1.0
66.0,43.0,56.0,1.0,0.0,10.0,109.0,9.0,54.0,41.0,19.0,1.0
27.0,22.0,0.0,0.0,3.0,19.0,73.0,0.0,58.0,70.0,6.0,0.0
24.0,60.0,4.0,30.0,3.0,3.0,0.0,2.0,9.0,74.0,34.0,2.0
69.0,17.0,64.0,22.0,2.0,10.0,25.0,5.0,65.0,12.0,35.0,1.0
45.0,11.0,13.0,20.0,2.0,2.0,29.0,0.0,11.0,51.0,2.0,1.0
70.0,36.0,0.0,1.0,2.0,0.0,66.0,5.0,6.0,61.0,0.0,1.0
65.0,26.0,25.0,30.0,4.0,3.0,0.0,8.0,8.0,75.0,6.0,1.0
70.0,76.0,0.0,1.0,1.0,0.0,72.0,5.0,7.0,26.0,0.0,1.0
21.0,26.0,0.0,12.0,2.0,17.0,27.0,1.0,63.0,24.0,8.0,0.0
71.0,52.0,65.0,43.0,11.0,12.0,110.0,10.0,64.0,32.0,22.0,0.0
40.0,63.0,33.0,13.0,3.0,41.0,111.0,11.0,28.0,20.0,36.0,1.0
6.0,37.0,45.0,12.0,0.0,3.0,109.0,2.0,66.0,45.0,29.0,1.0
43.0,19.0,28.0,22.0,0.0,11.0,92.0,8.0,2.0,11.0,27.0,0.0
72.0,32.0,62.0,44.0,11.0,23.0,10.0,1.0,47.0,13.0,32.0,2.0
66.0,16.0,62.0,32.0,4.0,13.0,17.0,8.0,30.0,58.0,21.0,2.0
73.0,23.0,62.0,1.0,2.0,13.0,95.0,9.0,10.0,1.0,1.0,1.0
39.0,0.0,29.0,6.0,1.0,16.0,98.0,1.0,43.0,49.0,0.0,0.0
25.0,25.0,13.0,1.0,2.0,14.0,24.0,0.0,42.0,18.0,6.0,1.0
66.0,7.0,62.0,14.0,3.0,10.0,16.0,5.0,61.0,0.0,2.0,0.0
54.0,73.0,66.0,6.0,3.0,10.0,25.0,5.0,67.0,69.0,17.0,0.0
46.0,9.0,62.0,45.0,0.0,22.0,45.0,10.0,44.0,24.0,2.0,2.0
53.0,32.0,56.0,23.0,4.0,22.0,6.0,0.0,2.0,12.0,37.0,1.0
46.0,9.0,62.0,45.0,0.0,22.0,45.0,10.0,44.0,24.0,2.0,2.0
60.0,43.0,67.0,1.0,0.0,0.0,52.0,8.0,3.0,47.0,9.0,0.0
57.0,50.0,28.0,20.0,26.0,2.0,112.0,8.0,64.0,31.0,0.0,0.0
37.0,69.0,43.0,12.0,3.0,10.0,7.0,2.0,1.0,76.0,35.0,2.0
12.0,75.0,4.0,2.0,14.0,9.0,73.0,0.0,55.0,41.0,6.0,0.0
3.0,77.0,33.0,4.0,14.0,0.0,105.0,1.0,29.0,69.0,38.0,1.0
70.0,3.0,12.0,3.0,3.0,39.0,29.0,1.0,29.0,77.0,12.0,1.0
0.0,39.0,25.0,21.0,4.0,23.0,97.0,2.0,61.0,19.0,5.0,0.0
74.0,19.0,66.0,8.0,2.0,10.0,62.0,9.0,68.0,70.0,14.0,1.0
43.0,45.0,68.0,11.0,11.0,10.0,25.0,0.0,68.0,26.0,37.0,2.0
43.0,25.0,56.0,22.0,0.0,27.0,62.0,8.0,2.0,78.0,27.0,1.0
37.0,69.0,43.0,12.0,3.0,10.0,7.0,2.0,1.0,76.0,35.0,2.0
58.0,33.0,62.0,46.0,2.0,10.0,52.0,5.0,11.0,79.0,39.0,1.0
15.0,32.0,60.0,14.0,2.0,38.0,3.0,0.0,33.0,49.0,14.0,1.0
15.0,66.0,49.0,6.0,0.0,0.0,42.0,1.0,25.0,7.0,0.0,1.0
75.0,32.0,42.0,29.0,2.0,3.0,44.0,9.0,57.0,7.0,2.0,1.0
15.0,66.0,49.0,6.0,0.0,0.0,42.0,1.0,25.0,7.0,0.0,1.0
15.0,66.0,49.0,6.0,0.0,0.0,42.0,1.0,25.0,7.0,0.0,1.0
21.0,31.0,10.0,17.0,2.0,12.0,2.0,0.0,21.0,30.0,5.0,0.0
0.0,33.0,19.0,12.0,2.0,0.0,16.0,0.0,15.0,62.0,10.0,1.0
1.0,45.0,31.0,6.0,2.0,12.0,103.0,0.0,31.0,30.0,5.0,1.0
15.0,4.0,26.0,0.0,0.0,3.0,45.0,1.0,33.0,8.0,13.0,1.0
1.0,73.0,31.0,0.0,2.0,12.0,101.0,0.0,15.0,30.0,5.0,1.0
45.0,23.0,13.0,14.0,1.0,6.0,85.0,0.0,43.0,49.0,2.0,2.0
7.0,78.0,35.0,13.0,10.0,23.0,77.0,7.0,69.0,38.0,20.0,4.0
75.0,32.0,42.0,29.0,2.0,3.0,44.0,9.0,57.0,7.0,2.0,1.0
76.0,56.0,28.0,6.0,0.0,10.0,72.0,0.0,64.0,27.0,3.0,0.0
35.0,26.0,67.0,6.0,4.0,4.0,94.0,1.0,3.0,8.0,7.0,0.0
77.0,5.0,69.0,2.0,14.0,10.0,105.0,8.0,70.0,6.0,6.0,0.0
49.0,56.0,57.0,47.0,3.0,22.0,86.0,8.0,49.0,23.0,22.0,2.0
24.0,34.0,4.0,48.0,11.0,42.0,113.0,5.0,17.0,17.0,6.0,0.0
43.0,12.0,70.0,1.0,2.0,4.0,85.0,5.0,64.0,2.0,27.0,1.0
43.0,12.0,70.0,1.0,2.0,4.0,85.0,5.0,64.0,2.0,27.0,1.0
22.0,75.0,25.0,2.0,14.0,5.0,45.0,2.0,60.0,21.0,0.0,0.0
24.0,34.0,4.0,48.0,11.0,42.0,113.0,5.0,17.0,17.0,6.0,0.0
21.0,66.0,23.0,10.0,14.0,28.0,86.0,3.0,40.0,5.0,14.0,1.0
68.0,61.0,36.0,1.0,2.0,27.0,60.0,8.0,60.0,45.0,4.0,1.0
58.0,5.0,34.0,30.0,2.0,13.0,95.0,5.0,30.0,19.0,4.0,1.0
21.0,22.0,35.0,30.0,0.0,2.0,42.0,1.0,2.0,45.0,7.0,0.0
22.0,30.0,58.0,13.0,14.0,0.0,105.0,1.0,6.0,62.0,11.0,1.0
63.0,59.0,39.0,14.0,14.0,5.0,66.0,0.0,47.0,2.0,14.0,1.0
49.0,15.0,62.0,22.0,2.0,23.0,26.0,8.0,64.0,19.0,14.0,2.0
60.0,50.0,55.0,49.0,6.0,10.0,20.0,1.0,43.0,49.0,33.0,1.0
54.0,73.0,34.0,42.0,3.0,39.0,85.0,0.0,61.0,6.0,13.0,3.0
38.0,16.0,71.0,14.0,0.0,39.0,80.0,5.0,12.0,34.0,3.0,1.0
70.0,25.0,52.0,12.0,0.0,12.0,114.0,5.0,12.0,34.0,3.0,0.0
14.0,34.0,17.0,0.0,1.0,2.0,110.0,1.0,63.0,31.0,8.0,0.0
59.0,18.0,43.0,50.0,1.0,10.0,27.0,5.0,63.0,38.0,32.0,2.0
18.0,27.0,71.0,30.0,2.0,38.0,115.0,0.0,2.0,45.0,3.0,0.0
25.0,35.0,18.0,51.0,11.0,43.0,70.0,9.0,29.0,80.0,8.0,0.0
62.0,61.0,37.0,21.0,4.0,10.0,75.0,1.0,2.0,22.0,32.0,1.0
27.0,7.0,20.0,0.0,2.0,32.0,113.0,2.0,32.0,25.0,4.0,0.0
66.0,23.0,11.0,6.0,11.0,22.0,75.0,8.0,47.0,62.0,21.0,1.0
19.0,75.0,0.0,3.0,3.0,32.0,39.0,0.0,71.0,1.0,6.0,0.0
76.0,11.0,50.0,12.0,2.0,9.0,1.0,1.0,8.0,24.0,37.0,2.0
24.0,57.0,48.0,2.0,14.0,36.0,103.0,3.0,14.0,0.0,34.0,2.0
21.0,79.0,24.0,6.0,10.0,2.0,3.0,2.0,6.0,81.0,18.0,0.0
72.0,77.0,39.0,17.0,3.0,10.0,52.0,0.0,30.0,28.0,27.0,2.0
21.0,79.0,24.0,6.0,10.0,2.0,3.0,2.0,6.0,81.0,18.0,0.0
24.0,57.0,48.0,2.0,14.0,36.0,103.0,3.0,14.0,0.0,34.0,2.0
23.0,26.0,6.0,17.0,10.0,27.0,103.0,3.0,45.0,50.0,25.0,1.0
76.0,41.0,25.0,0.0,0.0,10.0,109.0,5.0,2.0,0.0,12.0,1.0
70.0,27.0,50.0,26.0,3.0,5.0,26.0,0.0,47.0,23.0,8.0,0.0
46.0,57.0,66.0,12.0,2.0,4.0,19.0,8.0,60.0,23.0,21.0,1.0
72.0,77.0,39.0,17.0,3.0,10.0,52.0,0.0,30.0,28.0,27.0,2.0
1.0,39.0,52.0,21.0,3.0,14.0,116.0,1.0,28.0,0.0,5.0,0.0
66.0,56.0,72.0,2.0,0.0,23.0,52.0,2.0,53.0,2.0,29.0,1.0
78.0,15.0,66.0,2.0,2.0,10.0,7.0,8.0,3.0,50.0,3.0,0.0
60.0,19.0,46.0,33.0,0.0,18.0,2.0,8.0,30.0,74.0,6.0,1.0
78.0,15.0,66.0,2.0,2.0,10.0,7.0,8.0,3.0,50.0,3.0,0.0
30.0,26.0,23.0,6.0,14.0,44.0,65.0,2.0,2.0,0.0,17.0,1.0
52.0,25.0,73.0,33.0,3.0,10.0,57.0,5.0,10.0,22.0,40.0,1.0
60.0,19.0,46.0,33.0,0.0,18.0,2.0,8.0,30.0,74.0,6.0,1.0
27.0,9.0,8.0,18.0,14.0,22.0,24.0,3.0,41.0,23.0,8.0,0.0
73.0,30.0,74.0,21.0,3.0,10.0,10.0,5.0,72.0,38.0,1.0,4.0
66.0,18.0,69.0,52.0,3.0,22.0,42.0,5.0,57.0,1.0,33.0,1.0
79.0,22.0,57.0,49.0,1.0,10.0,44.0,12.0,73.0,1.0,40.0,2.0
53.0,59.0,34.0,30.0,0.0,0.0,27.0,2.0,22.0,19.0,41.0,2.0
80.0,43.0,45.0,10.0,10.0,20.0,42.0,6.0,55.0,65.0,31.0,2.0
76.0,34.0,44.0,17.0,0.0,10.0,50.0,5.0,22.0,0.0,11.0,1.0
54.0,23.0,53.0,1.0,0.0,43.0,97.0,8.0,60.0,24.0,4.0,0.0
29.0,61.0,7.0,17.0,25.0,10.0,20.0,1.0,49.0,53.0,40.0,0.0
25.0,52.0,25.0,6.0,1.0,22.0,42.0,1.0,1.0,0.0,17.0,1.0
66.0,15.0,72.0,20.0,1.0,3.0,19.0,5.0,60.0,45.0,14.0,1.0
66.0,15.0,72.0,20.0,1.0,3.0,19.0,5.0,60.0,45.0,14.0,1.0
35.0,56.0,43.0,3.0,27.0,5.0,72.0,0.0,57.0,82.0,7.0,1.0
19.0,11.0,48.0,10.0,0.0,30.0,19.0,1.0,32.0,19.0,2.0,1.0
60.0,44.0,66.0,20.0,0.0,20.0,57.0,8.0,2.0,30.0,40.0,2.0
27.0,80.0,33.0,4.0,14.0,14.0,1.0,3.0,23.0,19.0,42.0,0.0
81.0,9.0,64.0,53.0,2.0,10.0,27.0,5.0,49.0,47.0,43.0,4.0
8.0,12.0,61.0,2.0,1.0,20.0,57.0,5.0,42.0,3.0,15.0,0.0
42.0,33.0,14.0,30.0,1.0,11.0,9.0,5.0,8.0,3.0,13.0,0.0
60.0,44.0,66.0,20.0,0.0,20.0,57.0,8.0,2.0,30.0,40.0,2.0
48.0,7.0,62.0,21.0,3.0,13.0,62.0,9.0,28.0,6.0,9.0,5.0
42.0,16.0,28.0,2.0,0.0,16.0,17.0,0.0,7.0,45.0,33.0,1.0
15.0,9.0,25.0,1.0,2.0,10.0,27.0,0.0,2.0,45.0,8.0,0.0
47.0,66.0,42.0,54.0,2.0,13.0,105.0,1.0,64.0,45.0,37.0,0.0
10.0,4.0,38.0,21.0,1.0,1.0,78.0,1.0,41.0,17.0,9.0,0.0
43.0,13.0,36.0,17.0,0.0,20.0,25.0,5.0,74.0,49.0,5.0,1.0
53.0,29.0,33.0,29.0,1.0,13.0,72.0,9.0,26.0,18.0,10.0,0.0
57.0,8.0,49.0,6.0,3.0,14.0,47.0,0.0,3.0,53.0,24.0,1.0
18.0,73.0,59.0,1.0,3.0,22.0,7.0,3.0,29.0,36.0,23.0,1.0
58.0,71.0,72.0,17.0,2.0,10.0,6.0,8.0,10.0,34.0,5.0,1.0
22.0,60.0,4.0,5.0,3.0,37.0,103.0,3.0,1.0,3.0,1.0,0.0
82.0,13.0,69.0,1.0,2.0,2.0,62.0,8.0,61.0,45.0,12.0,0.0
45.0,45.0,49.0,12.0,0.0,1.0,39.0,1.0,1.0,33.0,25.0,1.0
54.0,56.0,46.0,1.0,0.0,1.0,117.0,8.0,30.0,38.0,21.0,1.0
59.0,64.0,46.0,17.0,14.0,20.0,30.0,1.0,2.0,36.0,12.0,0.0
72.0,3.0,11.0,10.0,0.0,13.0,52.0,0.0,1.0,74.0,0.0,1.0
45.0,21.0,18.0,21.0,2.0,20.0,66.0,5.0,37.0,23.0,17.0,0.0
29.0,69.0,75.0,6.0,2.0,10.0,20.0,0.0,8.0,49.0,10.0,0.0
60.0,77.0,34.0,3.0,0.0,10.0,75.0,0.0,64.0,82.0,27.0,1.0
45.0,21.0,18.0,21.0,2.0,20.0,66.0,5.0,37.0,23.0,17.0,0.0
37.0,22.0,15.0,30.0,0.0,10.0,50.0,0.0,43.0,49.0,11.0,1.0
62.0,3.0,61.0,55.0,3.0,10.0,17.0,12.0,54.0,22.0,5.0,0.0
37.0,38.0,2.0,20.0,0.0,10.0,118.0,2.0,30.0,51.0,32.0,4.0
62.0,71.0,70.0,21.0,16.0,10.0,7.0,5.0,13.0,83.0,0.0,0.0
62.0,71.0,53.0,21.0,16.0,22.0,7.0,5.0,13.0,82.0,0.0,0.0
62.0,59.0,42.0,56.0,4.0,10.0,52.0,1.0,57.0,22.0,43.0,1.0
26.0,26.0,61.0,0.0,10.0,10.0,118.0,0.0,10.0,5.0,2.0,0.0
26.0,26.0,61.0,0.0,10.0,10.0,118.0,0.0,10.0,5.0,2.0,0.0
26.0,6.0,5.0,3.0,10.0,20.0,30.0,0.0,10.0,84.0,2.0,1.0
48.0,13.0,46.0,20.0,0.0,9.0,1.0,8.0,29.0,51.0,14.0,2.0
29.0,15.0,33.0,1.0,3.0,13.0,72.0,0.0,16.0,13.0,17.0,1.0
29.0,41.0,76.0,20.0,0.0,38.0,14.0,0.0,33.0,48.0,12.0,1.0
42.0,19.0,56.0,14.0,14.0,23.0,105.0,3.0,16.0,36.0,39.0,2.0
8.0,18.0,11.0,1.0,10.0,4.0,42.0,3.0,29.0,28.0,43.0,2.0
22.0,22.0,13.0,22.0,2.0,12.0,98.0,8.0,26.0,30.0,41.0,1.0
83.0,15.0,29.0,57.0,10.0,31.0,119.0,3.0,32.0,21.0,44.0,1.0
65.0,64.0,43.0,1.0,3.0,20.0,20.0,1.0,30.0,2.0,27.0,4.0
1.0,27.0,21.0,0.0,0.0,16.0,86.0,0.0,15.0,2.0,9.0,1.0
28.0,50.0,51.0,14.0,2.0,45.0,22.0,1.0,29.0,36.0,42.0,0.0
65.0,64.0,43.0,1.0,3.0,20.0,20.0,1.0,30.0,2.0,27.0,4.0
22.0,22.0,13.0,22.0,2.0,12.0,98.0,8.0,26.0,30.0,41.0,1.0
1.0,27.0,21.0,0.0,0.0,16.0,86.0,0.0,15.0,2.0,9.0,1.0
60.0,59.0,73.0,58.0,3.0,44.0,120.0,5.0,10.0,58.0,35.0,2.0
60.0,59.0,73.0,58.0,3.0,44.0,120.0,5.0,10.0,58.0,35.0,2.0
72.0,66.0,39.0,0.0,0.0,10.0,52.0,0.0,64.0,77.0,18.0,2.0
72.0,77.0,49.0,3.0,0.0,10.0,57.0,0.0,25.0,83.0,14.0,2.0
26.0,17.0,66.0,29.0,3.0,13.0,72.0,1.0,3.0,41.0,31.0,2.0
60.0,77.0,58.0,3.0,0.0,10.0,6.0,0.0,28.0,56.0,14.0,2.0
2.0,26.0,46.0,2.0,0.0,10.0,68.0,8.0,10.0,33.0,3.0,1.0
53.0,12.0,13.0,21.0,2.0,39.0,65.0,5.0,64.0,19.0,17.0,1.0
61.0,29.0,77.0,20.0,0.0,12.0,44.0,5.0,13.0,1.0,25.0,2.0
67.0,32.0,34.0,59.0,3.0,27.0,44.0,0.0,65.0,45.0,3.0,0.0
53.0,12.0,13.0,21.0,2.0,39.0,65.0,5.0,64.0,19.0,17.0,1.0
65.0,18.0,12.0,17.0,25.0,2.0,85.0,0.0,70.0,70.0,10.0,1.0
72.0,31.0,37.0,12.0,4.0,10.0,25.0,1.0,75.0,22.0,37.0,2.0
72.0,31.0,37.0,12.0,4.0,10.0,25.0,1.0,75.0,22.0,37.0,2.0
9.0,4.0,34.0,7.0,11.0,32.0,121.0,9.0,33.0,40.0,8.0,0.0
54.0,5.0,34.0,60.0,1.0,20.0,30.0,9.0,28.0,30.0,36.0,1.0
60.0,10.0,34.0,17.0,28.0,20.0,20.0,5.0,3.0,19.0,45.0,5.0
56.0,63.0,34.0,20.0,2.0,0.0,109.0,1.0,49.0,1.0,32.0,1.0
4.0,56.0,34.0,14.0,2.0,40.0,56.0,1.0,6.0,41.0,27.0,0.0
63.0,81.0,34.0,30.0,2.0,2.0,100.0,0.0,21.0,28.0,2.0,1.0
11.0,19.0,34.0,6.0,2.0,6.0,44.0,0.0,26.0,31.0,7.0,0.0
39.0,15.0,34.0,2.0,1.0,46.0,54.0,0.0,12.0,79.0,1.0,0.0
29.0,18.0,34.0,14.0,2.0,44.0,122.0,0.0,49.0,21.0,0.0,0.0
42.0,16.0,34.0,12.0,2.0,12.0,123.0,0.0,22.0,31.0,3.0,0.0
60.0,53.0,18.0,20.0,4.0,11.0,101.0,8.0,47.0,48.0,6.0,0.0
4.0,56.0,34.0,14.0,2.0,40.0,56.0,1.0,6.0,41.0,27.0,0.0
27.0,23.0,34.0,14.0,1.0,25.0,55.0,2.0,5.0,32.0,25.0,1.0
39.0,32.0,34.0,1.0,0.0,36.0,92.0,5.0,16.0,13.0,38.0,1.0
59.0,33.0,18.0,12.0,0.0,10.0,100.0,1.0,75.0,6.0,0.0,0.0
70.0,14.0,18.0,17.0,0.0,47.0,66.0,5.0,31.0,69.0,15.0,1.0
66.0,23.0,34.0,30.0,1.0,23.0,45.0,8.0,3.0,45.0,15.0,0.0
66.0,23.0,34.0,30.0,1.0,23.0,45.0,8.0,3.0,45.0,15.0,0.0
57.0,69.0,18.0,17.0,3.0,2.0,100.0,2.0,49.0,22.0,29.0,1.0
53.0,61.0,18.0,30.0,1.0,4.0,109.0,8.0,8.0,0.0,2.0,1.0
70.0,14.0,18.0,17.0,0.0,47.0,66.0,5.0,31.0,69.0,15.0,1.0
59.0,33.0,18.0,12.0,0.0,10.0,100.0,1.0,75.0,6.0,0.0,0.0
10.0,72.0,18.0,17.0,0.0,20.0,68.0,1.0,42.0,32.0,19.0,1.0
84.0,64.0,34.0,45.0,3.0,20.0,19.0,9.0,1.0,22.0,35.0,2.0
2.0,8.0,54.0,61.0,1.0,20.0,118.0,8.0,49.0,34.0,40.0,0.0
42.0,12.0,18.0,34.0,1.0,28.0,62.0,5.0,2.0,48.0,13.0,0.0
76.0,73.0,34.0,62.0,14.0,20.0,118.0,5.0,25.0,24.0,27.0,1.0
29.0,49.0,18.0,17.0,3.0,20.0,75.0,1.0,54.0,20.0,6.0,0.0
2.0,4.0,18.0,14.0,2.0,6.0,101.0,5.0,57.0,53.0,27.0,1.0
85.0,30.0,54.0,3.0,0.0,10.0,25.0,9.0,76.0,36.0,45.0,1.0
70.0,74.0,34.0,1.0,2.0,44.0,56.0,0.0,41.0,20.0,7.0,0.0
5.0,39.0,18.0,6.0,0.0,13.0,66.0,0.0,19.0,41.0,3.0,1.0
62.0,30.0,34.0,14.0,3.0,10.0,6.0,5.0,2.0,61.0,19.0,1.0
67.0,64.0,34.0,1.0,0.0,29.0,59.0,5.0,54.0,13.0,21.0,1.0
38.0,52.0,34.0,0.0,6.0,10.0,105.0,0.0,63.0,45.0,0.0,1.0
19.0,31.0,45.0,17.0,3.0,5.0,105.0,2.0,24.0,0.0,3.0,1.0
37.0,16.0,18.0,20.0,2.0,16.0,36.0,0.0,43.0,24.0,2.0,1.0
76.0,73.0,18.0,30.0,2.0,16.0,83.0,0.0,54.0,30.0,2.0,1.0
33.0,48.0,18.0,4.0,10.0,36.0,33.0,6.0,77.0,34.0,24.0,0.0
86.0,6.0,34.0,47.0,1.0,13.0,17.0,12.0,78.0,30.0,42.0,0.0
86.0,6.0,34.0,47.0,1.0,13.0,17.0,12.0,78.0,30.0,42.0,0.0
56.0,52.0,34.0,59.0,11.0,13.0,118.0,8.0,44.0,0.0,32.0,1.0
79.0,6.0,34.0,47.0,1.0,13.0,17.0,12.0,78.0,30.0,42.0,0.0
56.0,52.0,34.0,59.0,11.0,13.0,118.0,8.0,44.0,0.0,32.0,1.0
82.0,74.0,34.0,60.0,2.0,10.0,62.0,10.0,4.0,1.0,46.0,1.0
77.0,5.0,34.0,20.0,0.0,20.0,27.0,5.0,37.0,6.0,25.0,0.0
38.0,59.0,34.0,12.0,0.0,39.0,81.0,0.0,22.0,3.0,5.0,0.0
38.0,45.0,34.0,29.0,2.0,34.0,38.0,0.0,41.0,45.0,5.0,0.0
11.0,29.0,34.0,30.0,2.0,1.0,3.0,1.0,33.0,45.0,11.0,1.0
82.0,74.0,34.0,60.0,2.0,10.0,62.0,10.0,4.0,1.0,46.0,1.0
77.0,5.0,34.0,20.0,0.0,20.0,27.0,5.0,37.0,6.0,25.0,0.0
22.0,0.0,18.0,14.0,29.0,20.0,25.0,5.0,29.0,23.0,9.0,1.0
22.0,0.0,18.0,14.0,29.0,20.0,25.0,5.0,29.0,23.0,9.0,1.0
63.0,8.0,34.0,1.0,30.0,20.0,75.0,5.0,33.0,36.0,19.0,1.0
32.0,71.0,18.0,21.0,1.0,27.0,45.0,3.0,55.0,6.0,32.0,1.0
43.0,64.0,34.0,34.0,3.0,13.0,16.0,8.0,29.0,18.0,27.0,1.0
32.0,71.0,18.0,21.0,1.0,27.0,45.0,3.0,55.0,6.0,32.0,1.0
26.0,77.0,34.0,12.0,0.0,13.0,66.0,0.0,37.0,45.0,21.0,0.0
72.0,12.0,34.0,17.0,3.0,16.0,62.0,5.0,4.0,0.0,13.0,3.0
62.0,50.0,34.0,33.0,0.0,28.0,114.0,5.0,43.0,49.0,2.0,1.0
78.0,69.0,34.0,32.0,0.0,31.0,29.0,5.0,1.0,7.0,17.0,1.0
59.0,8.0,18.0,2.0,1.0,10.0,30.0,0.0,16.0,9.0,2.0,3.0
18.0,59.0,34.0,20.0,0.0,30.0,64.0,0.0,4.0,23.0,3.0,0.0
18.0,74.0,34.0,29.0,2.0,3.0,38.0,0.0,40.0,23.0,1.0,0.0
62.0,30.0,34.0,21.0,14.0,30.0,4.0,0.0,37.0,27.0,1.0,1.0
78.0,8.0,34.0,21.0,2.0,20.0,30.0,8.0,43.0,81.0,13.0,0.0
78.0,8.0,34.0,21.0,2.0,20.0,30.0,8.0,43.0,81.0,13.0,0.0
87.0,17.0,34.0,21.0,0.0,20.0,25.0,8.0,43.0,59.0,5.0,0.0
49.0,3.0,34.0,0.0,3.0,13.0,6.0,0.0,74.0,22.0,6.0,2.0
55.0,44.0,34.0,23.0,2.0,48.0,46.0,8.0,4.0,62.0,19.0,2.0
11.0,31.0,18.0,12.0,2.0,17.0,86.0,0.0,17.0,22.0,13.0,1.0
52.0,30.0,34.0,30.0,2.0,6.0,62.0,5.0,54.0,56.0,12.0,2.0
4.0,35.0,18.0,0.0,4.0,30.0,8.0,1.0,2.0,20.0,8.0,0.0
33.0,32.0,18.0,6.0,14.0,27.0,24.0,7.0,79.0,30.0,23.0,4.0
26.0,29.0,34.0,1.0,14.0,20.0,68.0,0.0,61.0,30.0,4.0,2.0
38.0,25.0,34.0,1.0,0.0,14.0,112.0,5.0,7.0,6.0,10.0,0.0
24.0,15.0,34.0,10.0,3.0,12.0,124.0,7.0,54.0,15.0,24.0,1.0
38.0,25.0,34.0,1.0,0.0,14.0,112.0,5.0,7.0,6.0,10.0,0.0
59.0,17.0,55.0,39.0,2.0,5.0,44.0,8.0,40.0,3.0,9.0,0.0
3.0,49.0,41.0,1.0,1.0,28.0,86.0,0.0,20.0,17.0,3.0,0.0
8.0,5.0,75.0,48.0,2.0,24.0,99.0,8.0,63.0,6.0,8.0,0.0
67.0,18.0,11.0,6.0,14.0,10.0,52.0,5.0,13.0,23.0,8.0,1.0
66.0,7.0,55.0,0.0,3.0,20.0,7.0,0.0,75.0,19.0,2.0,1.0
9.0,12.0,8.0,17.0,0.0,20.0,26.0,1.0,1.0,25.0,1.0,1.0
77.0,12.0,59.0,2.0,0.0,0.0,57.0,8.0,53.0,49.0,8.0,1.0
39.0,82.0,76.0,17.0,2.0,22.0,17.0,2.0,2.0,5.0,2.0,3.0
88.0,73.0,28.0,21.0,3.0,23.0,19.0,9.0,60.0,0.0,9.0,1.0
21.0,57.0,0.0,1.0,0.0,10.0,30.0,0.0,4.0,9.0,8.0,0.0
88.0,73.0,28.0,21.0,3.0,23.0,19.0,9.0,60.0,0.0,9.0,1.0
15.0,7.0,78.0,29.0,1.0,16.0,73.0,0.0,10.0,34.0,7.0,1.0
15.0,5.0,78.0,1.0,2.0,10.0,52.0,0.0,33.0,20.0,5.0,1.0
37.0,19.0,12.0,59.0,3.0,13.0,75.0,1.0,16.0,36.0,28.0,2.0
18.0,61.0,75.0,34.0,2.0,39.0,39.0,0.0,33.0,17.0,4.0,1.0
36.0,6.0,30.0,24.0,4.0,0.0,9.0,12.0,29.0,31.0,21.0,1.0
13.0,71.0,9.0,33.0,0.0,2.0,41.0,2.0,69.0,9.0,46.0,1.0
18.0,77.0,36.0,14.0,0.0,1.0,125.0,0.0,5.0,8.0,5.0,0.0
88.0,23.0,46.0,30.0,0.0,20.0,20.0,9.0,74.0,8.0,0.0,0.0
5.0,53.0,0.0,12.0,0.0,30.0,10.0,1.0,29.0,23.0,2.0,1.0
39.0,15.0,60.0,18.0,14.0,13.0,10.0,2.0,2.0,30.0,1.0,0.0
42.0,2.0,8.0,21.0,16.0,13.0,13.0,1.0,80.0,72.0,17.0,1.0
45.0,5.0,56.0,2.0,0.0,31.0,15.0,8.0,23.0,6.0,10.0,0.0
45.0,5.0,56.0,2.0,0.0,31.0,15.0,8.0,23.0,6.0,10.0,0.0
43.0,30.0,11.0,21.0,0.0,16.0,66.0,0.0,70.0,12.0,1.0,1.0
58.0,73.0,56.0,30.0,11.0,15.0,118.0,9.0,35.0,49.0,17.0,0.0
81.0,56.0,75.0,2.0,2.0,10.0,20.0,5.0,75.0,7.0,8.0,0.0
15.0,45.0,18.0,23.0,0.0,6.0,40.0,0.0,63.0,45.0,0.0,0.0
39.0,11.0,29.0,23.0,0.0,16.0,126.0,0.0,8.0,34.0,0.0,0.0
53.0,7.0,25.0,0.0,0.0,5.0,109.0,1.0,35.0,21.0,3.0,0.0
3.0,31.0,21.0,29.0,0.0,14.0,36.0,1.0,45.0,66.0,44.0,1.0
19.0,22.0,0.0,31.0,11.0,14.0,96.0,8.0,18.0,53.0,17.0,0.0
19.0,22.0,0.0,31.0,11.0,14.0,96.0,8.0,18.0,53.0,17.0,0.0
18.0,5.0,7.0,21.0,1.0,20.0,25.0,5.0,6.0,50.0,7.0,0.0
18.0,5.0,7.0,21.0,1.0,20.0,25.0,5.0,6.0,50.0,7.0,0.0
22.0,45.0,31.0,14.0,1.0,22.0,50.0,0.0,63.0,23.0,8.0,1.0
11.0,22.0,29.0,2.0,4.0,28.0,127.0,2.0,25.0,45.0,8.0,0.0
22.0,45.0,31.0,14.0,1.0,22.0,50.0,0.0,63.0,23.0,8.0,1.0
60.0,3.0,36.0,30.0,4.0,20.0,27.0,5.0,28.0,19.0,3.0,0.0
11.0,19.0,16.0,22.0,2.0,14.0,44.0,2.0,29.0,6.0,4.0,1.0
36.0,28.0,25.0,23.0,4.0,0.0,80.0,9.0,15.0,31.0,33.0,3.0
3.0,64.0,14.0,0.0,3.0,49.0,8.0,2.0,63.0,3.0,3.0,0.0
22.0,57.0,0.0,13.0,3.0,38.0,100.0,3.0,63.0,21.0,10.0,0.0
45.0,1.0,10.0,12.0,2.0,24.0,128.0,0.0,47.0,17.0,0.0,0.0
76.0,54.0,76.0,2.0,0.0,43.0,11.0,0.0,47.0,17.0,0.0,0.0
21.0,82.0,20.0,21.0,31.0,22.0,17.0,2.0,7.0,2.0,17.0,2.0
8.0,29.0,52.0,0.0,3.0,1.0,125.0,1.0,64.0,72.0,15.0,1.0
59.0,45.0,59.0,2.0,3.0,6.0,4.0,5.0,5.0,34.0,0.0,0.0
76.0,12.0,40.0,2.0,3.0,14.0,117.0,5.0,18.0,19.0,3.0,0.0
59.0,45.0,59.0,2.0,3.0,6.0,4.0,5.0,5.0,34.0,0.0,0.0
76.0,12.0,40.0,2.0,3.0,14.0,117.0,5.0,18.0,19.0,3.0,0.0
59.0,45.0,59.0,2.0,3.0,6.0,4.0,5.0,5.0,34.0,0.0,0.0
1.0,53.0,44.0,63.0,11.0,20.0,18.0,0.0,42.0,47.0,11.0,2.0
4.0,26.0,35.0,35.0,4.0,10.0,75.0,1.0,20.0,19.0,11.0,0.0
15.0,78.0,45.0,21.0,3.0,20.0,30.0,1.0,29.0,3.0,27.0,3.0
22.0,61.0,23.0,20.0,3.0,13.0,66.0,2.0,24.0,48.0,40.0,2.0
6.0,32.0,76.0,64.0,3.0,38.0,12.0,3.0,3.0,6.0,33.0,1.0
65.0,16.0,61.0,21.0,4.0,17.0,109.0,5.0,81.0,15.0,13.0,0.0
63.0,1.0,21.0,14.0,1.0,9.0,129.0,9.0,31.0,48.0,40.0,0.0
89.0,71.0,69.0,65.0,1.0,18.0,15.0,0.0,74.0,65.0,47.0,0.0
37.0,44.0,70.0,20.0,0.0,5.0,26.0,0.0,54.0,8.0,35.0,1.0
25.0,74.0,39.0,12.0,3.0,22.0,10.0,0.0,41.0,4.0,3.0,0.0
31.0,39.0,41.0,29.0,2.0,28.0,101.0,8.0,37.0,45.0,0.0,0.0
65.0,16.0,61.0,21.0,4.0,17.0,109.0,5.0,81.0,15.0,13.0,0.0
49.0,8.0,70.0,13.0,3.0,12.0,45.0,0.0,78.0,1.0,4.0,2.0
28.0,27.0,19.0,13.0,3.0,20.0,75.0,1.0,29.0,70.0,13.0,1.0
14.0,57.0,4.0,11.0,1.0,20.0,68.0,1.0,31.0,6.0,27.0,3.0
28.0,27.0,19.0,13.0,3.0,20.0,75.0,1.0,29.0,70.0,13.0,1.0
5.0,32.0,13.0,4.0,0.0,2.0,45.0,0.0,33.0,31.0,9.0,0.0
28.0,43.0,3.0,4.0,0.0,5.0,42.0,1.0,6.0,49.0,13.0,1.0
36.0,3.0,58.0,3.0,10.0,20.0,68.0,1.0,13.0,36.0,17.0,1.0
90.0,18.0,28.0,6.0,2.0,2.0,2.0,8.0,70.0,22.0,17.0,0.0
37.0,12.0,16.0,6.0,0.0,1.0,103.0,0.0,37.0,0.0,10.0,0.0
15.0,17.0,5.0,3.0,32.0,10.0,20.0,0.0,64.0,23.0,3.0,1.0
81.0,50.0,59.0,6.0,0.0,10.0,25.0,5.0,82.0,22.0,5.0,1.0
53.0,35.0,27.0,2.0,14.0,2.0,50.0,1.0,30.0,6.0,27.0,0.0
81.0,50.0,59.0,6.0,0.0,10.0,25.0,5.0,82.0,22.0,5.0,1.0
12.0,18.0,18.0,14.0,0.0,24.0,36.0,2.0,2.0,3.0,2.0,0.0
39.0,35.0,14.0,10.0,3.0,20.0,68.0,1.0,1.0,9.0,3.0,0.0
63.0,83.0,71.0,6.0,0.0,36.0,121.0,0.0,30.0,17.0,3.0,0.0
39.0,35.0,14.0,10.0,3.0,20.0,68.0,1.0,1.0,9.0,3.0,0.0
51.0,18.0,75.0,21.0,0.0,22.0,118.0,0.0,41.0,48.0,8.0,1.0
29.0,19.0,61.0,21.0,14.0,23.0,50.0,0.0,2.0,2.0,17.0,0.0
51.0,18.0,75.0,21.0,0.0,22.0,118.0,0.0,41.0,48.0,8.0,1.0
25.0,76.0,15.0,2.0,0.0,23.0,50.0,0.0,20.0,25.0,6.0,0.0
15.0,41.0,44.0,1.0,0.0,50.0,28.0,0.0,26.0,17.0,2.0,0.0
51.0,66.0,59.0,34.0,14.0,28.0,85.0,1.0,35.0,8.0,13.0,0.0
61.0,16.0,55.0,0.0,3.0,2.0,4.0,8.0,57.0,50.0,9.0,0.0
30.0,25.0,29.0,21.0,2.0,6.0,10.0,2.0,25.0,50.0,17.0,1.0
9.0,73.0,13.0,66.0,0.0,36.0,96.0,0.0,24.0,8.0,1.0,0.0
10.0,41.0,29.0,1.0,14.0,20.0,25.0,1.0,42.0,0.0,33.0,0.0
63.0,65.0,51.0,2.0,0.0,9.0,130.0,0.0,28.0,25.0,0.0,0.0
10.0,41.0,29.0,1.0,14.0,20.0,25.0,1.0,42.0,0.0,33.0,0.0
14.0,6.0,8.0,3.0,3.0,4.0,4.0,1.0,32.0,23.0,7.0,0.0
70.0,53.0,29.0,32.0,1.0,4.0,86.0,8.0,8.0,20.0,10.0,0.0
21.0,4.0,1.0,4.0,21.0,15.0,131.0,2.0,20.0,5.0,0.0,0.0
10.0,23.0,12.0,3.0,26.0,20.0,118.0,0.0,4.0,83.0,0.0,0.0
0.0,84.0,0.0,67.0,1.0,20.0,30.0,1.0,48.0,8.0,19.0,5.0
42.0,82.0,18.0,1.0,2.0,23.0,93.0,8.0,26.0,8.0,1.0,0.0
25.0,17.0,11.0,6.0,33.0,6.0,65.0,0.0,70.0,85.0,9.0,0.0
38.0,61.0,51.0,20.0,0.0,14.0,115.0,0.0,29.0,34.0,0.0,0.0
38.0,74.0,13.0,30.0,0.0,38.0,51.0,0.0,33.0,45.0,0.0,0.0
91.0,74.0,4.0,26.0,34.0,30.0,83.0,7.0,27.0,34.0,29.0,1.0
27.0,6.0,4.0,17.0,3.0,17.0,105.0,1.0,17.0,48.0,3.0,1.0
27.0,6.0,4.0,17.0,3.0,17.0,105.0,1.0,17.0,48.0,3.0,1.0
37.0,9.0,10.0,33.0,2.0,30.0,97.0,8.0,33.0,17.0,10.0,0.0
55.0,23.0,46.0,17.0,3.0,20.0,27.0,5.0,11.0,34.0,14.0,1.0
62.0,40.0,27.0,29.0,0.0,39.0,77.0,0.0,41.0,6.0,11.0,1.0
27.0,6.0,4.0,17.0,3.0,17.0,105.0,1.0,17.0,48.0,3.0,1.0
27.0,53.0,4.0,17.0,3.0,5.0,17.0,1.0,17.0,48.0,0.0,1.0
5.0,23.0,12.0,1.0,3.0,18.0,127.0,1.0,29.0,49.0,13.0,3.0
70.0,75.0,1.0,4.0,0.0,15.0,30.0,0.0,40.0,8.0,10.0,3.0
35.0,85.0,26.0,63.0,3.0,0.0,2.0,5.0,42.0,50.0,6.0,0.0
27.0,41.0,6.0,6.0,2.0,13.0,27.0,2.0,20.0,5.0,2.0,0.0
0.0,17.0,9.0,22.0,0.0,6.0,16.0,1.0,42.0,27.0,4.0,0.0
1.0,39.0,20.0,14.0,3.0,0.0,19.0,2.0,16.0,45.0,41.0,1.0
31.0,30.0,39.0,4.0,14.0,4.0,100.0,0.0,63.0,22.0,2.0,1.0
62.0,40.0,27.0,20.0,0.0,14.0,127.0,5.0,57.0,6.0,11.0,0.0
8.0,11.0,71.0,22.0,2.0,6.0,40.0,8.0,12.0,45.0,3.0,0.0
22.0,22.0,0.0,33.0,0.0,4.0,100.0,5.0,6.0,67.0,0.0,0.0
30.0,16.0,5.0,2.0,0.0,13.0,103.0,0.0,16.0,4.0,0.0,0.0
59.0,34.0,10.0,1.0,0.0,14.0,110.0,0.0,8.0,27.0,1.0,0.0
28.0,17.0,8.0,30.0,3.0,4.0,0.0,1.0,40.0,25.0,5.0,1.0
30.0,16.0,5.0,2.0,0.0,13.0,103.0,0.0,16.0,4.0,0.0,0.0
11.0,73.0,15.0,1.0,0.0,23.0,85.0,1.0,25.0,6.0,2.0,0.0
35.0,11.0,1.0,6.0,0.0,13.0,57.0,0.0,49.0,81.0,13.0,0.0
14.0,4.0,0.0,9.0,2.0,3.0,36.0,0.0,18.0,8.0,3.0,0.0
35.0,11.0,1.0,6.0,0.0,13.0,57.0,0.0,49.0,81.0,13.0,0.0
8.0,61.0,18.0,68.0,2.0,9.0,56.0,0.0,60.0,17.0,5.0,0.0
11.0,32.0,6.0,30.0,0.0,2.0,103.0,1.0,25.0,20.0,2.0,0.0
14.0,30.0,23.0,21.0,10.0,37.0,89.0,1.0,82.0,86.0,3.0,0.0
5.0,86.0,44.0,32.0,2.0,20.0,32.0,2.0,34.0,23.0,40.0,3.0
38.0,4.0,41.0,22.0,0.0,20.0,68.0,0.0,40.0,21.0,21.0,0.0
10.0,49.0,22.0,20.0,0.0,30.0,85.0,5.0,15.0,53.0,42.0,1.0
23.0,43.0,4.0,3.0,3.0,15.0,18.0,1.0,18.0,1.0,3.0,0.0
23.0,43.0,4.0,3.0,3.0,15.0,18.0,1.0,18.0,1.0,3.0,0.0
23.0,67.0,48.0,33.0,3.0,29.0,96.0,3.0,56.0,50.0,46.0,1.0
76.0,39.0,62.0,2.0,35.0,23.0,16.0,0.0,10.0,48.0,13.0,0.0
8.0,1.0,78.0,69.0,2.0,15.0,30.0,5.0,32.0,9.0,24.0,0.0
4.0,57.0,48.0,17.0,2.0,13.0,27.0,1.0,5.0,5.0,13.0,0.0
27.0,25.0,71.0,30.0,0.0,6.0,97.0,0.0,66.0,23.0,3.0,0.0
21.0,11.0,24.0,6.0,0.0,5.0,41.0,5.0,26.0,34.0,8.0,0.0
21.0,87.0,44.0,17.0,4.0,0.0,57.0,2.0,2.0,15.0,3.0,0.0
21.0,87.0,44.0,17.0,4.0,0.0,57.0,2.0,2.0,15.0,3.0,0.0
39.0,12.0,0.0,14.0,2.0,27.0,96.0,8.0,23.0,2.0,8.0,1.0
38.0,73.0,29.0,20.0,2.0,31.0,126.0,0.0,60.0,0.0,5.0,0.0
38.0,22.0,0.0,12.0,2.0,27.0,86.0,5.0,7.0,23.0,8.0,0.0
15.0,2.0,7.0,47.0,0.0,23.0,20.0,1.0,19.0,1.0,24.0,1.0
42.0,52.0,18.0,1.0,0.0,31.0,132.0,0.0,25.0,6.0,3.0,0.0
83.0,9.0,0.0,0.0,3.0,5.0,7.0,1.0,18.0,2.0,5.0,0.0
48.0,19.0,55.0,20.0,1.0,1.0,82.0,8.0,35.0,17.0,2.0,0.0
52.0,15.0,36.0,30.0,1.0,14.0,82.0,8.0,35.0,27.0,3.0,0.0
4.0,31.0,8.0,17.0,3.0,23.0,66.0,0.0,14.0,24.0,3.0,1.0
39.0,50.0,60.0,14.0,0.0,23.0,125.0,0.0,4.0,5.0,9.0,1.0
25.0,44.0,33.0,1.0,0.0,6.0,117.0,0.0,4.0,25.0,0.0,0.0
28.0,8.0,8.0,17.0,3.0,23.0,50.0,0.0,14.0,53.0,13.0,1.0
4.0,31.0,8.0,17.0,3.0,23.0,66.0,0.0,14.0,24.0,3.0,1.0
15.0,6.0,44.0,29.0,2.0,3.0,4.0,0.0,40.0,21.0,3.0,0.0
15.0,6.0,44.0,29.0,2.0,3.0,4.0,0.0,40.0,21.0,3.0,0.0
11.0,45.0,78.0,14.0,1.0,38.0,116.0,0.0,5.0,45.0,0.0,0.0
15.0,6.0,44.0,29.0,2.0,3.0,4.0,0.0,40.0,21.0,3.0,0.0
1.0,61.0,42.0,10.0,33.0,16.0,109.0,1.0,75.0,82.0,7.0,1.0
1.0,88.0,19.0,0.0,14.0,18.0,62.0,3.0,0.0,59.0,19.0,1.0
13.0,65.0,45.0,6.0,14.0,2.0,100.0,3.0,58.0,4.0,40.0,1.0
10.0,67.0,0.0,21.0,0.0,13.0,50.0,1.0,28.0,15.0,1.0,0.0
10.0,67.0,0.0,21.0,0.0,13.0,50.0,1.0,28.0,15.0,1.0,0.0
18.0,32.0,14.0,14.0,2.0,25.0,77.0,0.0,43.0,9.0,5.0,0.0
38.0,7.0,21.0,20.0,0.0,5.0,126.0,0.0,22.0,6.0,10.0,0.0
29.0,4.0,31.0,6.0,1.0,20.0,19.0,1.0,28.0,84.0,13.0,0.0
18.0,0.0,0.0,10.0,3.0,17.0,27.0,1.0,33.0,17.0,2.0,1.0
29.0,4.0,31.0,6.0,1.0,20.0,19.0,1.0,28.0,84.0,13.0,0.0
70.0,21.0,15.0,20.0,2.0,0.0,83.0,5.0,33.0,21.0,3.0,1.0
42.0,26.0,44.0,22.0,2.0,23.0,103.0,5.0,33.0,8.0,3.0,1.0
18.0,12.0,8.0,29.0,2.0,23.0,108.0,1.0,37.0,8.0,0.0,0.0
5.0,5.0,51.0,30.0,1.0,4.0,102.0,5.0,19.0,34.0,3.0,0.0
14.0,12.0,4.0,2.0,0.0,38.0,43.0,1.0,66.0,17.0,10.0,1.0
3.0,49.0,45.0,0.0,0.0,22.0,109.0,1.0,5.0,8.0,13.0,0.0
14.0,12.0,4.0,2.0,0.0,38.0,43.0,1.0,66.0,17.0,10.0,1.0
37.0,22.0,31.0,12.0,0.0,12.0,87.0,0.0,8.0,21.0,0.0,0.0
76.0,43.0,76.0,2.0,0.0,12.0,88.0,0.0,63.0,21.0,0.0,0.0
3.0,18.0,7.0,3.0,26.0,47.0,83.0,1.0,4.0,51.0,3.0,1.0
3.0,18.0,23.0,3.0,26.0,51.0,36.0,1.0,33.0,18.0,3.0,1.0
28.0,62.0,0.0,22.0,1.0,22.0,20.0,2.0,15.0,4.0,2.0,0.0
12.0,75.0,8.0,12.0,17.0,52.0,103.0,2.0,20.0,23.0,15.0,1.0
12.0,53.0,41.0,12.0,17.0,10.0,7.0,2.0,20.0,20.0,15.0,1.0
15.0,16.0,23.0,23.0,0.0,22.0,0.0,0.0,6.0,45.0,4.0,0.0
14.0,27.0,48.0,1.0,0.0,14.0,107.0,1.0,23.0,23.0,1.0,0.0
27.0,43.0,0.0,6.0,23.0,23.0,36.0,1.0,33.0,23.0,0.0,1.0
83.0,73.0,16.0,12.0,4.0,5.0,16.0,1.0,83.0,2.0,1.0,0.0
38.0,60.0,35.0,12.0,0.0,39.0,33.0,0.0,6.0,17.0,2.0,0.0
83.0,73.0,16.0,12.0,4.0,5.0,16.0,1.0,83.0,2.0,1.0,0.0
14.0,12.0,45.0,14.0,0.0,28.0,55.0,1.0,66.0,20.0,1.0,0.0
59.0,64.0,75.0,2.0,0.0,0.0,48.0,0.0,25.0,15.0,3.0,0.0
59.0,64.0,75.0,2.0,0.0,0.0,48.0,0.0,25.0,15.0,3.0,0.0
53.0,11.0,18.0,21.0,0.0,27.0,96.0,5.0,64.0,0.0,11.0,1.0
53.0,11.0,18.0,21.0,0.0,27.0,96.0,5.0,64.0,0.0,11.0,1.0
25.0,33.0,41.0,29.0,1.0,14.0,34.0,0.0,75.0,9.0,8.0,0.0
0.0,56.0,27.0,1.0,0.0,30.0,21.0,1.0,24.0,1.0,10.0,1.0
18.0,53.0,41.0,29.0,0.0,1.0,133.0,0.0,22.0,8.0,13.0,0.0
14.0,10.0,4.0,14.0,0.0,3.0,28.0,1.0,26.0,23.0,10.0,1.0
21.0,5.0,0.0,1.0,14.0,22.0,68.0,2.0,12.0,0.0,14.0,0.0
36.0,69.0,36.0,2.0,3.0,22.0,72.0,3.0,10.0,17.0,31.0,1.0
51.0,54.0,23.0,1.0,25.0,22.0,3.0,0.0,67.0,73.0,17.0,0.0
22.0,73.0,13.0,14.0,25.0,38.0,60.0,1.0,60.0,30.0,13.0,0.0
29.0,56.0,40.0,4.0,21.0,14.0,45.0,3.0,47.0,70.0,14.0,2.0
37.0,8.0,71.0,35.0,0.0,20.0,30.0,5.0,40.0,9.0,19.0,1.0
37.0,8.0,71.0,35.0,0.0,20.0,30.0,5.0,40.0,9.0,19.0,1.0
28.0,10.0,6.0,36.0,0.0,39.0,63.0,2.0,28.0,27.0,0.0,0.0
25.0,39.0,22.0,34.0,3.0,17.0,118.0,1.0,22.0,81.0,2.0,0.0
91.0,12.0,0.0,10.0,21.0,16.0,80.0,6.0,69.0,87.0,20.0,2.0
21.0,11.0,6.0,14.0,4.0,16.0,29.0,1.0,47.0,22.0,13.0,1.0
35.0,27.0,25.0,30.0,0.0,15.0,7.0,1.0,2.0,6.0,6.0,1.0
39.0,3.0,33.0,12.0,10.0,15.0,37.0,4.0,24.0,49.0,29.0,2.0
35.0,81.0,61.0,6.0,21.0,15.0,37.0,4.0,63.0,33.0,31.0,2.0
39.0,3.0,33.0,12.0,10.0,15.0,37.0,4.0,24.0,49.0,29.0,2.0
0.0,52.0,20.0,0.0,6.0,15.0,32.0,1.0,2.0,61.0,5.0,0.0
11.0,61.0,13.0,20.0,3.0,15.0,25.0,1.0,49.0,21.0,15.0,1.0
4.0,17.0,44.0,1.0,3.0,15.0,30.0,2.0,4.0,5.0,4.0,0.0
84.0,8.0,46.0,20.0,3.0,22.0,52.0,8.0,75.0,1.0,18.0,1.0
51.0,25.0,50.0,14.0,1.0,28.0,86.0,0.0,47.0,33.0,14.0,0.0
12.0,15.0,18.0,17.0,1.0,15.0,134.0,3.0,32.0,3.0,25.0,3.0
73.0,19.0,36.0,20.0,1.0,27.0,95.0,5.0,25.0,62.0,33.0,1.0
51.0,25.0,50.0,14.0,1.0,28.0,86.0,0.0,47.0,33.0,14.0,0.0
63.0,31.0,9.0,33.0,0.0,17.0,26.0,0.0,22.0,3.0,4.0,1.0
51.0,29.0,49.0,4.0,0.0,27.0,42.0,3.0,8.0,24.0,36.0,1.0
14.0,49.0,0.0,70.0,3.0,14.0,62.0,2.0,40.0,67.0,0.0,0.0
70.0,4.0,26.0,33.0,1.0,5.0,5.0,8.0,8.0,8.0,13.0,0.0
27.0,22.0,0.0,0.0,1.0,5.0,57.0,2.0,16.0,23.0,10.0,0.0
92.0,32.0,0.0,17.0,10.0,6.0,45.0,7.0,84.0,30.0,23.0,2.0
6.0,45.0,78.0,6.0,0.0,2.0,58.0,1.0,56.0,31.0,1.0,0.0
6.0,45.0,78.0,6.0,0.0,2.0,58.0,1.0,56.0,31.0,1.0,0.0
14.0,61.0,10.0,20.0,3.0,10.0,20.0,1.0,47.0,17.0,15.0,0.0
14.0,73.0,16.0,20.0,0.0,2.0,16.0,2.0,6.0,50.0,19.0,0.0
5.0,69.0,71.0,2.0,10.0,15.0,84.0,3.0,20.0,31.0,27.0,2.0
14.0,73.0,16.0,20.0,0.0,2.0,16.0,2.0,6.0,50.0,19.0,0.0
1.0,43.0,22.0,2.0,3.0,32.0,36.0,4.0,18.0,30.0,46.0,4.0
93.0,10.0,6.0,17.0,3.0,6.0,52.0,4.0,69.0,32.0,42.0,1.0
5.0,22.0,19.0,14.0,14.0,20.0,131.0,2.0,12.0,21.0,18.0,3.0
93.0,10.0,6.0,17.0,3.0,6.0,52.0,4.0,69.0,32.0,42.0,1.0
60.0,59.0,49.0,18.0,31.0,32.0,103.0,0.0,12.0,61.0,6.0,5.0
48.0,74.0,40.0,4.0,16.0,37.0,47.0,0.0,12.0,61.0,6.0,3.0
18.0,22.0,31.0,4.0,2.0,6.0,17.0,1.0,29.0,5.0,0.0,0.0
11.0,26.0,44.0,18.0,3.0,29.0,92.0,1.0,5.0,27.0,8.0,0.0
6.0,3.0,10.0,12.0,36.0,37.0,135.0,11.0,2.0,35.0,32.0,2.0
6.0,3.0,10.0,12.0,36.0,37.0,135.0,11.0,2.0,35.0,32.0,2.0
36.0,30.0,52.0,4.0,0.0,5.0,66.0,1.0,47.0,26.0,40.0,2.0
94.0,8.0,1.0,21.0,2.0,4.0,72.0,2.0,18.0,5.0,2.0,0.0
52.0,32.0,39.0,71.0,2.0,5.0,0.0,1.0,47.0,32.0,44.0,2.0
24.0,4.0,0.0,22.0,11.0,14.0,50.0,2.0,19.0,19.0,15.0,0.0
62.0,8.0,59.0,1.0,11.0,32.0,117.0,1.0,22.0,53.0,18.0,1.0
14.0,22.0,52.0,6.0,2.0,5.0,107.0,2.0,8.0,34.0,0.0,0.0
59.0,81.0,58.0,10.0,14.0,39.0,45.0,2.0,64.0,26.0,12.0,1.0
23.0,53.0,14.0,3.0,0.0,16.0,50.0,1.0,52.0,22.0,1.0,0.0
23.0,53.0,14.0,3.0,0.0,16.0,50.0,1.0,52.0,22.0,1.0,0.0
0.0,21.0,17.0,3.0,0.0,23.0,41.0,0.0,23.0,49.0,6.0,1.0
23.0,53.0,14.0,3.0,0.0,16.0,50.0,1.0,52.0,22.0,1.0,0.0
23.0,33.0,14.0,4.0,0.0,23.0,109.0,1.0,9.0,22.0,1.0,0.0
29.0,16.0,40.0,0.0,2.0,5.0,57.0,1.0,8.0,21.0,3.0,0.0
29.0,16.0,40.0,0.0,2.0,5.0,57.0,1.0,8.0,21.0,3.0,0.0
30.0,32.0,51.0,14.0,0.0,39.0,115.0,0.0,49.0,80.0,10.0,0.0
29.0,71.0,61.0,18.0,0.0,34.0,92.0,1.0,17.0,24.0,18.0,1.0
29.0,71.0,61.0,18.0,0.0,34.0,92.0,1.0,17.0,24.0,18.0,1.0
11.0,34.0,4.0,14.0,3.0,13.0,30.0,3.0,0.0,33.0,32.0,2.0
29.0,71.0,61.0,18.0,0.0,34.0,92.0,1.0,17.0,24.0,18.0,1.0
39.0,66.0,71.0,14.0,3.0,6.0,62.0,2.0,20.0,41.0,33.0,2.0
87.0,3.0,39.0,10.0,10.0,3.0,109.0,1.0,30.0,48.0,12.0,2.0
19.0,11.0,25.0,3.0,3.0,2.0,52.0,4.0,20.0,38.0,40.0,1.0
28.0,9.0,3.0,30.0,0.0,2.0,55.0,1.0,0.0,8.0,3.0,0.0
41.0,89.0,62.0,6.0,21.0,2.0,77.0,4.0,83.0,23.0,24.0,1.0
5.0,32.0,51.0,30.0,3.0,22.0,105.0,2.0,47.0,81.0,21.0,0.0
28.0,9.0,3.0,14.0,0.0,3.0,127.0,1.0,0.0,17.0,10.0,0.0
28.0,9.0,3.0,30.0,0.0,2.0,55.0,1.0,0.0,8.0,3.0,0.0
28.0,53.0,19.0,1.0,0.0,6.0,80.0,1.0,0.0,8.0,10.0,0.0
19.0,17.0,25.0,2.0,3.0,4.0,52.0,4.0,31.0,26.0,33.0,1.0
12.0,31.0,29.0,6.0,3.0,4.0,57.0,4.0,20.0,65.0,40.0,1.0
19.0,11.0,25.0,3.0,3.0,2.0,52.0,4.0,20.0,38.0,40.0,1.0
11.0,33.0,48.0,6.0,0.0,29.0,44.0,2.0,32.0,31.0,18.0,1.0
21.0,49.0,45.0,17.0,14.0,43.0,44.0,4.0,31.0,6.0,37.0,1.0
12.0,11.0,48.0,18.0,2.0,37.0,29.0,3.0,46.0,6.0,12.0,0.0
4.0,64.0,18.0,6.0,3.0,31.0,103.0,2.0,15.0,8.0,2.0,3.0
70.0,63.0,30.0,4.0,3.0,10.0,37.0,2.0,22.0,3.0,42.0,2.0
60.0,23.0,58.0,17.0,1.0,10.0,37.0,1.0,54.0,2.0,37.0,2.0
18.0,30.0,33.0,20.0,4.0,22.0,20.0,2.0,33.0,36.0,37.0,2.0
14.0,74.0,0.0,21.0,3.0,22.0,30.0,3.0,20.0,3.0,18.0,3.0
21.0,49.0,45.0,17.0,14.0,43.0,44.0,4.0,31.0,6.0,37.0,1.0
18.0,10.0,9.0,36.0,2.0,24.0,59.0,0.0,49.0,15.0,2.0,1.0
28.0,5.0,1.0,14.0,0.0,30.0,77.0,1.0,46.0,21.0,3.0,0.0
42.0,11.0,8.0,4.0,0.0,13.0,6.0,2.0,30.0,50.0,6.0,0.0
11.0,49.0,0.0,17.0,3.0,24.0,19.0,3.0,26.0,2.0,25.0,1.0
35.0,30.0,7.0,32.0,23.0,16.0,72.0,3.0,49.0,41.0,35.0,1.0
28.0,5.0,1.0,14.0,0.0,30.0,77.0,1.0,46.0,21.0,3.0,0.0
18.0,10.0,9.0,36.0,2.0,24.0,59.0,0.0,49.0,15.0,2.0,1.0
8.0,37.0,16.0,14.0,2.0,5.0,26.0,0.0,16.0,31.0,4.0,0.0
38.0,76.0,20.0,12.0,0.0,17.0,66.0,0.0,24.0,2.0,21.0,1.0
65.0,27.0,60.0,1.0,3.0,11.0,14.0,2.0,30.0,36.0,44.0,2.0
19.0,43.0,0.0,14.0,3.0,36.0,60.0,3.0,15.0,0.0,40.0,1.0
65.0,42.0,71.0,51.0,4.0,12.0,71.0,12.0,49.0,1.0,8.0,0.0
28.0,50.0,18.0,6.0,3.0,24.0,39.0,2.0,32.0,3.0,11.0,0.0
28.0,4.0,48.0,2.0,0.0,6.0,80.0,1.0,46.0,6.0,10.0,0.0
36.0,25.0,29.0,0.0,0.0,13.0,7.0,0.0,49.0,2.0,8.0,1.0
28.0,4.0,48.0,2.0,0.0,6.0,80.0,1.0,46.0,6.0,10.0,0.0
28.0,33.0,48.0,21.0,0.0,3.0,77.0,1.0,46.0,3.0,1.0,1.0
14.0,12.0,45.0,2.0,0.0,29.0,44.0,2.0,21.0,3.0,19.0,1.0
15.0,30.0,61.0,12.0,0.0,3.0,44.0,4.0,33.0,32.0,31.0,2.0
14.0,12.0,45.0,2.0,0.0,29.0,44.0,2.0,21.0,3.0,19.0,1.0
15.0,30.0,61.0,12.0,0.0,3.0,44.0,4.0,33.0,32.0,31.0,2.0
15.0,40.0,4.0,23.0,0.0,10.0,18.0,5.0,26.0,50.0,27.0,5.0
8.0,30.0,5.0,1.0,14.0,13.0,41.0,2.0,20.0,47.0,37.0,0.0
0.0,53.0,44.0,12.0,0.0,6.0,100.0,1.0,9.0,47.0,14.0,2.0
0.0,53.0,44.0,12.0,0.0,6.0,100.0,1.0,9.0,47.0,14.0,2.0
19.0,12.0,3.0,63.0,14.0,0.0,7.0,2.0,31.0,20.0,14.0,2.0
19.0,12.0,3.0,63.0,14.0,0.0,7.0,2.0,31.0,20.0,14.0,2.0
42.0,7.0,24.0,22.0,0.0,2.0,136.0,0.0,22.0,20.0,3.0,0.0
28.0,45.0,76.0,1.0,0.0,23.0,114.0,2.0,5.0,33.0,27.0,0.0
40.0,11.0,0.0,21.0,0.0,10.0,131.0,3.0,52.0,8.0,24.0,1.0
0.0,27.0,78.0,12.0,0.0,32.0,48.0,3.0,15.0,20.0,14.0,1.0
4.0,30.0,61.0,5.0,14.0,22.0,18.0,6.0,40.0,9.0,24.0,1.0
29.0,23.0,12.0,8.0,25.0,21.0,18.0,2.0,22.0,6.0,48.0,1.0
70.0,3.0,58.0,72.0,4.0,21.0,131.0,5.0,64.0,23.0,18.0,1.0
53.0,73.0,40.0,29.0,3.0,15.0,84.0,1.0,24.0,34.0,28.0,1.0
37.0,18.0,58.0,59.0,2.0,21.0,37.0,2.0,63.0,31.0,28.0,2.0
4.0,30.0,61.0,5.0,14.0,22.0,18.0,6.0,40.0,9.0,24.0,1.0
25.0,13.0,33.0,21.0,0.0,21.0,137.0,3.0,63.0,48.0,36.0,1.0
80.0,49.0,9.0,18.0,26.0,22.0,65.0,4.0,71.0,45.0,27.0,0.0
19.0,19.0,13.0,73.0,0.0,39.0,36.0,0.0,12.0,31.0,11.0,1.0
35.0,71.0,51.0,21.0,0.0,36.0,138.0,2.0,4.0,53.0,27.0,1.0
35.0,9.0,20.0,3.0,3.0,44.0,29.0,3.0,12.0,74.0,37.0,1.0
45.0,19.0,30.0,2.0,2.0,13.0,17.0,0.0,47.0,0.0,4.0,0.0
35.0,71.0,51.0,21.0,0.0,36.0,138.0,2.0,4.0,53.0,27.0,1.0
35.0,9.0,20.0,3.0,3.0,44.0,29.0,3.0,12.0,74.0,37.0,1.0
19.0,19.0,13.0,73.0,0.0,39.0,36.0,0.0,12.0,31.0,11.0,1.0
25.0,74.0,76.0,2.0,14.0,16.0,66.0,3.0,64.0,7.0,40.0,0.0
25.0,14.0,5.0,0.0,14.0,53.0,110.0,2.0,17.0,69.0,27.0,2.0
37.0,77.0,50.0,2.0,14.0,7.0,35.0,0.0,17.0,28.0,17.0,1.0
35.0,26.0,9.0,21.0,2.0,0.0,112.0,1.0,1.0,20.0,5.0,3.0
25.0,74.0,76.0,2.0,14.0,16.0,66.0,3.0,64.0,7.0,40.0,0.0
22.0,44.0,60.0,34.0,14.0,13.0,27.0,3.0,4.0,24.0,35.0,2.0
24.0,10.0,45.0,0.0,0.0,17.0,105.0,1.0,59.0,24.0,4.0,0.0
0.0,10.0,45.0,6.0,3.0,4.0,86.0,1.0,26.0,2.0,1.0,0.0
11.0,18.0,7.0,0.0,0.0,11.0,116.0,1.0,19.0,20.0,3.0,1.0
0.0,10.0,45.0,6.0,3.0,4.0,86.0,1.0,26.0,2.0,1.0,0.0
24.0,10.0,45.0,0.0,0.0,17.0,105.0,1.0,59.0,24.0,4.0,0.0
18.0,38.0,60.0,2.0,14.0,27.0,97.0,3.0,5.0,53.0,37.0,1.0
18.0,38.0,60.0,2.0,14.0,27.0,97.0,3.0,5.0,53.0,37.0,1.0
49.0,33.0,56.0,13.0,3.0,10.0,72.0,0.0,44.0,23.0,21.0,3.0
28.0,23.0,60.0,20.0,3.0,12.0,45.0,4.0,16.0,53.0,20.0,2.0
32.0,73.0,41.0,4.0,3.0,22.0,18.0,4.0,56.0,8.0,25.0,0.0
45.0,44.0,28.0,21.0,3.0,4.0,105.0,3.0,6.0,62.0,26.0,2.0
59.0,69.0,34.0,74.0,0.0,5.0,118.0,3.0,43.0,9.0,31.0,2.0
36.0,16.0,33.0,1.0,2.0,4.0,39.0,0.0,49.0,31.0,2.0,2.0
63.0,8.0,71.0,2.0,2.0,13.0,36.0,5.0,47.0,23.0,10.0,2.0
15.0,38.0,34.0,8.0,2.0,0.0,52.0,3.0,63.0,31.0,44.0,2.0
26.0,59.0,49.0,6.0,3.0,22.0,75.0,2.0,37.0,36.0,42.0,2.0
26.0,59.0,55.0,56.0,2.0,0.0,52.0,1.0,40.0,79.0,35.0,2.0
15.0,3.0,12.0,17.0,2.0,10.0,32.0,4.0,2.0,34.0,26.0,2.0
8.0,90.0,59.0,3.0,0.0,13.0,6.0,2.0,31.0,62.0,36.0,2.0
8.0,90.0,59.0,3.0,0.0,13.0,6.0,2.0,31.0,62.0,36.0,2.0
8.0,90.0,59.0,3.0,0.0,13.0,6.0,2.0,31.0,62.0,36.0,2.0
15.0,3.0,12.0,17.0,2.0,10.0,32.0,4.0,2.0,34.0,26.0,2.0
39.0,30.0,33.0,21.0,14.0,10.0,37.0,3.0,33.0,1.0,40.0,2.0
26.0,50.0,12.0,17.0,10.0,20.0,131.0,3.0,1.0,47.0,44.0,2.0
11.0,16.0,33.0,30.0,0.0,10.0,18.0,3.0,32.0,8.0,28.0,1.0
9.0,63.0,28.0,0.0,2.0,5.0,17.0,2.0,6.0,48.0,21.0,0.0
38.0,71.0,28.0,17.0,4.0,20.0,37.0,2.0,33.0,34.0,33.0,1.0
76.0,56.0,28.0,6.0,2.0,23.0,47.0,2.0,40.0,3.0,42.0,1.0
23.0,43.0,20.0,2.0,11.0,1.0,58.0,3.0,17.0,33.0,33.0,2.0
30.0,12.0,35.0,6.0,2.0,23.0,109.0,1.0,6.0,45.0,2.0,0.0
9.0,74.0,76.0,0.0,14.0,30.0,86.0,3.0,3.0,58.0,42.0,1.0
14.0,11.0,16.0,4.0,0.0,22.0,7.0,2.0,63.0,34.0,8.0,0.0
24.0,43.0,4.0,17.0,11.0,10.0,20.0,1.0,12.0,47.0,3.0,0.0
18.0,69.0,61.0,6.0,1.0,28.0,42.0,3.0,30.0,47.0,40.0,1.0
9.0,74.0,76.0,0.0,14.0,30.0,86.0,3.0,3.0,58.0,42.0,1.0
15.0,50.0,33.0,12.0,3.0,38.0,103.0,2.0,16.0,61.0,27.0,1.0
38.0,23.0,75.0,12.0,1.0,10.0,37.0,2.0,35.0,3.0,36.0,2.0
9.0,4.0,24.0,17.0,1.0,12.0,22.0,1.0,35.0,25.0,5.0,0.0
38.0,18.0,27.0,12.0,3.0,11.0,29.0,4.0,1.0,23.0,28.0,1.0
6.0,11.0,22.0,29.0,0.0,22.0,57.0,1.0,18.0,45.0,17.0,0.0
60.0,66.0,12.0,0.0,3.0,10.0,37.0,1.0,24.0,69.0,18.0,1.0
60.0,66.0,12.0,0.0,3.0,10.0,37.0,1.0,24.0,69.0,18.0,1.0
36.0,23.0,56.0,12.0,1.0,10.0,68.0,2.0,49.0,2.0,41.0,2.0
9.0,50.0,40.0,10.0,0.0,10.0,32.0,2.0,14.0,19.0,19.0,0.0
18.0,44.0,75.0,19.0,3.0,22.0,68.0,1.0,4.0,34.0,44.0,2.0
28.0,19.0,23.0,17.0,0.0,9.0,97.0,1.0,32.0,9.0,0.0,0.0
28.0,19.0,23.0,17.0,0.0,9.0,97.0,1.0,32.0,9.0,0.0,0.0
35.0,12.0,7.0,1.0,4.0,43.0,34.0,0.0,30.0,15.0,7.0,0.0
27.0,18.0,51.0,35.0,14.0,5.0,10.0,4.0,8.0,50.0,33.0,2.0
68.0,25.0,34.0,13.0,0.0,21.0,137.0,1.0,35.0,19.0,21.0,0.0
70.0,8.0,23.0,0.0,3.0,17.0,118.0,0.0,29.0,33.0,4.0,1.0
76.0,91.0,31.0,0.0,0.0,4.0,66.0,1.0,28.0,34.0,2.0,0.0
4.0,27.0,51.0,17.0,3.0,8.0,104.0,4.0,16.0,38.0,20.0,1.0
70.0,8.0,23.0,0.0,3.0,17.0,118.0,0.0,29.0,33.0,4.0,1.0
68.0,25.0,34.0,13.0,0.0,21.0,137.0,1.0,35.0,19.0,21.0,0.0
0.0,7.0,0.0,6.0,14.0,22.0,18.0,2.0,19.0,3.0,33.0,1.0
63.0,50.0,61.0,13.0,3.0,21.0,134.0,3.0,43.0,21.0,25.0,2.0
14.0,71.0,23.0,4.0,0.0,9.0,104.0,1.0,32.0,15.0,0.0,0.0
21.0,15.0,20.0,10.0,1.0,27.0,42.0,2.0,3.0,50.0,0.0,0.0
31.0,38.0,33.0,18.0,3.0,16.0,6.0,2.0,37.0,27.0,18.0,1.0
21.0,15.0,20.0,10.0,1.0,27.0,42.0,2.0,3.0,50.0,0.0,0.0
14.0,50.0,10.0,6.0,0.0,43.0,117.0,1.0,19.0,25.0,0.0,0.0
83.0,18.0,44.0,6.0,0.0,24.0,62.0,2.0,6.0,25.0,0.0,1.0
14.0,50.0,10.0,6.0,0.0,43.0,117.0,1.0,19.0,25.0,0.0,0.0
53.0,64.0,59.0,14.0,2.0,28.0,77.0,5.0,30.0,59.0,0.0,0.0
21.0,5.0,3.0,6.0,0.0,27.0,95.0,1.0,5.0,34.0,11.0,1.0
7.0,4.0,0.0,21.0,2.0,21.0,18.0,4.0,84.0,19.0,29.0,2.0
7.0,4.0,0.0,21.0,2.0,21.0,18.0,4.0,84.0,19.0,29.0,2.0
8.0,57.0,71.0,13.0,10.0,15.0,37.0,2.0,54.0,25.0,7.0,1.0
23.0,22.0,0.0,75.0,14.0,22.0,32.0,7.0,17.0,17.0,20.0,1.0
5.0,16.0,23.0,21.0,14.0,10.0,32.0,3.0,32.0,53.0,24.0,2.0
59.0,64.0,60.0,18.0,14.0,43.0,62.0,1.0,2.0,38.0,12.0,2.0
70.0,29.0,50.0,76.0,14.0,4.0,42.0,3.0,2.0,65.0,32.0,2.0
19.0,71.0,51.0,3.0,3.0,15.0,84.0,6.0,6.0,21.0,29.0,2.0
39.0,16.0,7.0,4.0,0.0,29.0,36.0,2.0,28.0,8.0,15.0,0.0
19.0,71.0,51.0,3.0,3.0,15.0,84.0,6.0,6.0,21.0,29.0,2.0
70.0,29.0,50.0,76.0,14.0,4.0,42.0,3.0,2.0,65.0,32.0,2.0
70.0,38.0,71.0,6.0,14.0,23.0,105.0,3.0,2.0,65.0,32.0,2.0
8.0,64.0,33.0,35.0,4.0,23.0,52.0,3.0,22.0,49.0,35.0,2.0
45.0,8.0,5.0,20.0,11.0,39.0,92.0,1.0,64.0,1.0,18.0,0.0
8.0,3.0,59.0,10.0,3.0,22.0,32.0,4.0,28.0,21.0,34.0,2.0
8.0,13.0,13.0,6.0,2.0,23.0,27.0,2.0,10.0,21.0,21.0,1.0
21.0,62.0,26.0,17.0,1.0,0.0,109.0,2.0,22.0,25.0,2.0,0.0
5.0,20.0,0.0,4.0,2.0,18.0,50.0,2.0,12.0,3.0,2.0,1.0
30.0,7.0,17.0,6.0,11.0,21.0,134.0,3.0,49.0,3.0,40.0,1.0
72.0,15.0,58.0,21.0,0.0,16.0,42.0,2.0,57.0,65.0,25.0,1.0
8.0,23.0,33.0,21.0,3.0,23.0,66.0,3.0,63.0,13.0,30.0,2.0
30.0,68.0,30.0,77.0,10.0,37.0,99.0,13.0,81.0,81.0,46.0,1.0
30.0,68.0,30.0,77.0,10.0,37.0,99.0,13.0,81.0,81.0,46.0,1.0
27.0,8.0,16.0,3.0,0.0,13.0,17.0,2.0,46.0,45.0,21.0,0.0
81.0,71.0,62.0,12.0,11.0,21.0,84.0,2.0,1.0,17.0,36.0,1.0
81.0,71.0,62.0,12.0,11.0,21.0,84.0,2.0,1.0,17.0,36.0,1.0
27.0,31.0,22.0,17.0,14.0,15.0,131.0,2.0,7.0,8.0,4.0,0.0
39.0,13.0,49.0,2.0,1.0,21.0,131.0,3.0,63.0,21.0,34.0,1.0
21.0,7.0,45.0,3.0,2.0,23.0,7.0,2.0,29.0,0.0,4.0,2.0
25.0,72.0,0.0,20.0,1.0,3.0,44.0,0.0,24.0,23.0,21.0,1.0
3.0,30.0,51.0,0.0,3.0,16.0,58.0,4.0,31.0,0.0,30.0,1.0
23.0,76.0,0.0,21.0,3.0,31.0,39.0,4.0,45.0,9.0,41.0,0.0
28.0,50.0,14.0,14.0,0.0,34.0,117.0,2.0,42.0,8.0,11.0,1.0
21.0,7.0,45.0,3.0,2.0,23.0,7.0,2.0,29.0,0.0,4.0,2.0
14.0,12.0,0.0,17.0,2.0,5.0,30.0,3.0,21.0,21.0,24.0,2.0
4.0,39.0,45.0,3.0,2.0,5.0,25.0,3.0,7.0,3.0,27.0,2.0
10.0,60.0,0.0,56.0,1.0,20.0,30.0,5.0,6.0,17.0,13.0,0.0
5.0,43.0,6.0,1.0,2.0,16.0,42.0,2.0,4.0,20.0,21.0,1.0
8.0,37.0,8.0,14.0,0.0,2.0,103.0,1.0,1.0,5.0,10.0,1.0
36.0,56.0,71.0,12.0,2.0,20.0,118.0,1.0,10.0,2.0,12.0,2.0
11.0,30.0,71.0,14.0,0.0,39.0,19.0,4.0,49.0,20.0,31.0,2.0
4.0,88.0,44.0,3.0,3.0,28.0,14.0,1.0,7.0,0.0,5.0,0.0
22.0,19.0,75.0,46.0,0.0,1.0,45.0,3.0,47.0,32.0,30.0,2.0
8.0,8.0,14.0,21.0,2.0,14.0,41.0,1.0,24.0,26.0,42.0,1.0
0.0,87.0,0.0,21.0,2.0,6.0,109.0,0.0,9.0,48.0,17.0,0.0
12.0,17.0,9.0,10.0,0.0,4.0,72.0,3.0,12.0,31.0,1.0,1.0
8.0,8.0,14.0,21.0,2.0,14.0,41.0,1.0,24.0,26.0,42.0,1.0
76.0,15.0,75.0,78.0,3.0,30.0,41.0,5.0,40.0,70.0,18.0,2.0
23.0,15.0,50.0,34.0,10.0,23.0,101.0,6.0,6.0,34.0,28.0,1.0
12.0,59.0,0.0,13.0,3.0,36.0,86.0,4.0,29.0,3.0,25.0,1.0
11.0,41.0,0.0,10.0,0.0,25.0,36.0,2.0,33.0,34.0,19.0,1.0
14.0,16.0,41.0,3.0,0.0,29.0,47.0,2.0,45.0,31.0,21.0,0.0
29.0,17.0,5.0,10.0,0.0,21.0,30.0,1.0,63.0,41.0,18.0,1.0
29.0,8.0,5.0,3.0,0.0,10.0,118.0,1.0,63.0,32.0,14.0,1.0
14.0,16.0,41.0,3.0,0.0,29.0,47.0,2.0,45.0,31.0,21.0,0.0
9.0,73.0,70.0,13.0,27.0,6.0,36.0,1.0,70.0,88.0,5.0,0.0
7.0,10.0,35.0,12.0,3.0,27.0,105.0,6.0,69.0,21.0,20.0,0.0
15.0,44.0,49.0,2.0,3.0,5.0,75.0,4.0,12.0,32.0,46.0,2.0
39.0,53.0,76.0,6.0,1.0,20.0,110.0,1.0,35.0,34.0,7.0,1.0
39.0,53.0,76.0,6.0,1.0,20.0,110.0,1.0,35.0,34.0,7.0,1.0
8.0,61.0,43.0,36.0,1.0,21.0,37.0,2.0,25.0,20.0,44.0,2.0
11.0,32.0,21.0,9.0,1.0,31.0,69.0,0.0,30.0,6.0,7.0,0.0
59.0,52.0,32.0,12.0,2.0,24.0,39.0,1.0,43.0,62.0,41.0,2.0
8.0,61.0,43.0,36.0,1.0,21.0,37.0,2.0,25.0,20.0,44.0,2.0
48.0,80.0,32.0,3.0,3.0,21.0,84.0,0.0,37.0,49.0,6.0,1.0
70.0,18.0,56.0,3.0,3.0,22.0,20.0,3.0,25.0,47.0,31.0,4.0
30.0,23.0,40.0,0.0,1.0,10.0,25.0,2.0,4.0,31.0,25.0,1.0
26.0,29.0,69.0,12.0,0.0,10.0,118.0,2.0,49.0,19.0,37.0,1.0
39.0,34.0,22.0,6.0,3.0,20.0,37.0,4.0,8.0,6.0,37.0,1.0
21.0,10.0,8.0,12.0,0.0,10.0,75.0,2.0,40.0,23.0,17.0,1.0
24.0,27.0,6.0,12.0,3.0,4.0,72.0,4.0,20.0,53.0,31.0,2.0
52.0,30.0,43.0,21.0,14.0,21.0,37.0,2.0,65.0,26.0,18.0,2.0
52.0,30.0,43.0,21.0,14.0,21.0,37.0,2.0,65.0,26.0,18.0,2.0
30.0,9.0,52.0,20.0,2.0,31.0,39.0,1.0,33.0,34.0,14.0,0.0
29.0,44.0,59.0,18.0,14.0,27.0,16.0,3.0,64.0,74.0,42.0,2.0
5.0,75.0,24.0,79.0,1.0,24.0,107.0,5.0,1.0,3.0,5.0,0.0
28.0,64.0,31.0,3.0,0.0,25.0,112.0,1.0,20.0,3.0,3.0,1.0
30.0,9.0,50.0,30.0,2.0,6.0,16.0,1.0,33.0,3.0,19.0,1.0
5.0,75.0,24.0,79.0,1.0,24.0,107.0,5.0,1.0,3.0,5.0,0.0
70.0,81.0,71.0,6.0,3.0,50.0,1.0,0.0,32.0,61.0,17.0,2.0
59.0,13.0,2.0,6.0,3.0,21.0,84.0,3.0,30.0,24.0,25.0,1.0
25.0,56.0,69.0,38.0,0.0,21.0,84.0,0.0,63.0,3.0,27.0,0.0
25.0,56.0,69.0,38.0,0.0,21.0,84.0,0.0,63.0,3.0,27.0,0.0
3.0,38.0,42.0,57.0,10.0,54.0,139.0,6.0,68.0,27.0,34.0,2.0
57.0,69.0,2.0,13.0,10.0,21.0,84.0,3.0,3.0,27.0,37.0,1.0
3.0,38.0,42.0,57.0,10.0,54.0,140.0,6.0,68.0,27.0,34.0,2.0
28.0,23.0,23.0,3.0,3.0,43.0,104.0,1.0,21.0,20.0,3.0,1.0
22.0,32.0,59.0,12.0,3.0,36.0,5.0,2.0,24.0,32.0,35.0,1.0
28.0,23.0,23.0,3.0,3.0,43.0,104.0,1.0,21.0,20.0,3.0,1.0
19.0,61.0,6.0,3.0,3.0,19.0,60.0,3.0,54.0,50.0,13.0,0.0
9.0,50.0,33.0,80.0,14.0,21.0,131.0,1.0,12.0,22.0,41.0,2.0
3.0,92.0,49.0,4.0,14.0,30.0,26.0,4.0,40.0,47.0,40.0,1.0
48.0,19.0,36.0,18.0,1.0,18.0,95.0,1.0,65.0,62.0,6.0,2.0
48.0,19.0,36.0,18.0,1.0,18.0,95.0,1.0,65.0,62.0,6.0,2.0
53.0,66.0,36.0,0.0,0.0,33.0,108.0,3.0,74.0,19.0,37.0,4.0
3.0,50.0,49.0,6.0,2.0,17.0,27.0,3.0,7.0,23.0,25.0,1.0
27.0,45.0,22.0,6.0,0.0,13.0,20.0,3.0,15.0,20.0,24.0,1.0
42.0,30.0,5.0,21.0,0.0,0.0,50.0,2.0,24.0,61.0,35.0,2.0
24.0,35.0,22.0,16.0,11.0,5.0,118.0,1.0,7.0,50.0,14.0,1.0
37.0,18.0,39.0,14.0,2.0,10.0,75.0,0.0,30.0,15.0,4.0,0.0
24.0,35.0,22.0,16.0,11.0,5.0,118.0,1.0,7.0,50.0,14.0,1.0
25.0,27.0,60.0,18.0,1.0,20.0,7.0,1.0,1.0,9.0,0.0,0.0
30.0,30.0,59.0,17.0,32.0,20.0,20.0,4.0,30.0,70.0,31.0,2.0
25.0,27.0,60.0,18.0,1.0,20.0,7.0,1.0,1.0,9.0,0.0,0.0
35.0,50.0,49.0,17.0,3.0,12.0,58.0,4.0,11.0,41.0,26.0,1.0
0.0,17.0,76.0,17.0,3.0,16.0,105.0,4.0,7.0,19.0,35.0,1.0
40.0,61.0,22.0,10.0,0.0,30.0,26.0,4.0,19.0,8.0,40.0,1.0
0.0,17.0,76.0,17.0,3.0,16.0,105.0,4.0,7.0,19.0,35.0,1.0
30.0,61.0,71.0,21.0,3.0,6.0,105.0,4.0,8.0,22.0,26.0,1.0
13.0,43.0,10.0,17.0,10.0,4.0,85.0,4.0,31.0,23.0,29.0,0.0
39.0,80.0,49.0,0.0,3.0,5.0,118.0,4.0,25.0,8.0,34.0,1.0
70.0,38.0,75.0,6.0,3.0,13.0,52.0,3.0,63.0,58.0,32.0,2.0
10.0,41.0,44.0,34.0,2.0,15.0,68.0,5.0,6.0,50.0,3.0,0.0
51.0,74.0,27.0,17.0,6.0,29.0,116.0,0.0,10.0,62.0,14.0,1.0
15.0,52.0,0.0,13.0,3.0,10.0,30.0,2.0,28.0,31.0,2.0,1.0
44.0,32.0,76.0,6.0,2.0,12.0,92.0,3.0,85.0,31.0,34.0,2.0
3.0,44.0,75.0,18.0,14.0,10.0,19.0,4.0,40.0,33.0,27.0,1.0
8.0,77.0,61.0,4.0,3.0,21.0,37.0,1.0,54.0,20.0,3.0,1.0
33.0,18.0,56.0,60.0,10.0,11.0,46.0,13.0,45.0,22.0,49.0,1.0
27.0,22.0,19.0,14.0,2.0,2.0,6.0,2.0,12.0,23.0,33.0,1.0
27.0,22.0,19.0,14.0,2.0,2.0,6.0,2.0,12.0,23.0,33.0,1.0
27.0,22.0,19.0,14.0,2.0,2.0,6.0,2.0,12.0,23.0,33.0,1.0
14.0,15.0,20.0,17.0,3.0,16.0,52.0,6.0,4.0,17.0,39.0,1.0
7.0,4.0,0.0,14.0,3.0,22.0,25.0,6.0,14.0,3.0,20.0,0.0
3.0,45.0,71.0,14.0,0.0,17.0,118.0,7.0,1.0,53.0,16.0,4.0
24.0,8.0,0.0,3.0,14.0,14.0,66.0,4.0,32.0,21.0,34.0,1.0
13.0,74.0,0.0,13.0,14.0,29.0,100.0,7.0,19.0,25.0,34.0,1.0
65.0,18.0,30.0,0.0,0.0,3.0,10.0,1.0,54.0,2.0,40.0,1.0
83.0,7.0,0.0,21.0,1.0,21.0,68.0,2.0,71.0,34.0,24.0,3.0
18.0,77.0,52.0,10.0,14.0,4.0,42.0,4.0,37.0,20.0,33.0,2.0
41.0,29.0,31.0,10.0,14.0,21.0,18.0,7.0,5.0,8.0,50.0,1.0
13.0,2.0,0.0,29.0,3.0,39.0,39.0,4.0,0.0,23.0,24.0,1.0
53.0,16.0,50.0,30.0,1.0,31.0,67.0,0.0,49.0,1.0,2.0,0.0
72.0,16.0,52.0,34.0,2.0,38.0,104.0,0.0,25.0,47.0,4.0,1.0
70.0,5.0,0.0,0.0,14.0,20.0,37.0,0.0,64.0,19.0,21.0,1.0
93.0,92.0,14.0,10.0,10.0,55.0,106.0,6.0,29.0,81.0,3.0,0.0
0.0,71.0,71.0,3.0,0.0,30.0,86.0,6.0,12.0,11.0,49.0,2.0
28.0,61.0,19.0,16.0,2.0,13.0,7.0,1.0,42.0,1.0,40.0,2.0
9.0,3.0,52.0,10.0,14.0,10.0,25.0,3.0,4.0,30.0,37.0,2.0
30.0,81.0,27.0,10.0,3.0,18.0,24.0,3.0,12.0,23.0,36.0,1.0
60.0,27.0,59.0,6.0,0.0,10.0,68.0,0.0,49.0,62.0,25.0,1.0
60.0,27.0,59.0,6.0,0.0,10.0,68.0,0.0,49.0,62.0,25.0,1.0
5.0,19.0,26.0,49.0,1.0,11.0,43.0,0.0,37.0,3.0,7.0,0.0
39.0,31.0,18.0,6.0,0.0,6.0,80.0,0.0,16.0,31.0,3.0,1.0
4.0,18.0,23.0,10.0,0.0,25.0,138.0,1.0,31.0,2.0,3.0,1.0
39.0,23.0,51.0,14.0,0.0,38.0,15.0,2.0,63.0,58.0,27.0,1.0
12.0,25.0,15.0,12.0,21.0,10.0,32.0,4.0,4.0,2.0,25.0,1.0
27.0,14.0,23.0,3.0,3.0,6.0,75.0,1.0,56.0,38.0,2.0,1.0
4.0,13.0,29.0,2.0,3.0,9.0,104.0,2.0,15.0,34.0,11.0,0.0
39.0,70.0,27.0,14.0,0.0,43.0,47.0,1.0,46.0,70.0,21.0,1.0
1.0,8.0,20.0,3.0,5.0,10.0,6.0,2.0,8.0,69.0,1.0,1.0
53.0,19.0,59.0,46.0,3.0,10.0,30.0,1.0,25.0,50.0,37.0,2.0
1.0,15.0,49.0,6.0,2.0,5.0,6.0,3.0,5.0,22.0,41.0,1.0
53.0,64.0,39.0,6.0,14.0,10.0,18.0,2.0,22.0,9.0,35.0,1.0
39.0,44.0,51.0,20.0,3.0,15.0,32.0,3.0,4.0,62.0,29.0,2.0
40.0,7.0,29.0,14.0,21.0,6.0,104.0,4.0,18.0,2.0,31.0,1.0
15.0,5.0,21.0,21.0,11.0,5.0,86.0,2.0,30.0,17.0,1.0,0.0
45.0,32.0,52.0,17.0,0.0,3.0,86.0,2.0,22.0,22.0,42.0,1.0
24.0,7.0,0.0,21.0,1.0,26.0,73.0,3.0,52.0,1.0,25.0,1.0
15.0,5.0,21.0,21.0,11.0,5.0,86.0,2.0,30.0,17.0,1.0,0.0
9.0,68.0,11.0,81.0,3.0,50.0,77.0,3.0,24.0,62.0,37.0,2.0
91.0,31.0,8.0,17.0,21.0,6.0,82.0,7.0,18.0,69.0,20.0,2.0
6.0,19.0,27.0,20.0,0.0,18.0,2.0,2.0,21.0,89.0,12.0,1.0
26.0,19.0,27.0,21.0,4.0,0.0,16.0,1.0,3.0,48.0,14.0,0.0
62.0,71.0,32.0,2.0,2.0,10.0,75.0,1.0,37.0,53.0,42.0,2.0
18.0,25.0,27.0,13.0,0.0,23.0,6.0,2.0,25.0,13.0,17.0,1.0
9.0,13.0,49.0,2.0,0.0,23.0,27.0,4.0,37.0,33.0,37.0,2.0
38.0,36.0,18.0,10.0,0.0,13.0,6.0,1.0,40.0,48.0,2.0,0.0
38.0,36.0,18.0,10.0,0.0,13.0,6.0,1.0,40.0,48.0,2.0,0.0
9.0,59.0,56.0,0.0,7.0,2.0,86.0,2.0,68.0,90.0,0.0,0.0
59.0,45.0,31.0,6.0,4.0,22.0,3.0,1.0,82.0,75.0,17.0,0.0
39.0,44.0,61.0,14.0,3.0,11.0,103.0,3.0,29.0,11.0,26.0,2.0
83.0,50.0,76.0,20.0,3.0,17.0,83.0,4.0,25.0,0.0,35.0,1.0
11.0,8.0,7.0,2.0,2.0,20.0,30.0,3.0,29.0,34.0,24.0,1.0
42.0,71.0,71.0,4.0,14.0,20.0,32.0,1.0,1.0,48.0,4.0,1.0
14.0,12.0,0.0,21.0,0.0,39.0,83.0,3.0,21.0,1.0,14.0,1.0
31.0,32.0,58.0,17.0,3.0,20.0,20.0,2.0,63.0,30.0,34.0,1.0
11.0,71.0,13.0,10.0,0.0,39.0,9.0,1.0,18.0,34.0,3.0,1.0
11.0,71.0,13.0,10.0,0.0,39.0,9.0,1.0,18.0,34.0,3.0,1.0
83.0,10.0,0.0,21.0,1.0,56.0,5.0,3.0,56.0,49.0,24.0,1.0
83.0,1.0,48.0,31.0,0.0,12.0,62.0,2.0,9.0,15.0,40.0,3.0
14.0,4.0,0.0,12.0,10.0,10.0,18.0,6.0,7.0,22.0,46.0,2.0
7.0,82.0,0.0,17.0,21.0,3.0,114.0,6.0,50.0,24.0,25.0,0.0
39.0,64.0,50.0,12.0,0.0,0.0,62.0,2.0,63.0,70.0,27.0,1.0
39.0,64.0,50.0,12.0,0.0,0.0,62.0,2.0,63.0,70.0,27.0,1.0
63.0,15.0,27.0,75.0,3.0,20.0,18.0,3.0,43.0,4.0,25.0,0.0
26.0,18.0,33.0,14.0,3.0,34.0,2.0,0.0,12.0,61.0,4.0,1.0
19.0,4.0,19.0,4.0,3.0,6.0,48.0,2.0,40.0,23.0,8.0,0.0
6.0,53.0,29.0,17.0,0.0,0.0,34.0,3.0,6.0,49.0,18.0,0.0
27.0,16.0,23.0,6.0,2.0,10.0,41.0,6.0,24.0,4.0,36.0,1.0
24.0,76.0,48.0,82.0,0.0,10.0,32.0,2.0,14.0,15.0,28.0,0.0
27.0,16.0,23.0,6.0,2.0,10.0,41.0,6.0,24.0,4.0,36.0,1.0
6.0,53.0,29.0,17.0,0.0,0.0,34.0,3.0,6.0,49.0,18.0,0.0
18.0,79.0,35.0,3.0,0.0,20.0,27.0,2.0,4.0,81.0,13.0,3.0
70.0,18.0,32.0,59.0,0.0,10.0,75.0,1.0,8.0,6.0,31.0,1.0
83.0,54.0,0.0,2.0,6.0,10.0,32.0,2.0,69.0,27.0,14.0,0.0
28.0,81.0,30.0,14.0,14.0,0.0,95.0,4.0,14.0,7.0,26.0,2.0
23.0,54.0,0.0,2.0,6.0,10.0,32.0,2.0,69.0,27.0,14.0,0.0
27.0,37.0,20.0,3.0,4.0,2.0,60.0,2.0,49.0,20.0,3.0,1.0
32.0,16.0,25.0,3.0,0.0,14.0,14.0,2.0,14.0,23.0,3.0,1.0
3.0,7.0,29.0,2.0,0.0,12.0,43.0,1.0,25.0,3.0,3.0,1.0
21.0,43.0,14.0,18.0,3.0,15.0,131.0,3.0,3.0,8.0,1.0,1.0
21.0,66.0,31.0,6.0,10.0,27.0,110.0,3.0,30.0,36.0,18.0,1.0
3.0,7.0,29.0,2.0,0.0,12.0,43.0,1.0,25.0,3.0,3.0,1.0
21.0,43.0,14.0,18.0,3.0,15.0,131.0,3.0,3.0,8.0,1.0,1.0
3.0,50.0,5.0,0.0,3.0,20.0,37.0,4.0,63.0,8.0,40.0,2.0
25.0,32.0,61.0,3.0,3.0,10.0,32.0,3.0,7.0,47.0,32.0,4.0
59.0,34.0,9.0,45.0,4.0,25.0,120.0,5.0,37.0,21.0,0.0,0.0
28.0,71.0,58.0,17.0,3.0,38.0,83.0,3.0,20.0,58.0,27.0,2.0
28.0,71.0,58.0,17.0,3.0,38.0,83.0,3.0,20.0,58.0,27.0,2.0
28.0,71.0,58.0,17.0,3.0,38.0,83.0,3.0,20.0,58.0,27.0,2.0
59.0,49.0,46.0,10.0,31.0,38.0,39.0,0.0,7.0,87.0,2.0,0.0
28.0,71.0,58.0,17.0,3.0,38.0,83.0,3.0,20.0,58.0,27.0,2.0
32.0,15.0,27.0,6.0,3.0,16.0,52.0,4.0,19.0,69.0,40.0,2.0
19.0,6.0,4.0,17.0,0.0,17.0,25.0,3.0,7.0,34.0,21.0,1.0
24.0,59.0,26.0,17.0,0.0,18.0,101.0,2.0,29.0,34.0,8.0,0.0
19.0,6.0,4.0,17.0,0.0,17.0,25.0,3.0,7.0,34.0,21.0,1.0
45.0,23.0,49.0,0.0,3.0,20.0,68.0,1.0,30.0,13.0,4.0,1.0
26.0,44.0,58.0,0.0,0.0,10.0,131.0,2.0,60.0,25.0,21.0,1.0
18.0,69.0,58.0,17.0,1.0,28.0,10.0,3.0,2.0,0.0,33.0,1.0
3.0,43.0,13.0,6.0,0.0,13.0,138.0,1.0,40.0,47.0,3.0,1.0
39.0,50.0,30.0,0.0,14.0,45.0,108.0,4.0,22.0,70.0,35.0,1.0
39.0,18.0,13.0,0.0,0.0,17.0,52.0,2.0,47.0,47.0,12.0,1.0
38.0,15.0,33.0,26.0,21.0,1.0,24.0,3.0,1.0,26.0,18.0,1.0
56.0,13.0,28.0,3.0,25.0,3.0,83.0,1.0,8.0,32.0,24.0,1.0
56.0,13.0,28.0,3.0,25.0,3.0,83.0,1.0,8.0,32.0,24.0,1.0
10.0,52.0,25.0,21.0,0.0,25.0,67.0,1.0,2.0,4.0,13.0,1.0
72.0,71.0,39.0,21.0,3.0,5.0,17.0,2.0,22.0,62.0,35.0,1.0
73.0,15.0,34.0,14.0,0.0,17.0,75.0,5.0,44.0,38.0,15.0,1.0
42.0,73.0,29.0,1.0,2.0,30.0,110.0,5.0,30.0,27.0,0.0,0.0
5.0,7.0,48.0,56.0,0.0,29.0,29.0,2.0,65.0,5.0,5.0,0.0
38.0,7.0,21.0,6.0,1.0,17.0,6.0,0.0,63.0,53.0,13.0,0.0
91.0,32.0,0.0,3.0,21.0,30.0,77.0,7.0,50.0,24.0,49.0,2.0
11.0,16.0,7.0,17.0,0.0,27.0,116.0,1.0,20.0,31.0,3.0,0.0
21.0,68.0,71.0,30.0,3.0,2.0,96.0,3.0,42.0,41.0,37.0,1.0
1.0,60.0,45.0,1.0,3.0,56.0,69.0,2.0,12.0,34.0,14.0,0.0
11.0,16.0,7.0,17.0,0.0,27.0,116.0,1.0,20.0,31.0,3.0,0.0
26.0,80.0,30.0,21.0,14.0,16.0,58.0,2.0,22.0,50.0,8.0,3.0
14.0,37.0,45.0,21.0,14.0,0.0,7.0,7.0,5.0,91.0,29.0,1.0
94.0,44.0,51.0,83.0,10.0,10.0,22.0,2.0,4.0,0.0,24.0,3.0
1.0,39.0,0.0,10.0,3.0,22.0,118.0,1.0,2.0,31.0,0.0,1.0
14.0,37.0,45.0,21.0,14.0,0.0,7.0,7.0,5.0,91.0,29.0,1.0
10.0,35.0,0.0,14.0,0.0,23.0,52.0,0.0,12.0,4.0,13.0,3.0
83.0,26.0,0.0,60.0,14.0,0.0,75.0,3.0,19.0,0.0,37.0,3.0
5.0,10.0,24.0,10.0,0.0,37.0,3.0,3.0,60.0,91.0,8.0,0.0
63.0,56.0,61.0,14.0,0.0,31.0,9.0,1.0,3.0,20.0,1.0,0.0
38.0,18.0,75.0,6.0,14.0,2.0,4.0,4.0,49.0,23.0,28.0,1.0
15.0,11.0,25.0,12.0,0.0,13.0,80.0,0.0,42.0,34.0,3.0,0.0
93.0,29.0,21.0,84.0,3.0,57.0,141.0,1.0,24.0,8.0,15.0,1.0
0.0,39.0,9.0,3.0,0.0,2.0,0.0,1.0,45.0,1.0,4.0,0.0
0.0,34.0,19.0,10.0,2.0,2.0,103.0,3.0,54.0,25.0,2.0,0.0
0.0,39.0,9.0,3.0,0.0,2.0,0.0,1.0,45.0,1.0,4.0,0.0
12.0,19.0,50.0,21.0,0.0,18.0,58.0,3.0,31.0,13.0,42.0,1.0
14.0,5.0,45.0,2.0,0.0,38.0,16.0,3.0,20.0,45.0,18.0,1.0
14.0,5.0,45.0,2.0,0.0,38.0,16.0,3.0,20.0,45.0,18.0,1.0
5.0,7.0,16.0,21.0,0.0,29.0,3.0,2.0,8.0,20.0,1.0,0.0
14.0,49.0,0.0,3.0,11.0,10.0,30.0,2.0,19.0,3.0,1.0,0.0
3.0,4.0,0.0,13.0,1.0,10.0,68.0,2.0,15.0,3.0,3.0,0.0
1.0,0.0,3.0,0.0,0.0,28.0,19.0,2.0,20.0,47.0,18.0,0.0
40.0,53.0,4.0,12.0,3.0,39.0,29.0,4.0,17.0,67.0,27.0,0.0
5.0,12.0,25.0,3.0,0.0,45.0,3.0,3.0,60.0,84.0,5.0,0.0
27.0,7.0,10.0,43.0,2.0,23.0,59.0,2.0,29.0,49.0,27.0,1.0
19.0,53.0,0.0,30.0,11.0,2.0,100.0,3.0,32.0,19.0,33.0,1.0
19.0,53.0,0.0,30.0,11.0,2.0,100.0,3.0,32.0,19.0,33.0,1.0
25.0,53.0,42.0,3.0,13.0,27.0,14.0,2.0,65.0,92.0,8.0,0.0
13.0,40.0,0.0,6.0,0.0,3.0,52.0,4.0,52.0,21.0,40.0,3.0
63.0,25.0,60.0,14.0,0.0,32.0,116.0,1.0,30.0,3.0,1.0,0.0
39.0,41.0,0.0,21.0,2.0,4.0,72.0,0.0,42.0,4.0,13.0,3.0
9.0,56.0,51.0,3.0,3.0,39.0,47.0,3.0,12.0,53.0,37.0,1.0
28.0,43.0,35.0,2.0,0.0,6.0,58.0,2.0,12.0,23.0,15.0,1.0
28.0,43.0,35.0,2.0,0.0,6.0,58.0,2.0,12.0,23.0,15.0,1.0
60.0,16.0,56.0,2.0,3.0,4.0,27.0,2.0,60.0,69.0,25.0,1.0
12.0,19.0,13.0,6.0,0.0,14.0,47.0,1.0,17.0,21.0,3.0,1.0
95.0,17.0,48.0,3.0,21.0,31.0,28.0,11.0,23.0,38.0,23.0,4.0
33.0,23.0,45.0,4.0,10.0,39.0,3.0,11.0,86.0,13.0,23.0,1.0
4.0,59.0,24.0,4.0,10.0,38.0,60.0,4.0,12.0,6.0,32.0,1.0
93.0,73.0,0.0,0.0,0.0,1.0,83.0,4.0,23.0,17.0,40.0,0.0
5.0,7.0,24.0,6.0,3.0,32.0,83.0,3.0,60.0,59.0,8.0,0.0
1.0,7.0,78.0,17.0,1.0,3.0,58.0,4.0,47.0,17.0,40.0,1.0
30.0,49.0,25.0,2.0,0.0,4.0,98.0,1.0,47.0,8.0,3.0,1.0
9.0,18.0,33.0,62.0,10.0,21.0,37.0,2.0,8.0,0.0,35.0,3.0
27.0,22.0,0.0,0.0,4.0,21.0,37.0,2.0,7.0,23.0,10.0,1.0
30.0,49.0,25.0,2.0,0.0,4.0,98.0,1.0,47.0,8.0,3.0,1.0
63.0,38.0,61.0,10.0,14.0,21.0,131.0,3.0,37.0,6.0,24.0,2.0
14.0,73.0,24.0,0.0,0.0,31.0,2.0,2.0,42.0,31.0,21.0,1.0
14.0,73.0,24.0,0.0,0.0,31.0,2.0,2.0,42.0,31.0,21.0,1.0
3.0,75.0,0.0,6.0,0.0,5.0,57.0,2.0,24.0,1.0,18.0,1.0
22.0,33.0,10.0,30.0,1.0,3.0,59.0,1.0,2.0,19.0,17.0,1.0
27.0,32.0,9.0,2.0,3.0,30.0,58.0,3.0,5.0,0.0,18.0,0.0
81.0,56.0,56.0,3.0,2.0,28.0,62.0,1.0,30.0,6.0,4.0,0.0
14.0,93.0,40.0,14.0,3.0,3.0,50.0,6.0,7.0,8.0,26.0,1.0
30.0,5.0,6.0,1.0,14.0,21.0,134.0,6.0,49.0,93.0,22.0,0.0
27.0,5.0,23.0,42.0,3.0,28.0,38.0,5.0,4.0,85.0,17.0,0.0
27.0,5.0,23.0,42.0,3.0,28.0,38.0,5.0,4.0,85.0,17.0,0.0
11.0,34.0,0.0,0.0,1.0,10.0,32.0,3.0,6.0,20.0,27.0,0.0
39.0,53.0,44.0,17.0,3.0,1.0,3.0,2.0,40.0,13.0,18.0,1.0
93.0,18.0,78.0,12.0,14.0,16.0,66.0,4.0,71.0,48.0,26.0,1.0
5.0,2.0,0.0,0.0,0.0,10.0,32.0,1.0,16.0,50.0,10.0,3.0
39.0,53.0,44.0,17.0,3.0,1.0,3.0,2.0,40.0,13.0,18.0,1.0
24.0,33.0,0.0,60.0,2.0,8.0,142.0,2.0,1.0,67.0,3.0,0.0
24.0,33.0,0.0,60.0,2.0,8.0,142.0,2.0,1.0,67.0,3.0,0.0
28.0,52.0,16.0,17.0,14.0,2.0,10.0,6.0,7.0,45.0,44.0,1.0
17.0,5.0,0.0,13.0,14.0,0.0,7.0,7.0,19.0,0.0,28.0,1.0
11.0,94.0,0.0,17.0,31.0,20.0,131.0,3.0,23.0,91.0,18.0,5.0
16.0,6.0,0.0,52.0,0.0,2.0,66.0,4.0,85.0,45.0,31.0,1.0
6.0,91.0,19.0,6.0,1.0,28.0,125.0,2.0,58.0,30.0,32.0,1.0
70.0,56.0,51.0,17.0,14.0,15.0,25.0,2.0,4.0,7.0,40.0,1.0
30.0,3.0,40.0,3.0,0.0,31.0,117.0,3.0,6.0,22.0,40.0,0.0
11.0,36.0,14.0,2.0,2.0,14.0,117.0,2.0,54.0,81.0,5.0,0.0
5.0,10.0,31.0,0.0,3.0,38.0,77.0,2.0,4.0,17.0,1.0,0.0
31.0,22.0,51.0,14.0,2.0,18.0,119.0,0.0,40.0,34.0,11.0,0.0
19.0,21.0,22.0,9.0,3.0,2.0,10.0,3.0,31.0,9.0,42.0,3.0
31.0,22.0,51.0,14.0,2.0,18.0,119.0,0.0,40.0,34.0,11.0,0.0
27.0,9.0,44.0,13.0,3.0,29.0,73.0,2.0,8.0,45.0,5.0,0.0
5.0,10.0,31.0,0.0,3.0,38.0,77.0,2.0,4.0,17.0,1.0,0.0
83.0,31.0,26.0,22.0,14.0,23.0,42.0,6.0,24.0,20.0,29.0,1.0
30.0,95.0,14.0,0.0,0.0,16.0,95.0,3.0,16.0,5.0,4.0,0.0
27.0,71.0,14.0,2.0,2.0,28.0,9.0,2.0,20.0,8.0,11.0,1.0
27.0,71.0,14.0,12.0,2.0,38.0,59.0,2.0,20.0,17.0,11.0,1.0
5.0,33.0,76.0,6.0,0.0,3.0,119.0,2.0,2.0,3.0,1.0,1.0
44.0,34.0,0.0,5.0,21.0,6.0,29.0,6.0,87.0,20.0,31.0,1.0
59.0,59.0,58.0,21.0,2.0,13.0,95.0,2.0,64.0,47.0,36.0,1.0
5.0,33.0,76.0,6.0,0.0,3.0,119.0,2.0,2.0,3.0,1.0,1.0
70.0,2.0,42.0,10.0,27.0,30.0,60.0,1.0,88.0,94.0,7.0,1.0
31.0,4.0,71.0,1.0,2.0,23.0,77.0,0.0,2.0,22.0,11.0,0.0
33.0,34.0,0.0,5.0,21.0,6.0,29.0,6.0,87.0,20.0,31.0,1.0
70.0,50.0,49.0,3.0,14.0,5.0,7.0,4.0,64.0,21.0,25.0,0.0
70.0,71.0,61.0,3.0,14.0,14.0,92.0,3.0,64.0,38.0,27.0,2.0
6.0,73.0,18.0,10.0,0.0,30.0,0.0,3.0,5.0,23.0,12.0,1.0
6.0,73.0,18.0,10.0,0.0,30.0,0.0,3.0,5.0,23.0,12.0,1.0
6.0,73.0,18.0,10.0,0.0,30.0,0.0,3.0,5.0,23.0,12.0,1.0
6.0,73.0,18.0,10.0,0.0,30.0,0.0,3.0,5.0,23.0,12.0,1.0
83.0,27.0,15.0,3.0,3.0,4.0,86.0,2.0,16.0,9.0,8.0,0.0
0.0,5.0,31.0,17.0,0.0,3.0,119.0,2.0,40.0,0.0,1.0,1.0
0.0,5.0,31.0,17.0,0.0,3.0,119.0,2.0,40.0,0.0,1.0,1.0
1.0,67.0,31.0,8.0,4.0,43.0,1.0,1.0,2.0,4.0,5.0,0.0
35.0,15.0,44.0,10.0,0.0,10.0,105.0,2.0,75.0,59.0,10.0,1.0
70.0,41.0,25.0,21.0,0.0,23.0,103.0,0.0,64.0,27.0,13.0,0.0
28.0,57.0,0.0,6.0,6.0,15.0,18.0,2.0,5.0,9.0,2.0,0.0
24.0,7.0,4.0,12.0,3.0,27.0,4.0,4.0,12.0,22.0,30.0,1.0
94.0,8.0,0.0,13.0,14.0,2.0,72.0,4.0,6.0,67.0,3.0,0.0
94.0,8.0,0.0,13.0,14.0,2.0,72.0,4.0,6.0,67.0,3.0,0.0
94.0,8.0,0.0,13.0,14.0,2.0,72.0,4.0,6.0,67.0,3.0,0.0
5.0,31.0,4.0,10.0,0.0,4.0,50.0,3.0,6.0,8.0,4.0,1.0
5.0,31.0,4.0,10.0,0.0,4.0,50.0,3.0,6.0,8.0,4.0,1.0
5.0,31.0,4.0,10.0,0.0,4.0,50.0,3.0,6.0,8.0,4.0,1.0
11.0,45.0,4.0,10.0,2.0,3.0,50.0,2.0,42.0,27.0,21.0,1.0
5.0,31.0,4.0,10.0,0.0,4.0,50.0,3.0,6.0,8.0,4.0,1.0
43.0,32.0,12.0,1.0,0.0,17.0,75.0,5.0,75.0,17.0,27.0,0.0
39.0,59.0,18.0,2.0,14.0,13.0,66.0,2.0,28.0,17.0,17.0,1.0
40.0,12.0,45.0,17.0,14.0,20.0,68.0,3.0,14.0,0.0,25.0,0.0
28.0,4.0,48.0,3.0,0.0,22.0,32.0,2.0,16.0,35.0,3.0,0.0
28.0,4.0,48.0,3.0,0.0,22.0,32.0,2.0,16.0,35.0,3.0,0.0
12.0,43.0,0.0,20.0,0.0,14.0,95.0,3.0,31.0,9.0,14.0,0.0
38.0,5.0,7.0,6.0,3.0,36.0,35.0,1.0,16.0,6.0,2.0,0.0
28.0,9.0,45.0,2.0,3.0,17.0,29.0,6.0,29.0,27.0,37.0,1.0
11.0,6.0,48.0,0.0,2.0,16.0,125.0,1.0,42.0,4.0,15.0,0.0
11.0,6.0,48.0,0.0,2.0,16.0,125.0,1.0,42.0,4.0,15.0,0.0
28.0,7.0,48.0,2.0,0.0,22.0,66.0,2.0,7.0,9.0,2.0,0.0
40.0,13.0,21.0,3.0,2.0,20.0,109.0,3.0,6.0,81.0,11.0,0.0
40.0,50.0,21.0,3.0,0.0,15.0,66.0,3.0,6.0,81.0,11.0,0.0
4.0,16.0,18.0,14.0,0.0,29.0,1.0,2.0,58.0,20.0,42.0,1.0
0.0,53.0,41.0,85.0,6.0,7.0,102.0,1.0,8.0,15.0,3.0,0.0
48.0,61.0,33.0,13.0,2.0,10.0,66.0,1.0,44.0,2.0,51.0,1.0
42.0,45.0,13.0,2.0,4.0,0.0,86.0,1.0,47.0,0.0,18.0,0.0
15.0,78.0,16.0,14.0,2.0,4.0,2.0,1.0,6.0,8.0,11.0,0.0
48.0,61.0,33.0,13.0,2.0,10.0,66.0,1.0,44.0,2.0,51.0,1.0
30.0,72.0,76.0,6.0,0.0,0.0,73.0,1.0,40.0,25.0,1.0,3.0
28.0,10.0,4.0,0.0,1.0,13.0,50.0,3.0,18.0,17.0,37.0,1.0
1.0,8.0,22.0,21.0,11.0,13.0,45.0,1.0,64.0,34.0,3.0,0.0
4.0,34.0,6.0,10.0,2.0,13.0,36.0,2.0,47.0,15.0,1.0,0.0
12.0,45.0,23.0,21.0,2.0,5.0,74.0,1.0,28.0,73.0,4.0,1.0
30.0,75.0,51.0,17.0,0.0,6.0,108.0,1.0,63.0,15.0,1.0,1.0
24.0,10.0,0.0,4.0,3.0,15.0,84.0,4.0,24.0,93.0,21.0,3.0
22.0,41.0,11.0,10.0,33.0,23.0,116.0,2.0,53.0,85.0,5.0,0.0
5.0,7.0,2.0,32.0,16.0,20.0,30.0,3.0,25.0,60.0,41.0,1.0
22.0,41.0,11.0,10.0,33.0,23.0,116.0,2.0,53.0,85.0,5.0,0.0
21.0,37.0,76.0,8.0,4.0,32.0,67.0,1.0,47.0,67.0,8.0,0.0
19.0,60.0,0.0,5.0,20.0,6.0,10.0,3.0,29.0,27.0,1.0,5.0
28.0,11.0,31.0,6.0,0.0,4.0,135.0,2.0,2.0,9.0,6.0,0.0
39.0,54.0,24.0,13.0,2.0,22.0,50.0,3.0,11.0,4.0,2.0,0.0
16.0,17.0,31.0,2.0,2.0,12.0,108.0,3.0,84.0,34.0,28.0,1.0
28.0,25.0,26.0,6.0,0.0,13.0,66.0,2.0,40.0,27.0,6.0,1.0
5.0,43.0,4.0,1.0,0.0,0.0,19.0,2.0,6.0,34.0,14.0,1.0
5.0,43.0,4.0,1.0,0.0,0.0,19.0,2.0,6.0,34.0,14.0,1.0
19.0,72.0,22.0,3.0,3.0,15.0,105.0,3.0,12.0,67.0,13.0,0.0
30.0,5.0,25.0,17.0,0.0,1.0,74.0,2.0,4.0,50.0,6.0,0.0
30.0,5.0,25.0,17.0,0.0,1.0,74.0,2.0,4.0,50.0,6.0,0.0
14.0,2.0,26.0,3.0,4.0,28.0,127.0,2.0,43.0,15.0,3.0,0.0
30.0,55.0,21.0,23.0,0.0,32.0,55.0,1.0,43.0,84.0,5.0,0.0
0.0,53.0,19.0,3.0,1.0,17.0,17.0,2.0,4.0,3.0,13.0,0.0
0.0,53.0,19.0,3.0,1.0,17.0,17.0,2.0,4.0,3.0,13.0,0.0
24.0,53.0,13.0,7.0,0.0,22.0,85.0,1.0,7.0,1.0,15.0,0.0
6.0,61.0,4.0,21.0,0.0,37.0,64.0,3.0,60.0,17.0,10.0,0.0
94.0,17.0,0.0,2.0,3.0,2.0,100.0,6.0,9.0,20.0,31.0,1.0
30.0,53.0,25.0,12.0,2.0,20.0,100.0,2.0,42.0,3.0,27.0,0.0
14.0,9.0,3.0,26.0,3.0,20.0,32.0,4.0,10.0,25.0,1.0,0.0
30.0,27.0,21.0,6.0,0.0,27.0,5.0,2.0,4.0,25.0,17.0,0.0
23.0,43.0,16.0,9.0,3.0,29.0,35.0,1.0,29.0,25.0,5.0,0.0
25.0,22.0,44.0,4.0,2.0,21.0,32.0,1.0,33.0,2.0,52.0,1.0
22.0,21.0,44.0,4.0,2.0,15.0,18.0,1.0,33.0,2.0,52.0,0.0
4.0,12.0,31.0,6.0,0.0,3.0,126.0,2.0,8.0,9.0,6.0,0.0
27.0,5.0,20.0,21.0,0.0,4.0,66.0,1.0,14.0,34.0,17.0,2.0
28.0,26.0,0.0,21.0,3.0,13.0,52.0,2.0,21.0,53.0,42.0,1.0
3.0,22.0,14.0,17.0,0.0,25.0,76.0,2.0,28.0,27.0,6.0,0.0
3.0,22.0,14.0,17.0,0.0,25.0,76.0,2.0,28.0,27.0,6.0,0.0
11.0,38.0,49.0,6.0,10.0,10.0,52.0,2.0,32.0,38.0,36.0,1.0
28.0,44.0,50.0,10.0,14.0,21.0,68.0,2.0,22.0,90.0,2.0,4.0
30.0,8.0,61.0,1.0,0.0,23.0,29.0,5.0,15.0,34.0,19.0,1.0
21.0,3.0,23.0,6.0,14.0,30.0,0.0,3.0,8.0,28.0,33.0,2.0
39.0,77.0,71.0,24.0,14.0,17.0,57.0,1.0,49.0,87.0,18.0,1.0
94.0,31.0,0.0,17.0,14.0,19.0,2.0,3.0,34.0,12.0,19.0,1.0
10.0,29.0,5.0,21.0,10.0,9.0,101.0,3.0,63.0,95.0,26.0,2.0
94.0,31.0,0.0,17.0,14.0,19.0,2.0,3.0,34.0,12.0,19.0,1.0
24.0,79.0,0.0,3.0,0.0,20.0,20.0,4.0,23.0,81.0,36.0,1.0
23.0,74.0,33.0,12.0,3.0,17.0,27.0,2.0,69.0,24.0,12.0,1.0
39.0,77.0,71.0,24.0,14.0,17.0,57.0,1.0,49.0,87.0,18.0,1.0
59.0,43.0,21.0,6.0,1.0,23.0,67.0,2.0,13.0,28.0,11.0,0.0
53.0,13.0,70.0,21.0,0.0,21.0,25.0,5.0,1.0,41.0,13.0,0.0
32.0,7.0,0.0,4.0,3.0,17.0,7.0,1.0,69.0,65.0,0.0,0.0
53.0,13.0,70.0,21.0,0.0,21.0,25.0,5.0,1.0,41.0,13.0,0.0
4.0,50.0,50.0,14.0,14.0,14.0,16.0,3.0,7.0,32.0,44.0,2.0
1.0,52.0,45.0,4.0,0.0,21.0,27.0,3.0,3.0,4.0,1.0,0.0
21.0,53.0,14.0,21.0,0.0,36.0,54.0,2.0,63.0,67.0,6.0,0.0
1.0,52.0,45.0,4.0,0.0,21.0,27.0,3.0,3.0,4.0,1.0,0.0
5.0,18.0,8.0,4.0,0.0,38.0,96.0,1.0,16.0,3.0,0.0,0.0
27.0,45.0,0.0,17.0,0.0,40.0,92.0,2.0,5.0,65.0,25.0,1.0
23.0,52.0,22.0,9.0,11.0,16.0,50.0,1.0,23.0,48.0,27.0,3.0
15.0,66.0,30.0,13.0,0.0,17.0,17.0,1.0,2.0,49.0,13.0,1.0
15.0,66.0,30.0,13.0,0.0,17.0,17.0,1.0,2.0,49.0,13.0,1.0
21.0,80.0,30.0,3.0,10.0,12.0,3.0,1.0,31.0,33.0,44.0,1.0
11.0,19.0,50.0,14.0,0.0,10.0,17.0,2.0,4.0,3.0,40.0,0.0
1.0,53.0,0.0,0.0,3.0,29.0,92.0,2.0,33.0,19.0,27.0,0.0
3.0,68.0,33.0,21.0,10.0,44.0,1.0,2.0,24.0,12.0,33.0,0.0
0.0,19.0,18.0,3.0,3.0,30.0,62.0,2.0,42.0,34.0,21.0,0.0
11.0,16.0,13.0,17.0,3.0,4.0,108.0,2.0,2.0,8.0,6.0,1.0
93.0,59.0,0.0,4.0,21.0,21.0,18.0,4.0,26.0,58.0,32.0,1.0
40.0,18.0,17.0,3.0,3.0,0.0,105.0,2.0,21.0,30.0,11.0,2.0
26.0,45.0,30.0,86.0,24.0,58.0,94.0,14.0,64.0,32.0,9.0,1.0
26.0,45.0,30.0,86.0,24.0,58.0,94.0,14.0,64.0,32.0,9.0,1.0
53.0,23.0,60.0,4.0,6.0,29.0,69.0,5.0,30.0,2.0,53.0,0.0
19.0,82.0,7.0,43.0,3.0,2.0,41.0,2.0,46.0,8.0,42.0,0.0
27.0,12.0,0.0,10.0,10.0,21.0,84.0,2.0,31.0,5.0,15.0,0.0
4.0,26.0,4.0,21.0,3.0,43.0,107.0,2.0,29.0,1.0,54.0,1.0
28.0,56.0,51.0,6.0,14.0,2.0,66.0,3.0,22.0,24.0,33.0,2.0
0.0,36.0,9.0,53.0,2.0,27.0,102.0,1.0,3.0,9.0,55.0,1.0
12.0,33.0,4.0,0.0,0.0,30.0,26.0,1.0,20.0,13.0,1.0,0.0
12.0,7.0,24.0,81.0,14.0,17.0,57.0,6.0,12.0,50.0,32.0,0.0
4.0,26.0,4.0,21.0,3.0,43.0,107.0,2.0,29.0,1.0,42.0,1.0
0.0,36.0,9.0,53.0,2.0,27.0,102.0,1.0,3.0,9.0,13.0,1.0
12.0,33.0,4.0,0.0,0.0,30.0,26.0,1.0,20.0,13.0,1.0,0.0
19.0,26.0,0.0,0.0,0.0,18.0,41.0,1.0,20.0,30.0,10.0,0.0
12.0,7.0,45.0,0.0,0.0,19.0,2.0,1.0,20.0,24.0,10.0,0.0
28.0,23.0,13.0,6.0,14.0,2.0,10.0,3.0,22.0,62.0,33.0,4.0
28.0,56.0,51.0,6.0,14.0,2.0,66.0,3.0,22.0,24.0,33.0,2.0
1.0,13.0,40.0,30.0,1.0,17.0,118.0,1.0,24.0,41.0,27.0,2.0
24.0,7.0,4.0,6.0,14.0,35.0,101.0,4.0,7.0,62.0,41.0,2.0
11.0,17.0,50.0,0.0,3.0,29.0,55.0,1.0,31.0,3.0,9.0,0.0
87.0,25.0,66.0,21.0,3.0,22.0,17.0,8.0,25.0,47.0,18.0,1.0
83.0,42.0,0.0,4.0,10.0,5.0,118.0,3.0,23.0,19.0,18.0,1.0
94.0,45.0,3.0,3.0,10.0,44.0,67.0,7.0,4.0,15.0,56.0,1.0
11.0,17.0,50.0,0.0,3.0,29.0,55.0,1.0,31.0,3.0,9.0,0.0
35.0,29.0,33.0,10.0,3.0,17.0,75.0,2.0,5.0,23.0,4.0,0.0
3.0,70.0,52.0,10.0,10.0,22.0,25.0,3.0,29.0,7.0,36.0,2.0
23.0,32.0,22.0,2.0,10.0,32.0,60.0,1.0,31.0,1.0,21.0,1.0
32.0,36.0,0.0,17.0,14.0,10.0,68.0,1.0,52.0,45.0,2.0,3.0
19.0,53.0,48.0,2.0,0.0,16.0,50.0,3.0,6.0,3.0,21.0,1.0
12.0,33.0,45.0,12.0,0.0,16.0,41.0,3.0,16.0,17.0,14.0,1.0
19.0,12.0,44.0,10.0,14.0,32.0,101.0,2.0,31.0,48.0,10.0,0.0
19.0,12.0,44.0,10.0,14.0,32.0,101.0,2.0,31.0,48.0,10.0,0.0
4.0,61.0,51.0,17.0,14.0,43.0,2.0,1.0,4.0,2.0,2.0,2.0
6.0,48.0,6.0,2.0,3.0,27.0,109.0,2.0,14.0,6.0,27.0,3.0
4.0,61.0,51.0,17.0,14.0,43.0,2.0,1.0,4.0,2.0,2.0,2.0
4.0,65.0,35.0,17.0,14.0,28.0,85.0,1.0,33.0,21.0,10.0,5.0
53.0,22.0,15.0,13.0,0.0,17.0,52.0,2.0,72.0,5.0,10.0,0.0
6.0,0.0,6.0,87.0,3.0,17.0,20.0,6.0,15.0,9.0,30.0,0.0
11.0,64.0,53.0,1.0,3.0,12.0,83.0,1.0,12.0,36.0,42.0,1.0
40.0,5.0,6.0,3.0,3.0,16.0,36.0,6.0,12.0,8.0,27.0,0.0
59.0,8.0,56.0,88.0,24.0,56.0,21.0,10.0,3.0,13.0,57.0,0.0
80.0,74.0,15.0,21.0,10.0,6.0,67.0,7.0,34.0,11.0,58.0,2.0
59.0,8.0,56.0,88.0,24.0,56.0,21.0,10.0,3.0,13.0,57.0,0.0
80.0,74.0,15.0,21.0,10.0,6.0,67.0,7.0,34.0,11.0,49.0,2.0
14.0,1.0,35.0,89.0,0.0,21.0,30.0,0.0,20.0,9.0,17.0,5.0
39.0,3.0,53.0,22.0,1.0,13.0,57.0,0.0,5.0,1.0,12.0,0.0
7.0,9.0,48.0,18.0,0.0,10.0,68.0,3.0,83.0,34.0,11.0,3.0
39.0,3.0,53.0,22.0,1.0,13.0,57.0,0.0,5.0,1.0,12.0,0.0
28.0,7.0,36.0,17.0,4.0,21.0,131.0,1.0,24.0,6.0,15.0,3.0
10.0,44.0,40.0,18.0,21.0,10.0,32.0,3.0,7.0,45.0,19.0,0.0
19.0,88.0,3.0,6.0,14.0,15.0,18.0,2.0,46.0,31.0,18.0,3.0
27.0,4.0,17.0,17.0,3.0,17.0,105.0,2.0,42.0,21.0,10.0,0.0
19.0,21.0,14.0,17.0,3.0,5.0,17.0,3.0,12.0,23.0,15.0,0.0
94.0,53.0,35.0,0.0,3.0,5.0,118.0,3.0,14.0,41.0,12.0,0.0
7.0,45.0,1.0,10.0,10.0,20.0,68.0,4.0,79.0,3.0,25.0,0.0
32.0,43.0,44.0,17.0,10.0,15.0,18.0,4.0,32.0,62.0,14.0,1.0
14.0,14.0,34.0,3.0,21.0,17.0,7.0,6.0,5.0,0.0,26.0,1.0
7.0,45.0,1.0,10.0,10.0,20.0,68.0,4.0,79.0,3.0,25.0,0.0
32.0,6.0,3.0,4.0,10.0,10.0,7.0,6.0,55.0,8.0,59.0,0.0
21.0,45.0,31.0,0.0,2.0,12.0,128.0,2.0,2.0,20.0,10.0,0.0
23.0,30.0,22.0,13.0,3.0,2.0,66.0,3.0,21.0,49.0,2.0,2.0
27.0,16.0,4.0,0.0,0.0,2.0,66.0,3.0,7.0,70.0,12.0,1.0
21.0,45.0,31.0,0.0,2.0,12.0,128.0,2.0,2.0,20.0,10.0,0.0
12.0,34.0,48.0,2.0,10.0,22.0,20.0,3.0,19.0,19.0,24.0,1.0
24.0,42.0,1.0,2.0,3.0,22.0,68.0,2.0,46.0,3.0,14.0,1.0
12.0,34.0,48.0,2.0,10.0,22.0,20.0,3.0,19.0,19.0,24.0,1.0
5.0,35.0,1.0,18.0,0.0,17.0,25.0,3.0,2.0,17.0,13.0,0.0
1.0,60.0,7.0,60.0,0.0,14.0,60.0,2.0,3.0,17.0,0.0,0.0
4.0,12.0,8.0,12.0,0.0,2.0,3.0,2.0,33.0,8.0,1.0,0.0
32.0,59.0,61.0,14.0,0.0,10.0,30.0,2.0,0.0,47.0,27.0,1.0
5.0,23.0,32.0,2.0,4.0,20.0,32.0,2.0,6.0,21.0,25.0,1.0
6.0,2.0,4.0,3.0,0.0,10.0,32.0,2.0,66.0,19.0,60.0,5.0
19.0,55.0,35.0,6.0,3.0,10.0,30.0,2.0,0.0,22.0,14.0,1.0
5.0,23.0,32.0,2.0,4.0,20.0,32.0,2.0,6.0,21.0,25.0,1.0
14.0,69.0,53.0,17.0,3.0,3.0,105.0,0.0,12.0,53.0,12.0,1.0
3.0,68.0,33.0,3.0,14.0,22.0,75.0,4.0,8.0,49.0,42.0,0.0
23.0,71.0,14.0,21.0,10.0,39.0,103.0,1.0,17.0,32.0,10.0,1.0
14.0,22.0,1.0,17.0,3.0,27.0,42.0,1.0,32.0,48.0,1.0,0.0
23.0,36.0,1.0,21.0,14.0,0.0,118.0,2.0,46.0,2.0,21.0,1.0
23.0,11.0,26.0,3.0,0.0,3.0,9.0,6.0,24.0,23.0,4.0,1.0
12.0,57.0,14.0,56.0,3.0,6.0,9.0,0.0,46.0,53.0,61.0,1.0
12.0,57.0,14.0,56.0,3.0,6.0,9.0,0.0,46.0,53.0,62.0,1.0
40.0,13.0,21.0,2.0,3.0,12.0,96.0,2.0,21.0,57.0,12.0,0.0
83.0,52.0,3.0,6.0,14.0,11.0,83.0,3.0,12.0,26.0,15.0,1.0
0.0,74.0,58.0,21.0,4.0,22.0,75.0,2.0,29.0,19.0,4.0,0.0
24.0,0.0,6.0,1.0,4.0,16.0,42.0,1.0,32.0,3.0,17.0,0.0
83.0,52.0,3.0,6.0,14.0,11.0,83.0,3.0,12.0,26.0,15.0,1.0
12.0,61.0,24.0,0.0,0.0,5.0,17.0,2.0,5.0,59.0,63.0,3.0
40.0,13.0,21.0,2.0,3.0,12.0,96.0,2.0,21.0,57.0,12.0,0.0
19.0,61.0,21.0,6.0,0.0,11.0,48.0,3.0,16.0,23.0,21.0,0.0
94.0,32.0,9.0,6.0,0.0,18.0,62.0,3.0,5.0,41.0,2.0,1.0
6.0,61.0,6.0,17.0,14.0,30.0,0.0,2.0,24.0,31.0,10.0,0.0
19.0,74.0,6.0,21.0,14.0,30.0,86.0,2.0,4.0,2.0,13.0,1.0
14.0,52.0,19.0,10.0,3.0,2.0,52.0,3.0,40.0,22.0,14.0,1.0
3.0,29.0,34.0,21.0,1.0,14.0,5.0,1.0,33.0,48.0,11.0,1.0
14.0,22.0,6.0,17.0,14.0,33.0,39.0,2.0,21.0,23.0,17.0,1.0
24.0,59.0,22.0,21.0,14.0,5.0,7.0,4.0,21.0,47.0,33.0,1.0
40.0,20.0,44.0,20.0,0.0,4.0,66.0,2.0,58.0,22.0,17.0,0.0
28.0,52.0,78.0,6.0,14.0,30.0,57.0,2.0,25.0,1.0,6.0,1.0
30.0,15.0,23.0,0.0,3.0,36.0,127.0,1.0,5.0,45.0,9.0,0.0
24.0,11.0,16.0,12.0,14.0,4.0,10.0,4.0,21.0,34.0,32.0,2.0
27.0,39.0,78.0,21.0,0.0,2.0,19.0,2.0,6.0,20.0,10.0,1.0
40.0,52.0,6.0,0.0,0.0,38.0,36.0,3.0,58.0,1.0,15.0,1.0
44.0,7.0,6.0,0.0,14.0,28.0,50.0,3.0,23.0,31.0,17.0,1.0
32.0,53.0,22.0,14.0,0.0,2.0,72.0,3.0,55.0,19.0,35.0,0.0
28.0,15.0,51.0,3.0,3.0,32.0,3.0,1.0,18.0,41.0,6.0,0.0
32.0,27.0,6.0,11.0,3.0,0.0,109.0,2.0,69.0,19.0,41.0,1.0
0.0,81.0,7.0,21.0,10.0,27.0,85.0,1.0,20.0,62.0,18.0,2.0
6.0,91.0,4.0,0.0,14.0,11.0,86.0,3.0,4.0,0.0,64.0,1.0
52.0,59.0,49.0,21.0,14.0,16.0,27.0,0.0,28.0,6.0,21.0,1.0
35.0,56.0,27.0,2.0,14.0,23.0,27.0,2.0,10.0,70.0,40.0,2.0
83.0,33.0,50.0,3.0,14.0,6.0,66.0,3.0,6.0,31.0,11.0,1.0
27.0,43.0,4.0,6.0,3.0,3.0,72.0,2.0,6.0,45.0,17.0,0.0
13.0,5.0,44.0,4.0,10.0,23.0,72.0,6.0,66.0,27.0,44.0,0.0
2.0,18.0,56.0,6.0,1.0,27.0,24.0,0.0,60.0,3.0,21.0,0.0
0.0,71.0,23.0,3.0,3.0,3.0,52.0,4.0,47.0,49.0,25.0,4.0
14.0,21.0,0.0,2.0,2.0,3.0,72.0,0.0,19.0,17.0,3.0,0.0
14.0,26.0,0.0,2.0,0.0,30.0,42.0,0.0,32.0,8.0,0.0,0.0
13.0,21.0,45.0,49.0,1.0,36.0,2.0,2.0,0.0,22.0,33.0,1.0
4.0,34.0,0.0,21.0,0.0,30.0,66.0,0.0,31.0,23.0,0.0,0.0
24.0,91.0,4.0,12.0,14.0,2.0,17.0,2.0,34.0,23.0,27.0,1.0
27.0,11.0,41.0,10.0,3.0,2.0,52.0,3.0,32.0,1.0,56.0,2.0
24.0,1.0,1.0,21.0,3.0,23.0,75.0,2.0,46.0,0.0,6.0,0.0
24.0,91.0,4.0,12.0,14.0,2.0,17.0,2.0,34.0,23.0,27.0,1.0
12.0,33.0,50.0,50.0,17.0,59.0,136.0,0.0,49.0,0.0,3.0,0.0
1.0,5.0,31.0,6.0,0.0,43.0,143.0,2.0,25.0,9.0,6.0,0.0
1.0,5.0,31.0,6.0,0.0,43.0,143.0,2.0,25.0,9.0,6.0,0.0
1.0,5.0,31.0,6.0,0.0,43.0,143.0,2.0,25.0,9.0,6.0,0.0
28.0,0.0,78.0,6.0,0.0,23.0,75.0,3.0,40.0,8.0,11.0,0.0
28.0,0.0,78.0,6.0,0.0,23.0,75.0,3.0,40.0,8.0,11.0,0.0
28.0,0.0,78.0,6.0,0.0,23.0,75.0,3.0,40.0,8.0,11.0,0.0
6.0,26.0,4.0,0.0,14.0,39.0,45.0,3.0,5.0,38.0,18.0,1.0
6.0,93.0,37.0,17.0,14.0,38.0,39.0,3.0,16.0,33.0,40.0,1.0
28.0,0.0,78.0,6.0,0.0,23.0,75.0,3.0,40.0,8.0,11.0,0.0
27.0,11.0,78.0,4.0,0.0,1.0,45.0,2.0,16.0,20.0,5.0,0.0
32.0,31.0,16.0,0.0,14.0,2.0,0.0,4.0,26.0,6.0,24.0,1.0
23.0,71.0,43.0,21.0,29.0,27.0,19.0,6.0,42.0,12.0,26.0,1.0
23.0,23.0,16.0,21.0,21.0,2.0,105.0,3.0,32.0,2.0,42.0,1.0
4.0,22.0,51.0,21.0,3.0,9.0,126.0,2.0,24.0,27.0,3.0,0.0
94.0,7.0,24.0,12.0,0.0,2.0,24.0,3.0,9.0,48.0,31.0,1.0
7.0,30.0,79.0,90.0,3.0,12.0,107.0,1.0,5.0,25.0,4.0,1.0
5.0,27.0,33.0,21.0,14.0,23.0,75.0,3.0,2.0,31.0,37.0,1.0
30.0,38.0,66.0,4.0,0.0,6.0,10.0,2.0,4.0,41.0,14.0,1.0
32.0,0.0,26.0,24.0,0.0,4.0,42.0,2.0,34.0,23.0,36.0,1.0
19.0,26.0,26.0,3.0,11.0,4.0,75.0,3.0,21.0,48.0,33.0,1.0
32.0,11.0,22.0,10.0,10.0,38.0,109.0,4.0,34.0,23.0,33.0,0.0
0.0,64.0,50.0,12.0,3.0,5.0,72.0,3.0,6.0,23.0,36.0,1.0
32.0,11.0,22.0,10.0,10.0,38.0,109.0,4.0,34.0,23.0,33.0,0.0
40.0,49.0,44.0,1.0,10.0,4.0,42.0,4.0,55.0,15.0,36.0,0.0
32.0,73.0,7.0,17.0,3.0,36.0,102.0,2.0,24.0,34.0,1.0,0.0
6.0,13.0,40.0,12.0,14.0,38.0,0.0,3.0,40.0,7.0,41.0,2.0
28.0,15.0,40.0,1.0,3.0,18.0,103.0,3.0,4.0,65.0,24.0,1.0
5.0,30.0,75.0,12.0,3.0,32.0,3.0,3.0,16.0,58.0,25.0,1.0
41.0,10.0,15.0,3.0,3.0,30.0,66.0,3.0,66.0,22.0,18.0,1.0
28.0,4.0,50.0,14.0,3.0,32.0,8.0,4.0,63.0,41.0,29.0,1.0
24.0,35.0,24.0,82.0,3.0,11.0,138.0,0.0,40.0,8.0,5.0,0.0
13.0,39.0,26.0,3.0,0.0,39.0,19.0,6.0,29.0,38.0,41.0,1.0
44.0,34.0,22.0,10.0,2.0,6.0,72.0,4.0,62.0,0.0,41.0,1.0
13.0,31.0,78.0,2.0,0.0,11.0,4.0,2.0,21.0,13.0,27.0,1.0
19.0,9.0,6.0,0.0,3.0,31.0,86.0,1.0,21.0,38.0,3.0,1.0
32.0,5.0,6.0,6.0,2.0,36.0,83.0,3.0,19.0,3.0,4.0,0.0
93.0,39.0,44.0,21.0,14.0,40.0,47.0,3.0,14.0,62.0,40.0,1.0
13.0,31.0,78.0,2.0,0.0,11.0,4.0,2.0,21.0,13.0,27.0,1.0
93.0,6.0,20.0,6.0,0.0,36.0,83.0,3.0,55.0,33.0,17.0,0.0
94.0,30.0,39.0,35.0,3.0,30.0,45.0,3.0,5.0,22.0,27.0,1.0