a,b,c,d,e,f,g,h,i
0,0,0,0,0,0,0,0,0
0,1,1,0,1,1,1,1,1
1,2,2,1,2,2,2,2,2
0,3,0,2,3,0,3,3,3
2,4,3,3,4,3,4,4,1
2,5,4,0,5,4,5,5,4
1,2,5,4,6,5,2,6,5
1,6,6,2,7,6,6,7,6
0,7,0,2,0,0,3,8,2
1,6,7,4,8,7,6,9,7
1,8,8,1,9,8,6,2,8
0,5,9,5,10,9,5,10,3
0,9,8,1,11,0,7,11,9
1,10,5,1,2,10,8,12,3
1,7,9,6,12,9,5,11,3
0,11,10,7,13,2,9,13,10
2,1,11,0,14,3,4,5,1
1,3,12,6,15,8,7,14,3
0,12,13,3,16,1,4,15,1
0,13,14,6,17,9,5,5,2
0,1,11,0,18,1,10,16,9
2,14,11,6,1,11,1,17,3
1,15,7,8,19,12,11,18,10
1,6,5,1,20,13,11,12,2
1,16,15,9,21,14,12,19,3
1,15,7,1,22,15,13,20,9
1,17,16,10,23,16,14,21,9
0,18,7,1,22,17,15,21,10
0,19,17,11,19,16,16,22,0
0,20,6,1,24,16,15,12,9
0,17,17,9,23,16,17,6,3
1,21,18,9,25,18,18,23,0
0,22,19,9,26,19,19,24,11
1,21,20,9,27,20,20,23,7
1,23,20,12,28,21,21,25,12
0,7,9,6,12,22,22,5,4
1,10,17,8,29,23,23,26,6
1,13,9,6,3,5,22,10,4
1,20,7,1,30,15,24,7,9
0,1,13,0,31,24,7,17,2
1,13,12,6,32,8,7,5,2
1,6,6,1,33,17,24,18,8
2,24,21,13,34,25,25,27,13
2,25,22,13,35,25,26,28,13
2,26,22,13,35,26,26,28,14
2,27,13,0,4,3,1,16,1
0,7,0,2,36,6,15,10,2
1,0,8,2,37,27,3,0,1
2,28,3,14,38,11,27,4,15
1,8,6,8,39,28,11,29,2
2,8,5,2,40,5,3,11,4
0,29,14,0,41,24,10,15,1
0,9,23,7,11,2,0,3,3
1,7,23,2,12,29,3,0,3
0,30,24,6,17,9,7,30,1
1,11,10,1,13,2,28,31,4
0,3,9,2,42,8,0,10,4
0,7,8,1,43,30,22,8,4
2,31,25,15,44,31,26,32,14
1,11,10,2,36,32,9,8,1
0,13,12,6,10,27,3,10,1
0,11,5,5,45,7,29,8,2
1,2,5,7,46,33,13,12,3
0,5,14,0,17,9,5,15,1
0,8,10,2,36,22,9,11,4
0,7,9,2,12,22,0,10,4
1,15,7,8,47,28,13,9,10
1,32,26,10,48,34,16,25,12
1,7,27,2,49,29,22,8,3
2,33,28,14,50,35,4,4,15
0,15,6,7,7,2,8,21,12
1,29,14,5,5,4,0,15,4
1,32,17,9,51,36,16,33,5
0,20,15,9,52,37,30,34,9
1,19,16,10,53,36,31,19,12
1,32,17,4,54,38,16,21,0
0,32,17,1,19,17,13,19,2
1,32,17,4,47,17,13,19,3
1,15,6,1,55,30,29,21,9
1,16,17,9,53,37,17,26,8
1,20,7,1,19,15,32,21,2
0,16,29,9,56,14,13,35,10
1,8,6,9,57,39,16,9,6
0,32,17,8,58,40,15,36,16
0,17,16,1,54,15,16,37,8
1,20,17,11,59,41,16,38,10
0,16,17,1,60,36,24,39,12
0,15,7,8,24,42,11,7,3
1,0,9,7,3,0,3,8,2
1,20,16,8,61,7,15,6,10
0,15,6,1,62,41,8,29,0
0,15,7,4,63,7,6,7,10
0,32,17,9,64,39,32,40,12
1,16,26,9,65,14,33,40,3
0,34,18,10,66,43,34,25,0
0,22,30,10,67,44,20,41,8
0,10,7,4,68,10,2,29,2
0,7,8,7,3,29,9,10,4
0,7,0,7,3,45,9,8,1
1,7,8,2,36,30,7,3,3
2,35,1,0,1,1,1,16,1
0,6,7,1,39,42,13,29,0
0,2,7,8,30,13,29,26,0
0,2,5,1,69,7,8,12,3
0,19,17,8,70,46,17,26,10
1,8,5,8,68,6,28,42,10
1,6,6,9,71,6,28,21,9
1,11,10,2,72,2,9,31,3
1,36,27,1,73,22,28,12,2
1,3,10,6,74,4,0,14,2
0,11,10,2,11,5,9,3,2
0,7,23,6,32,9,3,8,2
2,3,14,3,31,47,10,15,2
0,5,9,6,75,24,10,8,2
1,6,5,2,76,33,6,2,9
1,2,5,2,43,22,29,43,9
1,9,8,1,9,2,0,31,9
0,3,12,6,77,24,0,8,3
1,15,6,4,30,28,8,19,2
0,30,24,0,16,48,10,17,4
1,7,0,6,78,49,0,10,2
2,14,13,0,18,1,10,17,1
1,36,6,1,7,33,8,29,8
0,12,1,3,79,3,1,1,15
2,35,11,3,80,11,1,1,15
2,37,25,15,34,25,25,32,13
2,14,11,0,81,48,1,1,15
2,14,13,0,18,48,10,16,4
0,23,30,8,82,21,30,44,7
0,38,30,9,83,50,30,45,11
0,32,15,9,65,36,18,46,17
1,3,9,2,77,9,10,14,2
1,28,1,0,84,3,4,47,1
2,1,1,0,79,3,10,1,1
2,39,31,15,85,31,25,32,1
1,5,32,2,10,49,5,10,4
1,33,28,3,38,51,27,4,1
0,40,3,0,4,3,27,47,2
1,30,14,5,74,47,10,5,2
0,14,11,0,18,1,10,17,2
1,15,7,8,86,41,11,29,3
1,6,16,1,87,6,2,18,3
0,41,19,10,26,52,23,48,6
0,15,33,8,71,41,13,13,9
0,7,8,7,3,29,22,8,3
1,9,8,2,88,32,3,8,3
0,0,9,2,0,0,3,3,3
2,42,31,3,89,53,4,49,2
2,43,34,13,90,54,26,28,13
2,43,34,0,90,54,26,28,14
0,18,17,1,91,38,30,9,0
1,19,26,10,64,37,30,26,2
1,44,29,10,92,14,23,48,3
1,19,35,8,93,55,17,24,3
1,15,16,1,57,16,6,19,10
0,36,5,7,69,13,9,2,3
1,20,33,10,57,16,17,26,12
0,45,35,16,94,19,30,50,6
1,17,33,9,95,55,11,21,12
1,20,33,9,64,33,28,38,12
0,19,17,9,93,34,32,26,12
1,19,35,8,29,23,30,21,12
0,19,35,9,96,56,12,26,10
1,46,18,17,97,57,35,51,11
1,41,20,18,98,58,31,52,6
0,46,36,10,99,59,36,53,8
1,46,36,9,100,60,37,54,5
1,21,36,12,101,61,21,55,5
0,23,18,16,102,62,23,56,8
1,21,29,9,56,14,21,57,10
0,34,20,16,83,63,38,58,8
1,2,10,1,7,7,8,29,1
0,8,7,8,103,64,15,21,4
1,8,5,2,6,13,28,31,4
2,47,37,19,104,26,25,28,13
2,35,1,0,80,35,4,16,1
2,33,38,15,105,35,4,49,13
2,33,3,0,106,53,1,4,4
2,48,37,13,104,25,26,28,14
0,17,17,4,107,15,16,24,9
0,20,15,11,19,39,24,22,8
0,45,29,9,92,14,14,59,16
1,15,16,8,108,12,14,20,3
1,16,17,9,108,38,11,9,3
1,45,29,12,109,61,39,23,10
0,16,35,10,29,19,12,24,12
1,44,15,4,91,16,34,21,10
1,44,26,10,110,56,40,34,3
1,44,15,8,60,23,34,19,9
1,17,33,9,22,55,14,22,2
0,16,15,11,21,36,16,9,12
0,19,35,9,108,34,17,37,10
0,17,16,4,22,30,28,37,8
2,1,11,0,111,3,10,0,4
1,36,10,1,62,65,24,11,3
0,11,5,8,7,28,6,29,10
1,11,5,4,112,30,2,2,9
0,45,26,10,113,38,30,60,6
0,15,16,8,47,12,28,7,0
0,17,33,10,47,17,11,21,3
1,13,12,2,78,9,7,10,2
0,11,10,9,114,32,24,21,12
1,11,10,1,73,22,6,42,10
1,2,7,9,114,33,29,21,12
0,49,12,2,115,9,41,5,4
1,3,12,1,12,8,3,3,2
2,29,4,5,116,48,41,5,2
2,3,12,5,17,47,7,5,4
1,8,5,9,86,30,8,19,12
2,12,11,0,117,66,1,16,1
1,9,0,1,73,45,29,31,3
0,40,3,0,80,11,4,47,1
1,30,14,6,17,49,5,5,10
0,11,5,1,45,5,2,12,2
1,9,10,8,13,32,9,42,8
0,6,5,1,71,5,29,29,3
0,13,9,7,37,9,3,10,4
2,30,4,2,118,24,41,30,1
0,7,23,1,119,9,22,8,3
1,30,24,7,118,24,5,15,4
1,3,14,2,37,27,3,10,2
1,7,9,1,3,8,22,43,9
1,9,8,4,36,0,2,11,2
1,3,9,4,120,27,22,3,9
2,5,8,6,31,24,5,15,3
1,11,0,1,15,9,3,3,2
1,27,13,2,116,66,5,17,1
2,12,39,0,4,11,1,1,1
1,17,17,9,53,39,11,24,9
1,2,5,8,6,6,29,29,0
0,15,7,1,39,41,29,21,12
0,15,7,9,121,7,13,9,8
0,16,26,16,122,46,31,38,18
2,42,40,3,105,53,27,49,1
2,3,9,1,42,27,5,5,10
2,50,40,3,105,53,27,49,2
2,51,41,20,123,67,42,61,19
2,52,42,21,124,67,42,61,20
2,53,43,21,124,67,42,61,20
2,54,44,19,125,54,42,61,13
0,15,6,8,19,28,16,21,17
2,37,31,14,85,25,25,49,13
2,47,21,15,126,25,26,27,13
2,55,28,3,89,31,27,49,4
2,4,3,0,127,35,4,47,4
2,1,1,0,127,51,27,47,3
2,28,3,3,38,35,27,4,12
2,35,11,0,4,51,4,1,2
2,33,3,3,38,51,4,4,1
2,40,39,5,79,11,1,1,1
2,4,3,6,127,51,4,47,1
0,18,17,11,64,34,18,37,12
1,32,33,8,93,14,16,20,10
1,20,33,10,128,68,16,26,0
0,32,26,9,96,64,18,26,0
0,15,16,9,54,15,11,62,0
0,15,16,10,103,15,8,46,7
0,6,33,8,121,41,8,26,3
1,44,26,9,129,18,12,62,0
1,18,17,8,53,36,30,22,12
1,10,17,8,22,16,13,7,9
1,20,7,2,130,55,8,18,10
0,2,2,9,8,13,17,29,9
2,31,25,15,44,31,25,32,14
0,37,31,3,105,53,27,49,15
1,0,8,7,112,33,6,3,9
0,8,16,4,8,17,13,42,8
0,1,11,5,14,66,10,17,4
0,7,27,4,112,0,7,29,2
1,13,23,2,119,45,0,8,12
1,45,19,16,131,68,31,63,18
0,18,26,12,132,40,14,62,6
0,16,35,12,29,16,32,34,8
0,44,26,16,133,58,40,48,0
0,44,29,8,65,40,24,46,12
0,41,30,16,101,69,40,36,18
1,56,45,10,134,64,32,25,10
0,19,26,22,25,23,40,64,11
0,44,19,12,135,19,23,33,5
1,36,6,1,136,10,29,29,9
1,10,5,10,39,7,29,20,0
2,35,11,6,81,3,10,16,1
1,0,9,2,15,27,0,0,2
0,9,10,1,73,22,9,31,8
0,36,8,9,137,13,29,19,8
1,10,5,9,30,6,24,21,3
0,2,7,8,46,6,29,12,3
1,11,10,8,112,5,9,12,17
0,3,9,2,12,24,5,11,2
1,10,7,8,62,13,28,13,3
0,10,7,11,23,15,15,9,17
1,15,26,17,48,46,18,24,10
0,19,17,9,64,12,16,19,0
1,15,33,9,54,41,11,24,7
0,32,26,10,93,15,13,34,21
2,50,40,0,89,53,27,49,15
2,42,31,3,138,53,27,49,15
2,42,38,0,138,31,27,32,14
0,9,10,1,88,0,9,0,9
0,12,11,6,1,3,10,16,2
1,30,24,0,5,47,7,15,2
1,10,7,9,8,13,8,26,12
0,12,11,6,18,48,10,1,4
0,35,39,6,111,3,1,1,15
1,7,23,7,139,27,3,0,3
2,25,46,15,35,54,26,28,14
2,43,44,21,125,54,42,61,20
0,45,29,22,140,37,39,44,12
0,6,5,2,20,32,29,11,8
0,20,7,1,95,16,17,21,3
1,44,35,10,96,65,23,40,16
0,15,7,1,107,38,24,7,8
0,32,33,10,141,65,33,26,7
1,16,17,12,142,15,14,38,22
0,44,35,9,113,12,31,23,22
2,13,9,5,37,8,41,10,4
1,44,30,10,96,44,32,40,8
0,13,9,6,115,47,0,5,3
1,17,33,8,39,7,2,9,11
2,4,3,0,127,51,27,47,15
2,39,38,15,85,31,25,32,13
2,57,46,19,35,26,26,28,14
0,14,24,6,143,48,5,15,9
2,39,31,14,138,31,4,49,13
0,40,1,6,111,3,10,16,1
2,1,11,0,18,1,1,16,1
2,28,3,6,80,51,4,47,1
0,36,10,7,112,10,8,12,10
0,35,13,6,81,3,1,17,4
2,35,11,0,1,3,4,17,4
0,11,8,8,40,29,29,12,10
1,29,14,2,118,24,10,17,4
2,55,40,3,105,53,4,49,13
2,47,21,19,34,25,26,27,13
1,58,47,10,144,70,21,65,6
0,16,17,10,26,71,33,24,9
0,32,17,10,128,39,14,9,8
0,18,16,10,48,37,18,33,6
0,16,17,10,141,70,33,6,12
1,15,16,10,23,40,32,21,0
0,20,33,1,21,44,15,20,8
1,16,29,12,134,36,30,41,8
0,16,17,10,145,44,23,9,10
1,11,8,11,146,22,6,8,10
1,0,6,8,63,33,6,13,4
0,9,27,1,136,30,16,43,12
1,8,2,8,20,10,8,21,2
2,40,1,3,4,11,10,4,15
2,14,24,2,117,3,41,17,4
0,19,15,4,60,58,32,21,8
1,19,26,10,147,56,31,29,4
1,17,16,9,130,42,29,18,18
0,20,33,1,148,68,11,29,10
0,17,33,9,22,40,30,31,2
0,44,29,9,145,14,31,26,6
0,23,48,12,149,69,43,36,5
0,21,19,10,150,72,34,39,12
1,45,19,10,151,73,20,39,11
0,59,48,16,152,74,44,66,17
1,34,20,11,153,75,20,25,6
0,19,35,11,142,36,31,24,11
1,18,17,4,23,16,32,26,10
1,41,19,9,154,18,12,38,5
1,32,15,4,155,40,14,22,6
1,16,26,9,132,46,12,24,10
0,44,29,8,108,34,17,24,7
0,17,17,1,8,38,8,7,9
1,17,33,2,103,36,14,7,3
0,44,35,11,156,65,18,19,10
1,34,18,16,157,76,12,60,17
1,41,20,9,109,77,45,46,6
1,56,18,10,158,72,40,67,6
1,21,48,12,159,44,37,68,7
1,23,36,9,160,14,23,69,8
0,34,19,4,26,65,31,39,12
1,21,20,10,82,76,39,70,5
0,44,35,10,52,64,34,21,9
1,17,16,8,161,46,31,29,3
0,15,17,9,23,16,28,62,0
1,19,26,10,162,55,23,6,10
0,19,17,11,163,15,18,34,0
0,10,2,1,55,42,13,29,3
0,9,10,1,13,7,2,12,3
0,7,8,2,164,22,22,11,10
0,6,6,1,39,55,11,42,3
1,0,0,6,120,0,22,10,2
0,10,2,8,87,28,6,31,10
0,0,8,1,12,29,22,10,3
0,9,2,2,9,5,2,31,8
2,7,8,2,139,0,22,10,2
2,30,14,6,118,47,10,15,3
0,7,8,2,43,30,22,43,3
1,7,8,2,164,32,2,43,3
2,12,13,0,18,48,1,16,2
2,40,11,0,4,11,1,1,15
2,27,24,6,41,66,10,5,9
1,11,10,1,69,13,28,13,3
0,7,8,1,43,5,2,11,4
0,10,7,4,2,2,2,7,10
0,17,33,4,57,38,11,19,9
1,9,0,2,43,10,9,8,2
0,36,33,1,69,6,29,42,2
1,3,14,5,32,27,0,3,1
1,36,5,1,76,7,6,12,3
2,3,12,2,115,9,5,30,1
1,8,7,4,39,55,24,13,10
0,13,9,2,12,29,0,0,4
0,18,35,2,95,16,28,22,6
0,15,16,1,47,39,32,21,9
0,20,7,0,86,41,16,42,4
0,18,26,9,53,65,17,26,0
0,17,17,2,19,40,11,21,8
1,17,33,2,57,65,17,21,9
0,6,7,2,24,28,8,13,10
1,19,26,9,96,23,32,40,8
1,16,17,1,155,17,16,37,0
1,44,26,9,160,58,14,39,5
0,44,29,9,134,64,45,48,5
1,44,26,8,23,55,24,37,6
0,6,5,1,45,0,29,42,12
1,22,30,9,165,52,19,67,8
2,9,8,2,49,0,2,3,9
1,9,27,1,36,32,22,12,12
2,50,40,14,85,31,25,49,4
2,39,31,14,44,31,25,32,15
0,17,16,9,103,12,24,9,12
1,19,35,9,128,16,17,6,11
0,32,26,8,54,39,8,6,7
1,15,33,2,19,41,9,34,16
1,20,16,9,91,15,8,34,11
1,20,16,9,137,15,8,22,11
0,32,17,8,166,38,24,9,5
0,15,33,9,95,41,29,9,11
0,6,2,1,63,32,9,29,18
2,3,12,6,115,66,7,5,12
0,11,5,4,13,30,2,31,9
2,35,11,0,111,11,4,17,1
2,14,24,0,18,3,1,17,8
0,27,4,0,116,4,10,17,2
0,11,5,9,76,32,2,29,12
2,35,11,5,1,3,1,17,3
2,40,1,6,84,11,10,1,4
1,11,6,1,33,30,29,21,7
2,29,13,6,117,24,27,17,3
1,30,14,6,74,49,5,5,3
1,15,33,10,136,30,9,21,2
0,15,7,10,61,42,2,40,12
0,15,33,10,22,28,29,34,6
0,19,26,9,53,36,15,34,10
1,15,33,4,114,55,29,7,11
0,46,18,16,167,73,44,36,6
1,21,30,8,129,43,33,69,6
1,22,18,10,168,44,45,37,17
1,15,35,8,47,40,16,29,9
1,45,20,9,59,71,12,6,8
0,20,17,1,39,28,8,13,9
1,45,30,9,29,14,30,40,0
2,35,11,6,4,51,1,16,2
2,30,24,5,41,66,10,15,3
1,8,5,1,136,6,6,42,9
0,14,11,6,117,66,10,16,9
1,17,17,9,57,16,16,7,10
2,24,25,14,34,25,25,32,15
2,48,21,13,104,26,26,27,13
2,31,25,14,34,25,25,32,15
2,43,44,13,125,54,42,28,13
1,22,20,10,169,56,12,39,10
0,41,45,10,169,71,14,46,12
1,21,20,17,170,70,23,57,17
0,21,18,12,168,19,14,60,16
1,2,7,1,6,7,8,31,2
1,36,5,2,171,6,2,43,3
2,5,12,2,74,47,10,15,2
1,8,5,2,73,2,2,43,9
1,6,5,8,7,10,6,21,3
0,2,5,9,87,2,2,7,17
1,7,9,2,78,49,7,14,2
0,22,30,9,134,46,32,46,17
0,58,49,16,158,78,34,36,16
0,56,20,10,58,23,30,23,6
1,23,48,10,151,63,33,60,23
0,20,10,8,22,17,17,20,17
0,20,17,2,33,15,28,13,0
1,17,33,4,23,12,11,7,7
0,44,15,1,54,34,17,19,10
1,17,17,1,95,15,29,19,12
0,6,16,7,47,15,17,22,9
1,16,29,4,96,52,23,37,0
0,10,2,1,62,28,28,42,9
1,20,33,9,93,38,16,21,8
0,18,33,1,103,37,13,21,8
0,17,33,7,47,17,28,22,12
1,41,29,8,59,23,31,46,9
0,41,45,9,65,64,30,46,0
0,16,26,10,92,43,16,62,17
1,16,26,4,148,41,16,19,0
1,45,19,9,51,34,30,41,10
1,19,35,9,54,38,11,20,7
1,16,19,8,166,12,15,26,9
0,15,16,9,130,42,24,19,3
1,17,7,11,33,55,29,29,10
1,16,19,16,52,15,14,39,22
1,16,17,16,64,15,11,37,0
1,32,26,10,156,38,30,37,12
1,16,35,10,70,38,15,69,17
0,32,17,9,162,64,32,19,0
0,15,33,18,39,42,29,19,10
0,17,33,16,91,15,16,62,0
0,15,7,11,8,17,24,29,9
2,15,7,8,130,33,11,21,6
2,21,45,10,162,38,32,26,3
1,0,9,1,3,0,9,10,3
1,9,8,1,72,32,28,2,3
0,33,40,0,50,35,4,4,15
1,42,25,14,172,25,25,32,13
0,37,25,3,85,31,25,32,15
0,29,13,2,143,48,10,16,2
0,42,31,3,44,25,25,32,13
0,28,28,0,50,35,27,4,14
1,40,3,0,4,11,10,4,15
0,26,22,13,35,26,26,28,20
1,35,39,0,84,11,4,4,13
2,12,1,2,111,3,4,1,2
0,25,46,13,35,54,26,28,13
0,47,37,15,104,25,26,28,14
0,43,44,19,125,54,26,61,14
0,54,50,19,125,54,42,61,20
1,20,7,8,68,30,29,42,8
1,20,16,8,107,39,32,7,10
0,14,4,0,81,3,10,17,2
2,2,2,10,63,33,29,12,5
1,0,9,7,37,8,3,14,12
2,7,0,2,139,27,3,3,10
1,3,12,5,17,9,7,30,2
2,7,0,1,119,29,22,10,3
2,7,8,7,15,8,5,3,9
2,8,5,1,36,45,2,43,9
0,50,28,3,105,31,27,49,1
0,42,31,14,44,25,25,32,13
1,14,13,2,117,3,41,17,3
1,11,8,1,40,5,2,43,0
1,3,9,2,10,49,7,14,9
0,49,14,2,14,1,10,30,0
0,3,9,2,74,49,41,5,4
1,14,13,6,16,1,1,17,3
0,28,3,3,38,35,4,4,9
0,31,25,15,172,25,25,32,4
0,25,37,13,35,26,26,27,1
1,15,16,8,71,17,29,42,10
2,15,6,11,30,55,24,29,9
2,41,29,8,21,46,24,6,17
2,16,35,8,57,40,13,26,12
2,15,7,9,71,41,8,29,10
2,60,0,2,0,29,9,3,12
2,9,27,2,43,6,2,5,2
2,11,8,4,73,2,8,3,3
2,8,5,4,71,7,24,29,8
1,56,26,9,132,65,12,62,10
1,56,45,9,141,52,30,38,12
2,8,10,1,13,10,3,31,12
1,3,12,6,74,47,5,5,4
2,36,10,2,13,10,28,8,12
1,7,9,2,15,9,7,3,9
1,6,5,4,68,30,29,31,9
1,7,9,7,88,45,9,11,8
0,1,3,15,80,51,4,47,3
2,9,9,7,36,32,9,8,10
2,3,32,2,10,9,3,15,10
0,42,38,3,138,31,27,32,1
1,30,14,2,75,9,0,15,9
2,13,9,1,139,29,3,14,6
2,13,12,1,42,45,7,5,8
1,18,33,8,103,15,15,46,5
1,20,7,1,148,15,24,19,17
2,19,17,4,107,40,24,26,3
1,19,17,1,156,23,17,24,9
2,15,6,1,47,39,24,7,3
1,17,7,9,61,40,32,18,3
2,17,7,4,8,15,11,29,9
1,44,15,9,92,46,12,71,17
1,16,35,9,142,58,32,62,9
2,6,6,4,62,15,8,29,8
1,45,19,10,173,77,34,38,7
2,0,9,1,120,0,9,5,12
1,30,24,6,74,9,10,30,9
2,11,27,2,72,30,29,12,9
2,8,6,9,2,30,8,11,3
1,6,5,1,86,7,13,29,12
0,13,12,1,37,49,5,0,8
1,30,24,2,116,4,10,17,12
2,36,10,4,63,6,8,42,12
1,12,13,2,18,48,10,16,2
2,8,5,9,130,17,11,12,11
1,56,19,11,94,23,12,69,7
0,10,2,4,46,2,6,13,10
2,20,33,11,33,33,28,20,12
1,6,6,1,136,2,13,31,2
2,19,17,1,19,41,24,9,12
2,19,26,1,91,55,15,37,10
1,15,7,10,61,7,16,26,6
2,10,2,1,22,39,24,29,17
1,14,24,5,14,66,10,16,3
1,27,4,6,16,48,10,17,12
2,7,12,2,120,45,3,8,9
2,36,27,1,164,45,3,31,10
2,5,12,2,32,49,5,0,12
0,40,39,0,84,11,1,47,2
2,9,0,7,37,27,3,10,3
0,12,11,6,1,51,41,16,3
0,1,1,0,80,35,4,1,10
1,3,12,9,10,47,5,0,10
0,57,46,13,90,54,26,28,14
0,28,51,3,38,53,4,47,2
2,11,0,2,12,8,41,8,11
2,13,9,1,3,29,0,8,0
0,30,12,1,75,24,41,0,12
1,7,9,1,32,47,7,0,10
0,28,51,0,127,51,1,4,1
0,33,40,3,89,53,27,49,2
0,47,21,13,104,26,26,27,1
0,40,3,3,127,35,4,4,3
2,9,8,1,72,0,9,11,11
1,11,8,2,2,6,2,11,10
1,11,8,6,119,27,3,8,17
2,7,23,6,119,29,22,10,0
1,8,5,8,13,10,3,31,10
1,5,12,0,118,66,10,5,3
1,14,24,0,143,24,1,17,4
2,2,5,1,19,15,13,7,16
0,40,1,0,80,11,1,47,3
2,7,0,2,120,0,22,14,2
1,5,12,2,75,49,7,10,1
0,0,0,2,139,8,7,3,3
2,7,23,7,3,45,3,8,2
0,35,13,6,79,51,1,16,2
0,1,1,0,127,53,4,47,4
0,14,28,6,16,48,1,16,1
0,1,1,0,84,11,1,4,15
2,3,12,2,120,45,3,3,8
1,36,10,7,146,0,2,11,12
0,28,51,0,127,11,4,4,1
2,16,35,11,52,37,14,40,12
1,18,16,8,121,17,29,19,7
0,4,3,0,84,51,1,47,1
0,13,12,7,115,49,5,15,2
2,3,32,2,5,66,5,15,9
0,4,40,3,138,53,27,49,15
0,60,8,1,6,0,9,8,2
2,0,9,2,120,8,0,3,9
1,7,23,2,15,9,5,10,2
0,31,52,15,172,25,26,32,13
2,40,3,0,127,35,4,47,15
2,7,9,7,139,27,0,10,9
0,33,40,3,89,53,25,4,1
1,12,11,5,1,3,1,16,3
0,50,40,3,89,53,27,49,1
1,15,7,9,107,41,15,22,17
1,16,29,9,163,12,16,69,6
2,17,35,10,58,23,32,46,11
1,17,17,10,137,40,29,6,9
2,41,19,11,174,70,34,72,11
2,10,16,9,6,7,29,22,9
1,30,12,7,115,47,7,5,3
1,14,24,6,143,1,10,17,10
2,13,9,2,10,48,41,3,7
1,29,13,0,111,11,1,16,3
0,0,9,2,12,27,2,3,9
1,9,8,4,9,0,2,43,0
0,6,6,8,47,30,17,26,12
1,13,9,1,11,27,22,8,12
0,7,8,1,45,22,3,31,8
1,11,8,8,171,5,2,12,17
1,2,5,9,62,5,8,13,7
0,9,27,4,146,0,22,8,16
1,9,8,4,55,5,2,13,22
1,8,10,11,112,49,3,29,18
0,10,5,1,87,2,8,29,10
1,11,8,2,43,8,6,11,9
1,13,8,9,114,32,13,7,22
1,12,11,6,111,3,27,16,4
2,12,11,6,1,3,1,1,1
0,9,0,1,146,45,2,8,3
1,3,14,2,75,47,7,5,1
0,10,5,10,86,13,8,22,6
0,36,10,1,171,32,8,11,3
0,15,7,10,95,41,15,29,0
1,10,10,4,71,42,11,2,12
1,10,5,2,22,2,2,26,6
0,8,10,9,68,30,11,11,9
0,18,7,4,137,55,17,22,9
0,11,8,4,112,32,2,11,3
2,31,25,3,44,25,25,32,13
1,5,14,2,75,47,3,30,9
0,14,13,2,143,66,41,17,2
2,43,50,23,125,54,42,61,14
2,33,28,0,89,31,4,49,1
2,54,42,13,125,67,42,61,14
0,42,31,6,105,53,27,32,13
1,5,12,2,42,49,3,10,12
1,29,24,6,5,66,7,5,6
0,14,11,6,14,66,41,17,10
1,60,8,1,11,8,2,8,8
1,3,32,6,15,27,0,5,2
0,29,13,2,118,66,10,30,10
0,29,4,2,78,8,7,5,2
0,30,14,1,78,47,0,10,3
0,33,3,0,4,35,4,16,9
1,40,1,0,79,11,4,16,3
0,35,13,7,143,3,10,15,3
2,50,40,0,138,31,25,32,1
2,28,3,3,80,35,4,47,1
0,14,4,6,18,1,1,16,9
2,42,31,13,138,53,27,32,1
0,1,1,0,4,51,1,1,4
0,1,3,3,84,11,4,47,2
2,42,31,15,85,53,25,32,1
2,50,31,14,85,31,25,49,4
2,31,25,15,172,31,26,27,15
2,61,44,19,90,54,26,28,14
2,62,42,21,124,67,42,61,24
2,54,50,21,125,54,26,61,20
0,15,33,8,93,16,15,22,12
0,15,7,4,128,34,11,38,0
0,8,5,7,57,16,17,22,0
0,7,23,3,120,8,22,3,9
1,9,23,5,119,49,3,11,17
0,29,24,0,41,48,41,15,3
1,60,8,6,3,0,22,3,10
0,11,10,2,7,10,29,29,12
1,8,10,2,171,2,24,8,0
0,8,10,7,86,5,28,21,9
0,6,2,7,30,55,8,42,12
0,8,10,2,114,33,28,7,0
0,11,8,7,13,22,28,31,12
0,8,6,2,130,30,28,22,11
0,36,27,2,13,2,28,8,3
0,8,8,2,72,5,8,12,10
1,8,5,2,112,5,8,2,10
0,10,5,1,24,6,6,9,8
0,3,12,0,17,4,41,5,3
0,2,7,12,86,13,16,29,8
1,35,1,0,79,11,10,47,4
1,10,2,4,87,30,13,31,8
1,8,5,1,114,30,28,7,17
0,2,5,7,39,30,13,7,5
1,2,2,7,23,41,15,7,17
1,56,19,12,175,79,36,48,17
0,8,8,1,13,32,24,3,2
0,10,2,7,62,33,28,21,8
0,34,29,9,133,44,21,40,0
1,36,27,6,9,8,6,11,12
0,9,9,2,88,0,29,10,3
1,19,33,9,64,28,12,19,12
1,17,33,9,163,55,12,21,12
0,41,29,9,135,23,14,73,5
0,16,26,10,176,72,39,24,12
0,16,19,8,163,55,17,62,5
1,19,26,10,168,37,14,46,0
0,20,7,8,64,36,15,18,12
0,20,6,2,93,28,8,19,0
0,17,5,4,65,38,24,9,0
1,6,7,8,148,7,28,26,6
1,10,7,1,137,5,16,20,17
0,45,29,10,67,61,19,60,8
1,19,17,1,147,39,12,9,8
0,6,16,4,61,41,13,20,9
1,18,7,7,156,15,15,9,12
0,40,39,0,4,51,1,1,2
1,6,6,8,55,6,15,42,9
1,2,6,9,148,28,17,21,17
1,2,33,9,61,13,18,20,9
2,9,8,1,3,45,22,8,4
0,14,11,2,117,1,5,17,4
0,0,12,1,37,9,29,5,2
0,9,8,1,20,32,8,11,3
0,2,5,9,68,8,8,19,9
0,11,8,1,2,5,28,12,0
0,9,8,1,112,22,2,11,12
0,7,9,1,36,45,6,11,0
1,7,23,1,11,9,2,11,0
0,15,5,9,22,28,17,20,12
0,11,8,4,112,32,6,31,10
0,36,7,1,30,6,11,29,3
2,14,11,2,81,1,4,17,15
2,48,37,15,104,26,25,28,13
0,6,5,9,166,42,15,22,0
1,36,27,7,36,45,9,43,2
0,11,8,1,136,29,2,7,10
1,11,27,8,112,32,24,3,2
1,32,17,9,8,7,32,7,10
1,20,17,8,8,7,30,7,3
1,9,8,1,164,8,9,8,3
0,7,0,11,0,8,9,3,2
0,20,16,9,47,42,16,7,10
0,17,17,8,155,7,30,37,10
0,36,5,1,76,0,29,42,0
0,2,5,8,69,30,8,2,9
0,3,12,5,75,49,0,5,2
0,8,2,8,63,32,29,22,9
1,5,12,5,115,66,5,5,9
0,0,12,1,119,9,22,11,3
0,13,12,2,5,66,3,5,3
0,5,32,7,42,47,7,3,2
2,12,11,6,111,3,1,47,1
0,36,8,1,13,6,11,3,3
0,30,24,2,118,66,7,17,1
2,42,31,14,85,31,27,32,15
1,60,10,2,20,29,28,13,0
1,3,12,7,78,47,22,14,3
1,8,5,2,62,6,28,42,10
0,11,5,1,30,10,8,21,10
1,9,0,7,2,9,9,12,16
2,47,21,13,34,25,26,27,15
2,31,25,15,44,31,25,27,13
2,33,51,0,127,51,27,4,1
2,28,3,3,127,11,27,4,1
2,40,3,3,80,51,4,47,15
2,1,39,0,79,11,10,47,15
2,1,3,14,80,51,1,4,15
2,35,4,0,117,66,10,1,1
2,12,11,1,81,48,4,1,1
2,12,11,1,111,1,1,47,15
2,14,11,0,106,3,10,47,1
2,14,13,0,116,4,10,17,15
2,14,4,6,14,66,10,17,1
2,29,13,0,118,4,5,16,1
2,29,13,0,41,24,5,16,15
2,29,24,6,116,24,10,17,15
2,30,14,6,75,29,41,30,15
2,30,14,5,115,9,5,30,1
0,30,24,6,118,49,1,17,15
2,5,14,6,77,66,10,17,15
2,3,0,2,119,5,5,0,2
2,3,12,6,120,10,7,30,1
2,3,14,6,17,27,0,17,1
2,13,9,7,88,32,2,10,4
0,7,8,2,36,10,7,8,4
2,7,0,2,88,22,22,8,2
1,60,0,1,112,6,3,8,4
2,9,9,6,119,0,0,0,2
0,9,8,2,9,7,0,43,4
1,11,5,2,20,41,9,2,2
0,11,10,2,40,10,9,8,2
0,11,7,1,86,41,13,13,4
0,8,10,7,20,41,2,31,4
0,10,5,2,8,36,13,12,2
1,10,2,1,62,55,8,2,9
1,6,7,1,47,12,24,13,3
1,6,6,2,47,39,8,21,4
0,6,16,4,54,40,24,22,3
1,6,16,4,30,17,28,21,3
0,15,7,1,107,46,8,13,2
0,15,16,8,93,37,17,7,3
0,20,33,4,148,16,16,18,2
0,20,7,7,63,28,28,11,3
1,20,17,1,137,38,28,18,2
0,18,17,9,161,68,17,19,2
0,18,33,7,53,65,11,6,10
1,32,15,4,162,46,15,6,3
1,32,15,8,177,52,12,9,4
1,32,17,8,163,19,15,18,15
1,32,17,1,162,52,17,19,10
0,32,17,9,26,19,31,37,9
1,32,17,8,177,57,8,9,3
0,32,26,9,59,18,18,26,9
1,19,17,9,110,18,15,39,3
0,19,33,8,53,34,12,9,2
1,16,26,9,110,58,40,22,10
1,16,19,4,26,21,30,26,3
0,16,29,4,113,19,40,9,2
0,16,26,9,26,23,18,46,10
1,16,26,8,92,21,18,62,9
0,16,26,9,160,78,32,19,2
1,16,35,8,177,37,29,46,9
1,16,35,12,110,43,18,34,9
0,44,26,9,65,68,18,46,8
0,44,29,9,178,61,23,40,2
1,44,26,4,110,57,19,19,3
1,44,35,9,59,79,30,18,2
1,45,29,9,66,60,40,9,4
0,41,19,9,179,76,23,39,9
0,41,19,9,129,43,31,46,2
0,41,48,12,180,80,34,68,17
0,56,45,9,169,43,11,48,0
0,56,19,10,181,75,12,39,3
1,22,48,8,160,56,31,46,3
1,21,19,9,151,81,20,23,10
1,21,19,8,135,21,34,69,2
1,21,18,10,131,82,33,46,9
1,34,30,8,182,83,46,60,9
1,34,18,16,183,84,47,23,9
0,46,47,18,184,85,47,74,17
2,25,46,13,104,26,26,28,15
2,24,21,13,34,25,26,27,13
2,24,21,15,34,25,26,27,20
2,31,25,13,172,25,25,32,15
2,31,52,13,172,25,25,27,14
2,39,25,15,44,25,27,27,15
2,42,44,3,105,53,27,32,14
2,50,28,3,38,35,1,49,13
2,55,28,3,89,53,27,49,14
2,55,28,0,106,35,4,49,15
2,33,40,14,106,35,27,49,13
2,33,28,3,50,35,4,49,15
2,33,28,14,106,53,27,49,4
2,28,51,0,38,51,27,49,13
2,28,51,3,84,11,4,4,15
2,4,1,0,4,11,27,49,15
2,40,3,3,80,51,4,4,1
2,40,3,3,84,3,4,49,1
2,40,3,3,80,51,1,4,13
2,40,3,14,111,1,4,4,1
2,40,1,6,18,48,1,47,1
2,12,13,0,18,1,10,1,15
2,12,11,0,14,47,41,16,1
2,14,11,0,111,11,10,4,15
2,14,1,3,18,66,4,1,15
2,30,24,0,185,49,41,17,1
2,30,24,0,5,49,41,15,1
2,30,24,0,31,49,10,17,15
2,30,32,0,74,9,5,17,15
2,49,14,2,17,9,7,15,13
2,49,24,6,185,49,5,17,15
2,5,12,6,17,49,0,15,15
2,5,24,6,17,49,41,15,15
2,5,14,6,74,49,5,15,1
2,5,14,0,32,0,7,17,1
2,3,14,2,77,27,10,30,4
2,3,12,2,75,27,5,30,15
2,3,12,7,15,29,5,14,15
2,3,14,0,5,47,41,15,1
1,3,12,5,42,45,3,5,15
2,3,9,7,78,9,7,5,1
2,13,23,7,12,8,9,10,1
2,13,9,6,42,45,7,14,4
2,13,12,5,139,5,7,30,1
2,13,12,6,15,22,6,5,1
2,0,9,2,49,0,9,0,1
2,0,8,2,119,5,3,14,15
2,0,23,6,37,22,7,5,1
2,0,12,6,15,45,7,14,1
2,7,0,2,139,22,7,30,1
2,7,0,2,49,2,0,10,1
2,7,12,5,42,27,7,5,1
1,7,9,2,12,22,3,30,15
0,7,0,2,9,42,6,10,4
1,7,0,2,36,6,7,0,4
0,7,0,2,11,0,22,0,2
1,7,23,2,43,13,3,14,15
0,60,8,2,2,13,3,8,15
0,60,8,1,112,6,2,3,15
0,60,23,6,42,8,0,5,4
0,60,0,2,40,7,22,10,1
1,9,0,2,12,45,0,14,1
0,9,8,2,171,13,22,8,4
0,11,10,1,73,33,9,0,4
0,11,10,1,9,10,2,10,1
0,11,27,1,13,7,6,3,15
2,11,8,2,164,30,0,10,4
0,11,8,1,112,13,9,0,1
0,11,10,2,72,41,22,43,1
1,11,27,7,72,13,2,43,2
2,11,27,4,76,17,9,3,4
0,11,5,2,112,6,9,3,2
2,11,9,2,40,32,22,11,4
0,36,27,1,7,16,6,11,4
2,36,8,6,36,5,22,8,1
2,36,5,1,7,55,29,43,1
0,36,5,4,46,28,9,11,4
0,36,5,1,71,16,28,12,4
1,36,6,1,86,55,24,42,4
0,36,27,8,136,55,2,3,1
1,8,5,1,69,28,8,8,4
0,8,10,1,68,42,29,8,9
1,2,6,7,20,13,24,12,4
1,2,6,4,33,42,15,12,4
0,2,5,2,171,10,29,11,1
1,10,10,1,114,16,24,12,4
0,10,6,1,69,6,29,31,4
0,10,7,1,130,55,15,31,4
1,6,7,8,57,56,28,31,2
1,6,6,1,62,55,29,21,2
1,15,33,8,107,68,11,18,2
1,15,10,7,46,7,8,43,4
0,20,16,8,60,58,30,22,3
0,20,16,8,132,14,11,26,3
1,20,33,4,162,56,32,18,4
0,20,7,1,93,23,16,13,4
0,20,33,9,121,40,13,2,1
0,20,17,8,162,46,14,22,2
1,20,33,8,53,56,16,29,2
1,17,33,4,64,58,15,22,1
1,17,33,11,91,40,30,21,4
0,17,33,4,54,46,11,21,3
1,17,16,1,163,58,16,22,4
0,17,35,7,156,43,30,13,2
0,18,17,8,163,52,30,21,9
0,18,17,8,177,36,17,19,4
1,18,33,1,93,52,17,29,4
1,32,17,8,64,68,28,3,9
1,32,16,4,162,43,16,29,9
0,32,17,9,177,61,17,18,2
1,32,33,1,23,37,11,29,2
0,32,33,4,166,52,16,18,2
1,19,35,4,156,23,30,22,2
0,19,17,8,21,71,32,21,2
0,19,17,9,142,70,30,22,9
0,19,17,4,21,58,30,19,9
0,19,17,8,70,19,17,6,3
1,16,15,8,51,44,30,6,4
1,16,29,11,141,43,18,40,9
1,16,15,9,134,61,18,62,3
0,16,35,9,141,71,14,46,3
1,16,17,9,163,36,32,24,3
1,16,26,9,59,71,12,19,2
1,16,35,12,110,44,12,39,2
0,44,35,8,48,78,18,19,4
1,44,26,9,160,70,18,19,9
0,44,15,4,52,52,32,9,4
0,44,35,9,110,61,14,39,9
0,44,19,10,129,76,12,62,3
0,45,26,8,186,73,14,26,3
1,45,26,9,133,72,40,46,9
1,45,26,9,169,64,31,39,3
1,45,26,8,29,18,17,9,3
0,45,19,9,25,81,34,33,9
0,45,19,9,181,63,19,39,4
1,45,26,9,187,76,23,26,4
0,45,26,9,26,21,12,24,9
1,45,26,8,51,19,40,20,3
1,45,29,4,177,14,11,34,3
0,41,26,8,113,71,23,62,2
0,41,19,17,175,79,23,23,9
0,41,19,10,56,77,33,41,3
1,41,33,8,66,72,40,43,2
1,41,29,9,188,84,34,39,3
1,56,26,10,176,72,12,38,9
0,56,30,10,150,78,12,73,2
0,56,26,10,174,43,19,25,3
1,56,17,11,92,78,31,26,15
0,22,19,9,67,76,23,39,9
1,21,36,16,150,69,12,38,3
1,21,18,10,101,60,19,63,10
0,21,30,10,67,86,33,67,10
0,34,19,9,189,83,19,46,4
0,34,26,12,190,87,35,41,3
1,34,30,9,101,88,35,67,3
1,23,30,11,175,72,47,39,10
0,38,18,12,191,89,48,63,9
0,38,18,9,192,60,47,46,3
1,38,19,10,181,79,46,46,9
1,58,47,16,193,90,49,68,9
0,63,47,16,194,89,50,57,10
2,57,34,13,90,54,26,28,14
2,57,22,13,35,26,26,28,20
2,57,46,19,90,54,42,28,14
2,25,37,19,35,26,26,28,14
2,48,21,13,126,25,26,28,14
2,31,52,15,34,25,26,27,14
2,31,52,15,34,26,25,27,13
2,39,25,13,172,31,25,32,1
2,42,25,15,138,53,25,32,15
2,42,38,0,138,31,25,32,13
2,42,40,15,85,31,25,32,13
2,55,40,3,89,53,27,49,15
2,33,28,13,50,35,27,49,15
2,28,40,0,106,51,27,49,15
2,40,1,3,4,3,1,4,13
2,12,11,6,111,66,27,47,15
2,14,11,3,1,48,1,1,15
2,14,11,6,1,66,4,47,15
2,14,13,3,18,66,1,47,1
2,29,14,0,5,8,1,17,15
2,30,4,5,118,9,4,17,1
2,30,4,6,143,24,10,17,1
2,30,14,6,118,24,41,30,15
2,49,4,6,118,24,41,15,1
2,49,14,5,74,9,10,15,1
2,49,24,0,143,24,1,17,15
2,5,14,2,115,49,7,15,1
0,5,12,2,77,45,7,15,1
2,3,32,5,10,29,0,15,15
2,3,12,2,78,0,41,30,1
2,3,32,5,115,47,5,5,1
2,3,12,6,10,9,0,5,1
2,3,12,1,32,8,7,14,1
2,3,12,5,10,45,7,30,4
2,13,0,2,37,29,0,14,4
2,13,12,2,120,5,3,5,15
2,13,32,6,115,8,5,15,1
2,13,32,6,10,8,0,15,15
2,13,32,5,115,49,7,15,15
2,0,9,2,78,27,0,5,1
0,7,23,6,11,10,2,14,1
2,7,8,2,12,29,3,10,15
2,7,9,5,37,29,0,14,15
2,7,9,6,15,0,3,5,1
2,60,8,2,45,41,3,8,4
0,9,17,2,3,22,9,10,1
2,11,8,1,88,32,3,3,1
2,11,8,2,11,0,22,8,2
2,11,8,2,3,32,3,14,4
0,11,27,2,3,32,22,14,15
1,11,27,2,11,32,6,10,1
2,36,5,2,2,28,2,43,4
1,36,10,2,88,2,22,10,15
2,36,10,2,164,2,22,0,2
2,36,8,2,3,0,3,8,4
2,36,8,2,9,13,9,0,4
0,8,10,1,6,28,28,11,2
2,8,8,1,11,22,9,3,4
2,8,8,2,88,6,9,8,4
1,8,33,4,108,52,24,29,1
2,8,10,7,171,13,22,8,4
2,8,10,1,40,2,9,43,2
0,8,5,2,20,15,29,12,2
2,8,10,2,9,33,2,10,4
2,2,10,2,45,30,9,11,4
2,10,27,2,40,2,6,8,2
2,10,2,1,72,7,2,11,3
0,6,27,1,6,34,28,3,1
0,6,5,2,55,12,2,11,2
0,6,5,1,114,65,9,31,2
1,6,5,1,62,12,13,8,4
1,6,6,4,39,39,13,31,4
0,6,6,4,86,40,28,31,3
0,15,6,1,121,65,28,42,2
0,15,7,8,121,34,16,31,4
1,15,7,8,112,41,28,29,4
0,15,5,1,33,12,13,12,4
0,15,33,4,137,65,17,42,2
0,15,7,4,57,44,28,2,4
1,15,16,9,54,68,17,7,2
0,20,33,4,166,56,24,29,2
1,20,7,1,30,40,16,31,4
2,20,7,4,63,41,29,31,4
1,20,33,1,57,37,15,7,1
1,20,16,8,103,58,11,7,3
0,20,7,1,33,39,13,31,2
1,20,17,9,130,38,24,13,2
0,20,33,1,95,34,24,7,2
2,20,7,7,62,13,16,29,3
0,20,7,9,108,19,16,42,2
0,20,7,1,33,40,13,31,2
0,17,33,4,162,36,16,7,4
0,17,33,10,195,91,51,38,2
0,17,7,1,62,15,13,31,2
0,17,16,1,137,64,28,29,2
0,17,16,1,23,19,24,42,4
1,17,16,8,22,15,32,7,2
0,17,33,1,22,36,28,42,2
0,17,17,8,137,65,17,7,1
0,18,17,4,23,36,15,13,4
1,32,17,8,155,64,32,7,2
0,32,33,9,132,73,17,13,4
1,32,17,4,53,19,30,29,4
0,32,17,8,108,14,32,31,3
1,19,17,9,52,18,15,22,2
0,19,17,1,64,58,30,18,2
0,19,15,9,52,44,17,9,3
1,19,17,9,93,12,16,37,2
0,19,35,8,54,23,11,13,4
0,19,35,1,141,81,15,22,2
0,19,17,9,91,46,17,18,2
0,16,33,9,93,36,14,18,3
1,16,17,4,47,65,28,13,2
1,16,17,8,155,68,32,21,2
0,16,17,1,108,23,24,29,4
0,16,16,12,24,12,6,13,4
1,16,15,8,162,58,17,21,4
1,16,35,9,92,92,14,6,2
0,16,15,10,177,43,31,22,4
0,44,17,8,156,43,11,22,4
0,44,26,9,65,58,23,26,3
1,44,26,20,21,14,23,22,2
0,45,29,9,92,21,34,37,3
0,45,45,10,169,57,31,62,3
1,45,15,9,156,23,32,19,3
1,41,26,10,173,78,34,69,2
0,41,26,8,60,58,23,22,9
0,41,29,8,160,19,39,26,9
1,41,29,9,129,43,39,37,3
1,56,45,10,134,19,14,41,9
0,22,19,8,178,21,18,26,4
2,22,26,9,113,70,31,37,2
1,22,26,12,178,18,12,24,2
1,34,30,16,189,77,39,60,8
0,34,19,9,133,73,39,39,3
1,34,30,8,122,61,23,40,2
0,34,45,17,196,69,21,40,10
1,34,45,9,197,93,45,62,2
0,34,18,10,170,94,39,38,3
0,23,18,11,98,87,34,48,2
0,23,36,10,198,95,47,75,10
1,23,19,10,188,84,23,39,2
1,23,20,9,29,78,17,20,2
1,38,18,11,188,69,46,48,9
0,38,20,10,199,96,21,71,10
0,38,30,10,175,87,23,69,3
1,64,48,10,200,97,36,44,3
1,64,20,12,199,98,44,73,3
0,64,18,1,132,72,13,18,4
0,46,26,10,102,97,51,48,10
1,46,36,10,201,74,46,41,10
0,58,48,10,100,99,52,67,9
0,59,18,16,202,98,53,67,9
1,59,36,17,203,100,48,63,9
1,59,53,17,204,101,50,35,9
0,59,48,12,205,83,35,68,3
1,65,54,16,206,102,54,58,9
2,57,8,2,37,45,0,0,15
2,31,31,15,172,25,26,27,14
2,31,25,15,34,25,26,27,13
2,31,25,15,172,31,26,32,13
2,42,25,0,138,53,27,49,15
2,33,40,15,138,31,25,49,13
2,33,40,14,138,38,26,49,13
2,33,28,3,106,53,27,49,13
2,33,28,14,138,53,25,49,13
2,28,40,3,106,35,27,17,15
2,4,3,0,79,1,4,4,1
2,4,31,0,38,11,27,49,13
2,40,3,0,4,1,4,4,1
2,40,3,0,80,11,27,4,15
2,40,3,0,84,3,4,4,15
2,40,3,0,4,1,4,4,13
2,1,39,3,111,1,4,47,15
2,1,3,0,80,3,27,4,4
2,35,39,0,4,3,4,47,14
2,12,39,0,84,11,4,47,15
2,12,39,0,4,11,4,47,1
2,12,1,0,79,3,1,47,1
2,12,13,0,81,3,41,16,1
2,12,11,0,111,48,4,47,15
2,14,13,0,79,1,4,47,13
2,14,13,0,81,66,1,1,1
2,14,11,0,111,3,4,16,15
2,14,11,0,18,48,4,16,15
2,14,11,3,4,11,1,47,4
2,14,39,0,111,3,4,1,1
2,14,11,5,16,48,1,16,15
2,14,39,3,79,3,4,1,4
2,14,13,0,16,48,10,1,2
2,14,11,0,111,1,4,1,4
2,14,4,0,41,47,10,1,1
2,14,11,0,1,1,4,1,13
2,27,4,0,31,9,10,17,1
2,29,24,6,143,48,10,17,4
2,29,13,0,117,66,10,17,4
2,29,39,6,41,4,10,16,13
2,29,13,6,117,66,10,16,13
2,30,11,0,16,24,1,16,15
2,30,12,5,31,49,41,8,1
2,49,24,0,31,9,10,16,15
2,5,14,5,31,9,1,15,1
2,5,14,6,116,24,10,30,1
2,5,24,0,41,4,10,16,1
2,5,12,24,32,29,7,5,4
2,5,24,0,17,9,5,15,4
2,3,24,5,115,49,41,5,1
2,3,12,2,42,29,5,5,2
2,13,32,6,15,29,7,5,2
2,0,12,6,77,49,5,14,4
1,0,0,2,32,27,3,5,4
2,0,32,6,115,17,5,30,4
2,0,23,6,139,0,0,30,1
2,0,9,6,115,49,5,30,2
1,0,0,2,12,29,0,10,4
2,7,12,5,5,4,41,30,9
2,7,0,6,10,9,7,10,4
2,7,9,11,12,29,0,0,4
2,7,9,2,75,9,7,5,4
2,7,9,6,119,32,7,10,4
2,7,8,2,42,27,7,0,4
2,7,23,5,120,29,3,0,4
2,60,0,2,11,5,0,8,2
2,60,9,2,139,29,3,14,4
2,60,0,6,37,0,5,10,4
2,11,9,2,119,29,0,0,4
2,11,8,7,0,0,22,3,1
0,11,10,2,88,0,2,8,4
2,11,8,1,43,6,0,3,2
0,11,2,1,2,33,2,2,2
2,11,8,1,36,5,2,11,2
2,11,5,1,13,2,29,12,2
2,11,8,2,146,2,22,3,1
2,11,10,1,45,6,22,11,2
2,11,5,7,40,33,3,43,4
2,11,8,2,43,2,2,43,1
2,11,10,6,88,32,0,8,4
2,36,8,2,45,42,9,3,1
2,36,2,1,136,41,2,12,12
2,36,10,1,46,13,9,8,2
2,8,10,7,36,22,2,43,3
2,8,10,2,13,33,9,11,2
2,8,10,2,46,55,2,3,2
0,8,2,8,39,12,2,12,2
2,2,5,7,76,16,3,8,2
2,2,2,8,62,37,3,11,3
2,2,5,5,146,32,22,11,2
2,2,6,7,7,34,22,2,2
2,10,10,1,40,6,22,0,2
2,10,5,4,36,17,2,31,4
1,10,5,7,136,41,2,2,2
0,10,7,4,69,28,2,11,2
1,10,2,1,130,12,29,31,3
2,10,2,1,68,13,2,42,2
2,6,7,1,7,55,6,42,4
1,6,7,4,71,28,29,2,2
2,6,6,4,68,33,9,29,3
2,6,5,1,43,10,22,11,4
2,6,6,1,55,55,8,31,9
1,6,5,2,171,33,2,12,2
0,6,6,4,130,40,13,29,2
2,6,7,1,63,42,29,42,3
2,6,6,1,68,42,6,31,2
0,15,7,1,130,40,29,29,2
2,15,6,8,87,7,2,21,3
2,15,6,1,7,41,8,42,2
2,15,6,1,55,28,28,31,2
2,15,6,1,114,55,13,13,2
2,15,6,1,76,7,9,31,2
1,15,7,8,29,58,33,18,3
2,15,33,1,107,19,29,42,2
2,15,7,9,130,40,11,2,9
1,15,16,1,33,34,8,31,4
0,15,7,4,71,17,28,31,4
0,15,27,2,87,28,9,8,9
2,20,16,1,63,30,16,31,3
2,20,16,1,55,15,2,29,4
1,20,33,1,61,39,32,18,2
0,20,7,9,130,15,28,18,3
2,20,7,7,7,28,28,12,3
0,20,7,2,121,15,28,21,2
1,20,2,1,24,65,6,2,3
1,20,15,9,161,14,11,19,2
0,20,33,8,8,38,28,31,3
0,17,33,8,168,79,14,20,3
0,17,33,1,71,40,8,12,3
1,17,7,4,24,39,29,29,4
0,17,17,8,95,65,24,42,2
0,17,35,10,70,52,32,26,3
2,17,17,8,91,36,15,21,3
0,17,33,9,162,44,15,18,3
0,17,17,9,129,88,15,22,3
0,17,17,4,103,23,24,22,3
0,17,16,11,71,41,13,13,4
2,18,7,1,7,42,8,42,2
0,18,17,11,132,70,15,19,2
0,18,33,8,8,16,13,21,3
1,32,17,4,61,40,24,42,3
1,32,17,8,155,65,3,19,10
0,32,17,9,156,14,14,19,3
0,32,15,8,54,68,13,9,9
2,32,17,4,64,58,32,18,3
1,32,17,8,166,36,32,21,9
1,32,33,1,8,34,8,18,3
0,32,33,8,137,68,13,22,9
2,19,35,4,96,21,15,6,9
0,19,35,1,61,34,11,19,3
2,19,7,7,121,12,8,7,9
1,19,17,9,161,65,16,26,2
1,19,17,8,161,56,16,21,10
0,19,16,4,130,40,28,29,3
0,19,15,9,96,21,30,19,10
0,19,17,9,155,38,15,20,3
2,19,17,4,137,68,8,22,2
0,19,15,9,163,65,31,24,3
0,19,33,8,23,64,24,21,3
1,16,17,8,23,68,13,22,3
0,16,17,9,156,68,16,26,3
0,16,26,9,91,36,15,22,3
1,16,17,9,108,64,24,20,10
0,16,17,9,156,36,12,20,3
0,16,15,9,64,68,33,20,2
1,16,17,8,64,36,11,24,3
0,16,29,9,48,71,17,40,3
0,16,26,11,65,44,32,24,10
1,16,26,4,59,70,23,24,3
1,16,17,8,156,65,14,6,3
0,16,33,9,161,46,15,19,2
1,16,26,9,147,19,30,20,9
1,16,29,8,65,71,40,9,2
1,16,15,8,60,43,17,9,10
1,44,35,9,58,43,34,26,2
2,44,26,11,145,70,31,19,9
0,44,35,1,93,14,28,26,10
2,44,17,1,93,52,16,21,3
0,44,26,8,128,46,16,19,10
0,44,35,8,53,23,13,24,3
1,44,26,9,173,73,30,40,2
1,44,26,9,177,63,14,9,2
0,44,17,9,132,52,14,62,3
0,44,29,8,57,40,15,19,3
0,45,18,18,133,78,39,46,0
0,45,19,11,160,64,12,46,3
0,45,29,8,52,58,17,26,9
0,45,26,10,186,61,45,62,3
0,45,19,8,94,75,32,33,9
1,41,26,9,21,36,14,24,9
1,41,49,16,207,50,46,38,9
0,41,19,9,140,72,19,46,9
0,41,29,10,140,86,39,34,2
1,41,29,9,109,86,45,40,3
1,41,19,10,178,58,33,39,3
0,41,30,12,25,92,19,23,12
1,41,19,10,122,70,20,34,3
0,41,35,9,178,78,31,62,3
1,56,26,17,197,86,45,40,3
1,56,29,9,26,61,23,37,3
1,22,45,11,66,21,34,38,3
1,22,45,16,181,21,43,62,9
1,22,26,9,54,38,14,62,3
0,21,20,10,170,94,23,60,12
0,34,20,12,159,20,47,23,2
1,34,18,10,158,75,35,67,9
1,23,20,7,181,79,39,11,10
0,23,18,25,208,100,43,71,3
0,23,18,16,97,96,46,72,9
1,23,36,11,176,80,47,33,10
1,38,20,9,67,69,34,48,9
1,64,36,9,202,103,20,71,12
0,64,36,16,209,99,55,44,10
1,46,47,12,170,73,19,68,9
1,46,48,10,170,76,51,73,9
1,58,18,12,149,99,53,76,10
1,59,36,16,210,104,37,76,2
1,59,55,18,204,105,48,70,8
1,66,56,26,211,87,47,77,8
2,67,42,19,124,54,42,61,20
2,47,21,15,104,26,26,49,14
2,12,1,1,111,1,1,47,1
2,12,3,3,4,11,27,4,13
2,12,39,0,1,24,4,47,15
2,14,11,0,118,8,1,1,1
2,14,4,0,18,66,4,1,13
2,29,13,0,41,4,41,16,13
2,29,13,5,31,8,1,16,15
2,29,4,0,143,66,10,16,1
2,30,24,0,185,27,10,17,4
2,30,13,0,143,48,5,16,1
2,30,4,6,41,47,10,16,15
2,30,14,0,14,4,10,1,13
0,30,24,2,75,45,10,15,2
2,5,12,6,75,45,7,17,15
2,5,12,6,42,5,41,30,15
2,3,12,6,115,49,5,15,13
0,3,14,2,37,5,7,15,4
2,3,0,5,15,29,7,30,2
0,13,12,2,15,0,9,30,15
2,0,12,1,119,10,0,30,1
2,0,9,5,42,45,0,5,4
2,7,12,1,37,22,3,5,2
2,7,9,2,32,8,22,5,15
2,7,9,2,115,24,5,10,15
0,7,0,2,171,28,2,10,4
2,7,0,2,37,0,7,5,1
1,7,0,2,146,30,22,14,1
2,60,23,2,11,30,0,0,1
2,9,8,2,139,29,3,0,15
0,9,27,0,112,6,0,12,4
0,9,0,7,49,32,0,3,15
1,11,8,2,146,10,9,10,1
0,11,8,6,88,5,22,3,2
1,11,8,1,76,17,29,3,2
2,36,10,2,164,10,0,8,4
0,36,6,1,19,46,28,31,4
2,36,10,2,164,32,22,8,1
0,8,10,2,164,32,2,0,4
0,8,10,1,69,55,2,8,4
2,2,6,7,46,28,2,11,2
0,2,10,2,20,39,6,8,4
1,6,5,1,87,17,28,12,2
1,6,6,1,39,15,16,11,4
0,6,6,8,55,41,24,31,2
1,15,6,4,130,68,29,31,4
1,15,7,4,130,36,28,43,2
0,20,7,4,57,46,11,29,4
0,20,17,4,161,70,11,13,2
0,20,33,9,47,39,32,13,4
1,17,33,9,21,57,16,19,2
1,17,7,1,148,37,16,2,2
0,17,33,4,95,40,15,42,4
0,18,7,4,130,16,16,29,4
1,18,17,4,147,18,17,29,2
1,18,33,1,57,68,16,21,4
1,32,33,8,166,68,14,22,2
0,32,33,8,19,38,11,29,4
0,32,17,12,65,78,24,37,2
1,19,35,9,148,68,13,21,9
1,19,35,8,60,34,31,34,2
1,19,29,9,59,70,31,6,2
1,19,35,9,53,14,15,19,9
2,16,17,7,39,28,13,29,4
0,16,35,8,91,65,15,29,3
1,16,7,8,54,36,17,21,4
0,16,15,9,103,36,15,19,2
0,16,19,9,129,72,33,24,3
0,16,17,11,163,68,33,19,9
0,44,17,1,53,52,30,21,2
1,44,26,9,162,37,14,6,3
0,44,33,4,156,36,14,19,2
0,44,15,4,145,77,17,19,9
1,44,35,16,26,76,30,9,3
1,44,26,1,156,46,14,19,3
0,44,29,10,160,56,33,34,4
1,45,29,12,176,77,40,39,2
1,45,29,9,197,73,39,46,3
0,45,29,8,140,78,19,33,9
1,45,26,9,58,19,12,26,9
1,41,20,9,133,43,40,67,3
0,41,29,9,179,76,12,39,3
1,41,26,8,110,73,12,9,2
0,41,35,1,70,37,17,31,4
1,41,30,16,181,72,12,38,9
0,41,29,16,131,87,21,69,9
0,56,26,9,92,43,45,26,3
1,22,29,11,169,43,33,39,3
0,22,20,12,189,83,39,46,9
0,22,29,9,176,57,37,26,3
0,22,26,10,133,61,20,46,3
1,21,26,10,170,50,40,60,10
0,21,29,9,67,106,23,39,9
0,34,19,12,131,107,40,23,10
1,23,20,9,175,75,40,9,9
0,23,18,12,195,92,39,68,9
0,23,18,9,182,88,21,40,3
0,64,18,12,212,108,19,25,10
0,46,36,22,208,109,21,67,12
0,58,36,11,190,103,51,48,3
0,59,20,11,167,91,35,38,9
2,26,21,13,104,26,26,28,13
2,42,38,13,85,31,25,32,13
2,50,40,14,105,53,25,49,15
2,55,28,0,105,53,25,49,15
2,33,40,0,50,35,27,49,15
2,40,3,3,127,11,4,4,13
2,1,1,3,80,3,25,4,13
2,1,39,3,80,11,27,4,15
2,1,1,0,4,51,1,47,1
2,35,39,0,4,51,10,47,4
2,35,11,3,111,1,4,1,1
2,35,1,3,80,11,4,4,1
2,12,39,0,111,3,1,1,1
2,12,39,0,111,1,1,47,15
2,14,11,3,111,3,7,1,1
2,14,11,0,81,3,41,16,1
2,14,13,6,81,48,4,16,15
2,14,13,0,81,1,1,16,4
2,14,11,0,16,66,10,1,1
2,14,4,0,116,47,10,16,4
2,27,4,0,18,48,1,16,1
2,27,11,6,143,24,10,16,1
2,27,13,6,111,3,1,1,1
2,30,4,0,41,24,41,15,4
2,30,4,0,143,4,10,16,4
2,30,14,6,116,4,10,15,1
2,5,14,5,118,4,1,17,4
2,5,24,3,41,24,10,17,1
2,3,12,6,31,24,41,30,1
2,3,14,5,115,49,5,15,15
2,13,12,0,118,4,10,15,4
2,13,12,5,78,27,7,14,1
2,0,23,2,37,29,7,0,3
2,0,9,5,77,27,5,5,1
2,0,9,5,32,45,5,14,1
2,7,0,2,42,8,5,0,2
2,7,12,5,75,27,41,5,4
2,7,9,2,119,29,0,3,4
2,7,23,1,73,30,2,11,4
0,7,23,6,32,45,0,30,1
2,7,23,2,120,45,9,5,4
2,60,0,2,139,27,0,8,2
2,60,0,2,11,32,3,0,4
0,60,9,8,37,0,3,13,4
2,9,8,7,40,6,9,3,1
2,9,8,2,37,45,7,10,4
2,9,10,1,45,33,9,8,4
2,11,0,2,139,29,7,0,4
2,11,10,6,40,32,9,11,4
2,11,10,2,45,2,2,11,4
2,11,27,2,40,32,6,8,4
2,11,8,1,164,5,2,8,2
2,36,10,7,40,30,2,3,1
1,36,8,5,9,33,9,0,15
2,36,23,2,139,27,22,10,2
2,36,9,6,139,29,22,14,3
2,36,10,2,13,13,2,8,4
2,36,27,2,146,5,9,11,4
2,8,5,1,171,33,29,8,2
2,8,27,7,88,5,3,11,1
0,8,5,1,33,28,29,22,4
2,8,27,2,13,7,6,43,2
2,8,8,1,45,2,29,8,4
2,8,10,1,171,7,29,8,1
0,8,10,8,136,30,29,31,2
2,2,2,2,40,2,2,43,1
2,2,6,1,73,32,6,2,3
2,2,10,1,164,8,9,11,2
2,2,2,7,39,55,8,29,9
2,10,10,7,13,30,29,8,1
2,10,6,9,39,55,28,13,2
2,10,6,1,87,13,2,29,2
2,10,6,1,114,16,8,42,2
0,10,33,1,107,34,32,18,3
2,10,2,1,73,32,22,42,2
2,10,6,7,69,33,8,31,3
2,10,6,1,76,28,6,2,4
2,6,10,7,76,42,6,43,2
2,6,8,2,11,5,22,8,4
2,6,2,2,69,17,3,31,4
0,6,7,1,20,42,8,7,3
2,6,6,4,112,10,9,31,2
2,6,2,1,114,39,6,42,10
2,6,5,1,6,55,29,31,4
2,6,6,4,7,41,28,2,4
2,15,10,7,164,0,22,8,2
2,15,7,1,20,16,6,2,4
2,15,33,1,121,15,29,21,9
2,15,7,4,114,55,13,13,3
2,15,7,7,69,28,6,12,4
0,15,6,1,33,42,16,7,3
2,15,2,8,87,7,13,42,2
1,15,7,4,24,38,6,18,2
0,15,7,2,71,17,28,31,2
0,15,6,4,86,34,8,31,3
1,20,16,1,6,42,13,2,4
0,20,16,1,71,41,6,29,2
2,20,7,9,33,39,8,29,2
2,20,6,1,86,28,2,21,3
2,20,7,8,130,55,8,21,2
2,20,7,1,87,7,8,43,10
0,20,33,9,130,15,28,18,4
2,20,6,1,71,17,24,13,3
1,20,17,8,64,14,17,26,3
2,20,16,2,6,42,13,42,2
0,20,17,10,57,55,16,24,3
1,20,17,10,23,34,32,60,4
2,20,7,9,71,28,6,29,2
2,20,16,1,62,17,28,29,3
1,20,7,4,155,65,16,37,4
0,20,7,8,39,39,24,13,2
0,20,7,8,137,36,8,21,12
1,17,7,4,86,12,6,42,4
0,17,33,8,155,37,16,22,3
0,17,6,7,71,55,8,42,3
2,17,7,2,136,33,2,42,2
1,17,7,1,95,12,16,29,3
0,18,35,9,177,58,15,19,3
2,18,16,1,108,12,14,7,3
2,18,33,1,121,34,28,7,9
1,32,7,4,121,34,8,7,4
0,32,16,1,39,39,13,31,3
0,32,16,1,137,65,11,29,3
2,32,33,4,86,15,13,42,4
1,32,33,8,107,12,24,20,4
1,32,17,4,156,71,24,19,2
0,32,15,9,47,40,24,18,2
2,32,15,9,47,15,16,22,4
1,32,15,11,93,68,32,9,3
0,32,17,9,93,46,17,21,2
0,32,17,8,132,58,12,7,3
1,19,33,1,61,37,28,21,2
0,19,17,1,30,15,13,18,4
2,19,17,1,71,15,15,31,2
1,19,15,1,57,37,15,13,4
1,19,17,8,107,16,16,6,2
1,19,26,11,187,92,30,33,9
0,19,17,8,61,65,15,18,3
1,19,17,8,103,36,32,21,3
1,19,35,4,96,70,31,19,10
0,19,17,8,108,68,15,22,2
1,19,17,8,64,15,16,34,3
2,19,17,2,47,38,13,7,2
0,19,17,9,64,52,17,19,2
1,19,35,11,48,71,31,24,1
0,16,17,8,108,37,17,21,3
0,16,17,9,29,70,30,19,2
2,16,35,11,147,64,30,19,10
1,16,29,8,141,79,30,26,10
0,16,29,9,29,56,17,39,12
1,16,30,9,163,46,17,37,9
2,16,35,8,103,68,32,19,9
1,16,15,11,29,44,14,19,10
2,16,17,1,24,17,29,22,2
2,16,16,1,47,17,15,20,3
0,16,15,4,145,21,30,19,10
1,16,15,9,166,65,16,20,2
0,16,35,9,64,64,30,6,9
0,16,17,8,161,46,17,19,3
0,16,26,9,53,65,16,24,2
2,16,17,8,60,78,11,19,10
1,16,35,9,178,76,30,62,3
2,16,35,4,166,38,31,21,2
0,44,26,9,128,65,14,20,2
1,44,26,11,60,14,15,39,4
0,44,35,9,70,23,14,26,9
0,44,35,9,142,77,15,20,3
0,44,26,9,145,18,14,6,9
2,44,26,9,66,63,34,37,12
0,44,26,9,187,18,23,69,10
1,44,35,9,96,44,23,19,3
1,44,35,9,65,56,14,34,2
1,45,26,9,29,52,14,37,3
0,45,29,11,51,19,31,62,3
0,45,19,10,28,60,47,38,9
0,45,26,4,21,52,30,26,3
0,45,26,9,59,58,31,40,10
0,45,26,10,181,69,39,34,8
0,45,29,10,179,18,34,41,2
0,45,29,10,142,43,16,62,3
0,45,29,8,141,79,23,9,2
1,45,29,8,96,44,18,19,2
0,45,26,9,26,19,23,46,3
1,45,29,10,178,71,19,37,3
0,45,35,4,29,71,14,6,2
1,45,15,10,92,72,31,24,10
1,41,26,8,26,61,33,26,2
0,41,26,10,145,43,15,40,9
0,41,19,10,66,79,34,34,9
0,41,29,8,110,78,31,62,2
0,41,20,11,145,43,18,62,3
1,41,29,4,166,36,16,19,2
1,41,26,10,134,43,14,33,10
1,41,26,10,168,72,46,37,9
0,56,26,9,58,79,14,26,2
1,56,30,9,133,63,23,46,10
0,56,45,10,197,57,40,67,3
0,56,29,9,25,50,45,40,8
0,22,19,9,168,77,46,24,9
0,22,26,8,59,18,32,62,9
1,22,26,8,59,21,31,9,9
0,22,19,9,92,18,33,39,10
0,22,26,9,113,18,23,19,2
0,22,26,8,65,21,23,19,10
0,22,19,9,169,63,31,20,9
1,22,19,10,58,52,23,33,12
1,22,20,8,109,82,34,24,3
1,22,30,10,56,69,40,60,9
0,21,19,8,48,71,18,24,12
1,21,29,10,110,70,33,39,3
0,21,19,10,122,43,20,46,3
1,21,29,12,67,63,34,60,9
0,34,19,4,92,86,31,9,9
1,34,18,9,25,81,46,38,9
1,34,20,12,109,72,39,23,10
0,23,18,9,195,106,20,44,3
1,23,30,9,153,76,36,71,0
1,23,20,9,196,78,53,7,9
0,38,36,16,205,110,37,67,9
1,38,36,10,102,110,43,41,10
1,38,30,12,196,88,31,38,3
0,38,18,16,213,107,37,59,9
0,64,36,12,183,107,39,25,3
0,64,20,12,100,85,49,71,12
1,64,19,11,122,21,33,38,1
1,46,18,17,97,97,43,67,8
1,46,18,10,214,88,48,59,9
0,58,49,16,98,92,35,76,9
1,58,18,12,100,111,48,41,10
1,59,18,16,214,50,36,59,9
0,59,47,12,215,112,47,50,10
0,68,53,10,216,113,56,75,10
0,68,54,26,217,109,57,36,10
2,42,21,0,1,1,10,1,13
2,14,3,6,75,9,7,30,15
1,14,39,1,40,10,9,8,1
0,27,11,2,164,33,0,10,1
2,3,4,2,40,2,2,3,4
0,3,14,2,10,45,7,5,1
2,0,12,6,78,22,7,15,15
2,0,14,1,114,39,8,2,4
2,0,12,5,32,29,7,5,4
2,7,14,1,20,17,6,2,3
0,7,23,2,36,6,2,5,1
2,9,0,6,3,8,22,43,4
0,9,0,8,107,34,32,13,2
2,9,12,8,130,7,13,9,2
1,9,9,8,30,28,16,21,4
0,11,0,4,93,64,16,20,2
0,36,9,8,47,34,24,18,2
0,36,10,1,54,37,32,29,4
0,8,0,9,137,38,16,21,3
0,8,8,2,171,33,29,3,1
0,2,5,1,63,28,8,2,4
1,10,6,1,7,15,28,43,4
2,10,8,11,161,46,15,20,4
2,6,2,9,8,34,16,42,4
1,6,5,12,178,71,33,39,3
1,6,8,4,64,56,17,21,2
1,6,8,9,177,56,31,6,3
0,6,2,8,26,21,23,26,3
0,20,33,9,108,36,11,22,2
0,20,7,10,108,14,16,29,3
2,20,16,7,62,39,8,2,3
1,17,6,9,135,57,33,69,3
0,17,33,1,148,16,14,7,3
2,17,16,4,8,39,24,29,4
0,32,26,9,113,61,18,6,9
0,32,17,9,166,46,16,29,2
0,19,17,9,51,58,23,26,2
0,19,17,4,147,71,15,20,3
1,19,17,4,162,52,30,20,9
1,16,33,1,64,46,17,19,3
0,16,17,1,128,14,14,7,3
0,16,26,9,51,44,31,9,2
0,16,35,10,70,23,32,26,9
0,44,26,10,70,38,23,24,9
1,44,17,4,52,23,23,22,3
1,45,17,1,103,64,15,19,4
0,45,26,8,110,79,40,19,2
0,41,19,10,67,81,39,39,9
0,41,35,8,170,71,18,19,3
1,41,19,12,197,63,23,60,2
0,41,20,10,154,21,40,34,3
1,22,29,10,26,58,31,38,9
1,21,45,9,122,76,40,40,3
1,34,30,9,196,86,46,69,2
1,34,20,10,175,20,35,39,3
0,34,45,10,82,60,49,23,9
1,23,20,11,140,18,39,23,12
1,64,20,10,218,59,51,67,2
0,64,18,11,150,72,46,38,9
0,46,36,17,218,74,21,75,9
2,57,46,19,90,54,26,28,13
2,24,52,13,126,26,26,27,14
2,33,40,3,89,35,27,49,1
2,40,1,0,84,11,27,47,15
2,1,1,3,4,3,4,47,1
2,12,39,0,4,11,27,47,15
2,12,11,0,111,1,4,16,1
2,12,39,3,111,3,4,1,15
2,27,24,6,117,66,1,16,4
2,30,4,0,117,1,41,30,15
2,30,24,0,143,48,27,30,1
2,30,12,6,31,4,10,15,1
2,30,24,0,143,66,10,17,15
2,30,24,6,143,48,10,15,15
2,30,24,0,116,48,10,5,4
2,49,14,6,115,9,10,30,9
2,5,12,6,185,4,41,5,4
2,3,12,6,118,4,5,15,1
2,3,32,5,17,47,7,30,1
2,3,32,6,185,49,10,15,4
2,3,12,2,118,24,10,5,1
2,3,32,5,74,47,41,5,4
2,7,0,5,42,49,0,8,1
2,7,8,2,120,45,0,10,4
2,7,12,6,15,45,5,0,2
2,9,8,7,146,32,28,0,1
2,9,23,2,3,32,0,0,4
2,9,0,2,37,8,0,0,2
2,11,8,1,0,29,22,8,4
2,11,8,1,119,45,6,0,4
2,11,8,1,120,27,0,11,4
2,11,8,5,164,30,3,0,2
2,11,5,7,40,0,22,31,9
2,11,10,1,46,42,2,2,4
1,36,10,2,46,28,3,11,3
2,36,5,1,136,30,6,29,3
2,36,2,4,72,2,9,42,3
0,36,8,5,36,32,29,10,4
2,8,5,5,3,0,7,43,4
2,8,5,1,112,7,9,8,2
2,8,10,2,36,5,6,8,2
2,8,8,2,13,42,8,10,1
2,8,8,2,36,2,29,10,3
2,8,5,2,40,30,22,8,2
2,8,5,1,46,33,6,2,4
2,8,10,1,9,32,29,8,2
2,2,6,1,2,33,0,42,4
2,2,6,8,69,13,9,13,2
2,2,10,7,146,32,22,43,2
2,2,5,2,73,10,6,11,2
2,10,33,1,23,23,28,13,2
1,10,6,8,148,55,24,22,2
2,10,10,1,13,10,29,11,2
2,10,27,2,73,32,29,11,4
2,6,6,1,62,7,15,13,3
2,6,6,1,76,2,2,29,2
2,6,7,1,71,6,13,13,3
2,6,16,7,71,41,2,42,15
0,15,7,1,63,41,29,2,4
0,15,5,2,40,22,6,11,4
0,15,10,7,136,42,29,43,1
2,15,16,9,87,33,28,31,2
0,15,33,1,39,15,8,42,2
2,15,7,9,86,28,28,21,2
1,15,7,2,86,7,28,42,9
0,15,5,2,72,33,6,11,1
0,15,33,8,19,34,28,7,9
2,15,7,1,39,39,29,29,2
0,15,16,8,8,40,13,29,2
2,15,33,8,130,15,16,29,3
0,20,33,8,23,68,24,7,9
0,20,33,8,86,17,8,21,9
0,20,7,9,19,15,15,21,2
0,20,5,7,30,12,24,13,12
1,20,7,2,71,15,6,42,2
0,20,16,7,55,13,13,42,2
0,20,16,8,61,46,11,42,2
0,20,7,1,57,12,16,13,3
0,20,33,8,54,37,11,22,9
0,20,7,1,30,15,29,18,3
1,20,17,9,53,37,24,24,2
2,20,16,1,130,68,29,31,3
2,20,16,1,114,41,11,13,9
1,20,6,8,71,28,13,31,2
0,20,17,1,24,55,8,18,2
1,17,16,10,86,39,8,31,2
1,17,26,9,22,55,13,20,3
0,17,7,4,91,52,16,21,3
2,17,7,1,55,28,29,13,3
0,17,7,8,86,41,24,29,2
0,32,33,4,8,12,24,31,3
1,32,17,1,107,37,24,7,9
0,32,33,9,52,65,34,6,9
0,32,17,4,57,16,16,19,3
1,32,17,8,156,37,31,20,9
2,19,35,9,103,36,13,24,3
1,19,33,1,24,42,24,20,2
0,19,17,11,64,36,30,9,3
0,19,15,1,155,38,30,18,4
1,19,33,1,64,36,31,20,3
1,19,33,8,137,12,24,7,4
1,19,17,9,52,71,18,22,9
0,16,17,1,155,38,18,21,9
0,16,17,4,128,46,18,18,2
1,16,26,8,51,44,33,9,10
0,16,26,12,29,58,15,40,3
0,16,35,8,155,38,32,21,9
0,16,35,4,60,65,12,24,2
1,16,26,9,93,55,11,26,9
0,16,26,10,94,44,45,73,0
0,16,17,4,160,43,49,9,2
0,16,35,8,155,12,15,26,10
0,16,26,8,91,64,11,9,9
0,16,29,9,141,71,12,37,2
0,16,26,10,21,52,17,24,3
1,16,7,8,128,65,12,20,9
1,16,19,11,134,36,45,34,9
1,16,17,1,61,37,24,7,9
0,44,35,8,51,21,32,22,2
1,44,35,9,145,58,23,26,9
1,44,19,9,26,14,12,46,9
1,44,26,8,59,43,23,26,9
0,44,19,8,60,56,32,26,10
0,44,26,9,145,57,11,62,10
0,44,29,9,142,14,12,24,3
0,45,45,9,132,36,12,24,9
1,45,15,1,162,14,17,26,3
1,45,29,9,160,64,30,46,3
2,45,35,1,53,64,32,22,3
0,45,35,8,156,36,14,26,2
1,45,35,10,154,79,45,6,9
1,45,29,11,56,81,33,60,10
0,45,35,9,58,57,17,26,9
1,45,19,17,197,61,39,60,6
2,41,19,4,96,19,12,6,3
1,41,29,8,132,36,18,37,12
1,41,29,10,110,23,46,39,3
1,41,29,11,129,61,32,67,9
1,41,19,9,134,43,30,40,3
0,41,19,9,163,23,16,24,2
1,56,30,12,168,43,18,25,3
0,56,29,9,29,14,12,62,9
1,22,26,4,51,65,12,37,3
0,22,29,12,145,14,14,38,10
0,22,19,11,187,79,31,39,10
1,22,45,12,186,78,32,69,10
0,21,29,4,160,58,18,46,9
1,21,29,10,179,21,12,69,9
0,21,30,10,56,86,45,60,10
0,21,30,8,176,79,46,34,3
0,34,30,8,110,77,11,46,3
0,34,20,11,219,79,35,67,9
0,34,20,10,109,77,46,48,12
1,23,36,12,153,18,37,44,12
0,23,20,9,168,77,12,34,10
0,23,20,10,56,76,45,44,12
1,23,30,16,190,74,46,38,3
1,64,36,11,182,92,19,67,10
0,64,18,10,180,112,51,67,9
1,46,36,12,56,69,23,25,9
1,59,20,10,183,83,39,38,9
0,63,55,16,209,88,43,55,12
2,67,34,19,90,54,26,28,14
2,54,50,21,125,54,42,28,14
2,26,22,13,104,26,26,28,13
2,42,38,3,105,53,27,32,15
2,42,31,15,44,31,25,32,1
2,42,40,15,44,25,25,32,15
2,50,38,14,138,53,25,32,13
2,50,38,15,105,35,25,32,15
2,50,38,15,85,31,25,32,15
2,28,51,14,89,35,27,49,15
2,28,3,14,127,3,4,49,1
2,40,3,3,127,51,4,4,15
2,1,28,3,127,51,1,4,1
2,1,3,14,38,51,27,4,15
2,1,39,6,117,4,1,1,2
2,35,39,0,111,48,4,47,15
2,35,39,0,4,3,27,4,1
2,14,11,3,1,1,1,47,15
2,14,11,0,111,48,1,47,1
2,29,13,0,41,49,41,16,1
2,30,3,0,14,24,10,16,1
2,30,14,5,118,4,5,17,4
2,5,24,0,115,8,41,15,1
2,5,14,5,115,9,0,15,4
2,3,14,2,5,49,5,17,1
0,13,32,6,119,2,5,14,4
2,0,9,5,139,29,0,10,1
0,7,0,1,3,5,6,10,3
2,7,8,6,42,9,7,10,3
2,7,0,2,3,10,3,10,4
0,11,27,2,171,42,2,8,2
0,11,10,1,43,6,9,11,10
0,11,8,2,12,29,0,0,3
2,36,33,1,76,6,6,12,2
0,36,10,1,73,6,2,8,2
0,8,5,7,76,41,6,43,2
1,2,6,4,87,13,13,12,2
1,2,5,7,112,2,29,11,2
0,6,7,1,39,17,13,13,9
1,6,17,4,47,15,17,18,3
1,15,5,8,114,41,28,29,2
0,15,7,1,22,12,11,29,2
1,20,7,4,86,16,29,29,3
0,17,33,8,93,14,14,7,2
0,18,17,9,64,52,14,21,3
1,32,16,1,39,55,28,13,3
0,19,7,1,61,12,11,22,10
0,19,35,8,162,37,15,26,3
1,16,29,11,134,23,32,40,8
0,56,29,10,109,92,45,40,2
2,31,25,15,44,31,25,32,13
2,37,25,15,138,53,25,32,13
2,42,40,3,89,51,25,32,13
2,42,40,14,138,53,25,32,15
2,28,3,0,127,51,27,47,4
2,28,51,14,50,35,27,4,4
2,14,11,6,143,24,10,1,4
2,29,13,6,14,4,10,16,1
1,29,24,8,115,9,41,15,1
2,30,24,0,116,4,10,17,4
2,30,24,2,185,9,5,16,1
2,49,24,2,5,8,10,17,15
2,3,24,2,17,49,7,30,2
2,3,14,2,17,47,5,5,4
0,13,9,7,139,29,0,10,4
1,0,9,27,43,42,22,14,4
0,0,12,2,120,5,22,14,4
0,0,12,5,37,22,7,5,1
0,7,23,5,119,10,7,5,1
2,7,9,0,32,45,41,14,2
1,7,8,1,76,13,9,12,1
2,60,9,1,88,10,0,3,4
0,9,27,1,45,32,9,3,4
2,9,0,5,11,10,0,10,4
0,11,27,1,6,17,29,13,2
1,11,8,1,112,30,2,43,4
0,11,8,7,112,7,6,0,1
0,8,8,6,0,32,0,0,4
0,10,2,2,87,28,13,43,4
1,10,2,7,46,7,29,12,4
1,10,8,1,7,42,22,13,3
1,10,2,7,63,55,8,43,2
1,6,6,8,39,16,13,42,2
0,6,5,7,130,68,11,2,2
2,6,2,2,72,6,2,2,9
1,15,7,1,86,16,8,13,2
0,17,16,2,130,34,6,7,4
1,17,7,4,39,28,11,11,1
1,17,35,4,161,40,11,37,9
0,32,17,4,47,12,28,7,2
1,32,17,10,156,64,30,26,3
1,19,6,1,95,38,24,31,4
0,19,15,9,96,58,14,62,4
1,16,35,8,93,64,17,18,2
0,45,26,4,177,70,16,26,2
0,41,26,1,96,61,17,9,4
1,22,19,17,25,62,34,33,3
0,34,20,12,153,20,20,25,9
1,34,30,10,51,92,35,23,10
1,23,36,10,158,75,39,25,3
1,38,26,4,58,76,18,21,3
0,64,48,16,220,107,37,41,9
1,64,36,16,200,82,36,68,10
1,46,18,11,219,77,24,25,3
0,68,36,16,221,69,36,78,17
1,11,27,2,13,33,29,8,4
0,2,6,7,63,33,2,29,3
1,11,8,2,45,5,3,2,9
2,30,24,0,143,48,10,17,1
0,30,4,6,185,47,41,17,1
0,11,27,1,171,10,9,31,9
0,5,32,3,74,24,5,5,1
0,7,9,6,12,8,7,8,4
1,29,24,2,5,47,41,5,3
2,12,13,6,18,1,1,17,3
0,11,8,8,13,10,2,31,7
2,30,24,5,116,66,5,17,2
0,14,13,6,143,66,10,17,2
1,9,8,2,11,0,9,8,9
0,17,15,10,166,12,30,21,3
0,32,33,8,166,34,11,62,8
1,21,20,11,219,58,39,68,0
0,22,30,16,222,75,20,79,25
0,16,35,9,177,52,30,26,12
2,28,3,13,127,11,1,4,13
2,0,9,3,15,0,0,5,2
0,8,5,7,69,42,24,8,4
2,14,13,0,1,3,1,16,1
2,52,43,19,124,67,26,61,14
2,61,34,13,90,54,26,28,20
2,33,40,13,106,51,4,4,15
1,14,13,3,143,4,41,16,1
1,60,8,2,9,10,2,11,4
2,0,0,2,32,45,9,10,2
0,5,14,6,31,4,41,30,1
2,7,23,5,37,27,0,10,2
1,3,9,2,37,8,0,14,9
1,50,38,3,143,48,41,49,15
0,14,13,0,185,47,7,17,1
0,7,8,2,32,9,5,0,4
1,11,10,2,36,5,9,11,3
2,29,24,6,89,48,41,17,1
0,16,29,9,147,38,15,39,10
0,32,17,4,8,17,11,29,10
0,17,33,1,107,65,13,22,2
0,28,51,3,80,11,4,4,15
1,8,5,2,46,6,29,31,3
0,3,9,5,37,45,7,14,2
1,3,32,2,77,4,3,5,4
0,15,6,6,136,7,8,43,10
1,15,6,2,22,17,11,26,2
1,18,33,9,107,16,32,19,3
1,20,17,11,23,40,18,22,6
0,21,45,12,165,44,34,60,8
1,13,23,2,0,0,0,3,3
2,28,51,3,127,11,4,4,1
2,0,9,5,75,9,7,5,2
0,7,0,6,139,45,0,3,3
0,0,9,6,77,49,5,10,2
1,30,14,2,5,4,5,30,2
0,7,9,2,3,45,29,11,9
0,0,8,1,120,8,5,8,10
0,30,24,0,118,24,41,5,4
0,37,25,14,138,53,25,49,1
0,3,9,5,42,27,0,0,3
1,59,48,10,144,106,49,58,11
1,29,4,2,41,24,1,17,4
2,42,31,3,105,53,26,49,13
0,6,7,1,30,55,11,7,3
0,17,33,9,142,37,24,38,6
0,19,26,9,145,64,13,25,10
0,16,26,9,151,78,40,53,17
0,15,2,10,62,33,28,21,8
1,45,29,12,169,18,40,46,10
0,34,20,12,223,92,44,59,7
1,38,18,22,191,86,44,79,17
1,38,18,10,224,93,43,25,9
1,6,17,4,121,15,28,22,2
0,14,24,0,118,4,10,17,13
1,19,16,8,163,40,23,20,2
2,14,11,0,117,66,10,17,15
1,12,11,0,81,1,1,1,13
0,40,28,0,50,51,27,4,15
2,43,44,20,124,54,42,61,14
0,42,38,3,105,53,27,49,1
2,57,34,21,90,26,26,28,15
2,48,22,21,35,54,42,28,13
0,32,17,2,71,13,24,42,3
1,45,26,9,52,36,14,24,12
0,20,16,10,22,41,24,24,10
1,20,16,9,53,40,13,46,5
1,17,16,18,103,33,11,39,8
1,32,15,12,61,17,24,26,0
1,32,17,26,48,65,32,38,8
1,16,2,9,93,17,8,38,16
0,10,2,9,47,41,24,7,6
0,6,6,8,22,13,8,24,12
0,11,10,8,62,22,22,24,15
2,28,28,3,50,35,27,4,15
0,3,12,2,15,8,0,14,2
1,8,10,2,76,6,8,11,2
0,11,8,1,73,45,22,7,8
0,7,0,1,88,0,9,8,10
1,9,0,1,36,5,22,11,3
0,17,17,9,22,13,24,19,9
0,45,26,10,66,23,18,23,0
1,20,35,9,166,34,30,20,8
2,48,21,13,126,26,26,27,15
2,5,14,5,115,4,7,5,12
2,39,40,3,85,31,27,4,13
2,12,11,0,1,3,1,1,9
2,30,24,6,74,49,41,5,3
2,37,25,3,172,25,25,32,15
1,21,20,12,225,52,21,36,16
1,41,29,10,186,52,19,38,12
1,45,35,16,129,12,15,71,26
0,20,5,8,47,41,16,22,7
0,16,15,10,178,23,17,60,11
0,49,12,6,32,9,0,14,1
2,42,40,3,106,35,27,49,15
1,50,40,3,106,53,25,49,13
0,49,12,2,78,9,7,10,4
1,16,19,16,196,14,30,80,6
1,6,17,11,177,13,24,73,25
0,56,26,12,174,64,12,70,11
0,15,17,10,163,16,30,24,17
1,32,26,18,92,14,16,73,12
0,44,29,18,140,58,18,59,17
1,5,14,2,42,9,0,3,4
1,0,9,1,146,45,9,8,3
2,4,1,3,84,11,4,47,1
1,36,5,7,20,30,24,29,12
0,11,27,4,33,42,13,18,8
1,9,8,1,43,5,22,11,12
1,10,33,1,55,41,24,12,4
0,17,17,9,155,39,13,34,17
1,16,19,10,134,68,17,72,12
1,15,33,11,137,33,13,40,8
1,6,6,1,71,33,6,7,2
0,18,17,8,24,17,8,21,12
2,1,11,5,111,11,1,16,1
2,42,31,3,44,25,25,32,1
1,11,27,9,76,10,6,31,10
0,12,11,0,111,11,1,16,1
0,15,6,9,20,10,29,21,12
1,11,10,9,68,10,29,29,2
1,15,7,11,121,17,24,22,2
0,32,17,9,53,34,15,24,17
1,20,16,9,121,42,28,22,8
0,32,15,9,142,40,14,46,12
1,15,7,10,162,34,17,6,0
0,17,17,10,70,16,17,39,17
2,0,12,5,42,0,41,30,4
1,0,23,2,12,29,0,3,4
0,30,24,2,75,51,7,5,10
1,3,14,2,17,47,7,5,9
1,7,8,1,120,9,41,11,1
0,7,23,7,49,29,22,8,3
2,1,11,6,1,3,1,17,9
0,0,8,1,0,8,0,12,2
1,14,14,5,116,66,41,15,3
1,7,0,2,11,22,6,0,2
0,35,39,0,111,11,1,16,15
1,17,33,9,23,41,32,19,10
0,41,49,12,197,57,46,46,9
0,32,35,9,145,46,18,34,12
1,20,33,9,53,40,16,34,8
1,45,26,12,187,78,23,37,9
0,41,26,11,159,88,34,72,8
0,36,10,1,45,0,2,13,10
0,8,8,1,36,32,29,8,4
0,11,5,9,63,2,9,21,12
0,5,12,2,10,9,7,10,4
1,18,17,8,53,14,32,22,12
0,6,33,9,130,13,28,9,3
0,17,6,8,148,17,28,18,9
1,17,33,8,47,7,24,20,17
1,16,29,4,173,44,31,9,12
2,18,16,8,8,10,16,26,8
1,64,36,16,226,98,21,57,12
1,44,29,9,177,71,30,37,8
1,19,15,9,103,16,16,69,0
1,6,7,9,33,28,13,22,12
0,20,16,8,24,55,16,29,10
1,32,17,11,21,14,14,9,11
1,8,5,9,130,55,16,29,8
0,44,29,17,225,57,18,36,0
1,22,19,4,129,52,45,62,12
0,34,36,12,221,75,51,64,0
0,41,19,10,65,64,16,38,5
1,16,15,18,128,39,32,24,8
1,32,17,11,52,12,32,33,7
0,36,5,7,69,55,29,8,2
0,8,5,1,20,42,16,11,3
0,3,8,7,120,22,0,3,2
2,9,5,1,146,32,9,11,4
1,11,8,7,76,7,28,8,3
2,3,12,2,15,0,3,5,1
2,30,24,6,5,49,5,15,2
2,49,32,6,5,49,7,15,2
1,11,10,4,136,13,8,11,2
1,14,24,6,31,4,41,15,1
2,4,1,0,80,51,4,47,15
1,17,17,8,107,12,15,21,3
2,28,39,6,84,11,4,47,15
0,7,8,2,164,32,22,11,3
1,14,4,0,118,47,5,17,2
2,40,1,0,80,11,1,4,15
0,8,6,2,46,42,6,31,10
1,8,5,1,71,42,8,21,3
1,10,16,1,62,13,28,29,12
0,7,23,2,36,30,22,8,4
2,30,14,6,17,9,5,5,1
2,11,8,2,36,30,22,8,4
1,60,5,7,112,30,2,2,3
1,8,6,4,62,15,24,42,3
0,0,8,7,146,32,22,11,2
1,17,33,2,19,39,30,7,9
0,18,35,1,54,34,16,21,9
1,6,5,1,7,33,28,7,22
1,41,26,9,163,64,16,62,10
1,7,8,1,40,0,9,42,6
0,0,9,7,0,45,9,8,9
0,7,8,7,36,29,29,11,12
1,3,9,5,17,4,0,5,12
0,1,1,5,41,4,10,17,1
2,33,51,14,106,53,27,49,4
0,32,17,1,57,39,6,26,6
1,17,17,1,22,16,8,21,8
0,20,7,4,62,6,29,18,17
0,10,7,8,8,41,28,29,12
0,36,2,1,7,32,6,22,12
1,11,8,1,45,32,22,12,10
1,11,10,1,171,10,6,12,0
2,29,24,6,14,48,10,17,3
0,9,10,1,88,29,7,31,8
0,2,7,1,87,42,9,31,10
2,29,14,6,116,48,41,17,4
1,22,30,10,165,44,18,60,17
1,30,24,6,74,66,5,15,3
0,5,12,2,41,3,1,5,9
0,7,10,1,43,32,29,12,12
1,8,6,1,71,42,11,13,0
2,60,27,1,36,22,22,29,0
2,49,12,2,185,47,5,5,2
0,18,33,8,95,42,6,26,0
1,36,2,1,73,30,9,31,2
0,34,20,16,197,71,46,38,12
1,69,54,10,227,74,58,57,22
0,19,35,4,53,12,24,37,22
1,15,15,9,137,16,16,21,11
0,15,33,9,24,39,8,29,9
0,41,35,10,56,21,19,25,17
0,45,19,12,129,71,12,23,17
1,18,17,9,121,28,13,29,9
2,33,51,0,50,35,27,4,1
2,31,25,14,172,25,25,32,15
2,43,44,13,125,54,26,28,15
0,22,20,9,51,37,32,39,16
1,38,18,10,82,78,34,76,17
1,15,6,2,71,7,8,7,12
0,11,10,7,20,33,13,31,9
0,8,6,9,24,15,13,29,6
1,13,23,6,139,45,7,0,2
1,36,7,9,73,30,3,31,10
0,18,17,8,148,15,28,18,7
0,23,45,10,58,19,15,69,11
1,64,18,9,82,78,34,73,17
0,44,26,4,161,36,17,19,9
0,15,7,1,121,15,11,21,12
0,20,17,4,163,68,24,39,12
0,17,33,2,155,16,11,29,17
1,19,35,17,26,56,16,71,5
1,45,19,12,122,70,30,67,12
1,6,7,9,7,33,13,7,9
0,6,16,8,55,41,29,29,10
1,56,19,12,92,46,31,46,11
0,20,17,10,155,65,13,19,11
1,32,17,12,155,16,24,22,0
1,44,26,9,103,65,16,19,10
0,34,36,18,201,114,49,67,7
0,41,20,8,96,64,12,41,0
1,64,47,16,144,88,47,78,6
2,15,7,9,19,28,16,20,10
2,49,14,2,5,49,10,15,4
0,61,44,13,125,54,26,28,20
1,30,14,5,74,4,41,30,10
1,11,5,4,40,32,9,11,10
2,3,12,5,17,49,41,10,10
0,40,11,0,79,51,4,1,3
1,5,12,5,17,47,0,30,4
2,10,5,8,73,10,2,43,10
2,30,14,2,31,4,1,30,10
1,35,1,0,111,1,4,1,3
0,43,46,19,90,54,26,28,13
0,54,44,21,125,54,42,28,13
2,8,6,4,87,13,29,31,9
1,8,27,1,40,22,9,2,6
1,3,12,6,32,9,5,14,9
1,13,12,2,119,8,22,10,10
1,9,0,1,45,2,2,43,8
2,7,9,1,146,22,6,0,9
2,36,8,1,171,32,2,31,3
0,49,12,2,15,9,3,10,9
1,0,9,2,15,49,0,14,6
0,12,13,0,81,48,1,1,3
0,4,3,0,4,3,4,47,3
2,55,40,0,106,35,27,49,1
2,16,33,8,96,19,14,34,8
2,19,17,9,166,38,17,9,8
2,16,17,8,107,39,28,24,8
2,44,26,10,141,44,32,38,17
2,11,8,8,20,15,29,11,8
1,2,6,9,7,28,6,42,17
2,3,32,6,42,49,5,8,12
1,17,5,8,46,33,6,11,10
2,3,9,9,42,49,0,10,6
0,50,40,3,89,53,27,4,3
2,15,33,9,39,7,13,20,0
2,41,29,1,51,23,18,19,0
1,17,33,10,108,28,24,9,3
2,16,6,9,129,71,12,39,10
2,16,35,9,177,36,12,6,0
1,45,26,4,103,55,14,37,4
1,11,8,2,43,2,22,8,3
2,11,10,2,11,0,3,43,2
0,33,3,0,50,53,27,4,1
1,11,8,1,171,6,13,8,10
2,49,24,5,143,3,5,15,2
0,29,24,6,14,48,4,30,3
0,5,24,2,5,48,10,14,11
0,33,28,15,105,31,27,49,9
1,7,9,7,120,8,0,3,11
1,7,23,2,12,8,3,3,3
0,1,3,0,79,1,1,47,12
2,8,5,8,40,29,2,7,0
1,7,0,7,12,8,3,0,10
1,30,24,5,118,24,41,17,3
0,39,31,15,85,31,27,32,15
2,20,16,9,22,17,11,7,12
2,15,7,8,6,10,8,21,8
0,39,25,3,44,31,25,32,15
1,2,8,2,72,6,6,43,3
0,40,3,0,79,11,27,1,2
2,8,8,1,3,27,22,11,9
1,44,26,11,160,23,32,25,11
1,19,35,9,128,12,15,34,9
1,56,29,11,133,56,34,76,6
2,44,26,11,58,19,31,25,6
1,7,8,1,36,29,3,31,8
0,36,10,8,114,32,29,20,22
2,40,51,0,127,35,4,4,2
1,36,10,9,71,2,28,21,6
1,40,3,6,4,51,1,47,2
0,7,9,2,49,45,2,10,12
0,10,5,9,30,41,11,29,3
0,7,9,2,37,8,3,10,2
1,3,12,1,37,27,3,10,9
0,11,9,1,49,29,6,10,2
0,11,8,1,36,22,9,43,10
1,6,7,9,30,6,29,21,8
2,42,31,3,85,31,25,32,15
1,1,1,0,84,51,4,47,1
1,12,11,6,117,48,10,16,2
1,49,32,2,37,8,3,10,3
0,1,1,0,4,51,10,47,3
0,29,24,6,143,1,10,15,2
2,28,31,3,85,31,25,32,4
2,42,31,15,44,31,25,32,13
2,47,21,15,126,26,26,27,15
2,31,52,15,34,25,25,27,13
2,31,25,15,34,25,25,27,13
2,25,46,13,35,54,26,28,14
1,17,17,9,53,39,15,37,5
0,3,9,1,43,45,29,11,8
1,11,8,7,7,2,7,18,12
0,3,14,3,10,4,0,14,4
0,36,5,1,33,7,6,19,17
1,8,5,1,76,30,2,31,9
0,11,27,7,136,30,8,43,9
0,5,14,2,17,4,3,15,2
0,36,5,1,114,33,16,42,6
1,12,11,3,1,3,10,1,4
0,10,5,7,114,10,15,13,12
0,16,17,9,52,37,31,13,9
0,15,7,9,64,16,24,34,5
0,45,29,9,67,79,46,34,8
1,16,17,9,113,14,34,9,8
0,19,35,1,113,52,40,19,8
1,18,33,9,21,15,32,21,10
0,45,35,8,66,43,23,34,11
0,20,2,8,54,15,13,26,12
1,7,9,11,42,47,22,10,4
1,11,7,8,87,45,24,2,8
1,8,6,1,46,29,13,13,12
0,27,11,0,117,48,10,16,4
0,8,10,9,24,10,24,2,10
1,10,5,9,121,30,17,21,8
0,0,23,1,9,45,3,42,8
2,1,1,0,84,11,4,47,4
1,9,10,1,13,29,9,29,12
1,44,29,10,96,14,45,19,9
0,11,8,1,20,32,13,12,8
0,9,27,1,43,5,0,43,0
0,3,14,2,75,49,7,30,1
1,36,10,9,20,8,8,9,3
1,7,8,1,146,9,22,11,9
2,49,24,6,14,66,41,17,4
0,29,24,7,14,1,41,15,2
0,13,23,8,146,9,22,31,10
1,8,10,7,45,0,11,8,0
0,11,10,8,39,10,28,21,10
0,11,10,1,6,45,28,29,0
0,10,5,1,57,30,11,24,7
1,60,27,2,76,0,29,12,10
1,4,1,3,4,35,1,1,2
2,42,38,14,138,31,27,32,13
2,55,28,3,89,53,27,32,15
2,33,51,6,14,66,10,16,15
2,40,3,3,80,51,4,4,15
2,14,4,3,106,35,27,49,1
2,30,14,6,139,22,3,30,1
2,30,24,6,31,4,41,17,15
2,30,24,0,74,9,5,17,15
2,49,14,6,185,9,1,17,4
2,5,24,6,115,49,5,15,15
0,7,8,5,119,29,3,0,4
1,7,9,1,73,2,2,8,4
2,7,0,5,164,32,22,3,4
1,7,8,2,40,30,6,10,4
2,7,0,2,49,32,0,3,3
0,60,0,1,73,41,0,3,1
0,11,10,7,7,55,29,2,4
2,11,27,10,9,10,2,8,1
0,8,6,10,130,65,8,12,2
0,10,2,2,62,16,6,31,2
0,6,16,4,30,16,6,7,9
1,15,7,4,61,68,17,29,2
0,17,33,11,163,36,18,9,9
0,18,33,8,128,46,16,22,2
0,18,15,8,65,71,14,26,2
0,32,35,10,52,36,24,37,3
1,32,17,1,168,43,13,9,2
1,32,26,8,141,61,18,24,4
1,32,35,9,163,43,16,22,2
0,19,17,9,60,56,18,19,3
1,16,35,8,141,79,30,6,3
0,44,26,10,178,44,23,34,3
0,45,48,10,188,86,40,60,10
1,45,26,11,165,43,23,33,9
1,41,20,9,56,77,12,71,10
2,56,19,16,159,79,19,46,9
0,56,30,12,159,92,33,44,0
1,21,18,12,228,63,19,48,12
1,21,20,9,219,72,39,60,12
1,34,20,11,207,114,14,38,2
1,34,45,12,229,75,47,70,8
1,23,19,10,225,63,39,33,3
1,46,36,9,213,59,47,38,3
2,25,22,15,35,26,26,28,14
2,48,21,14,126,26,26,27,14
2,47,52,13,126,26,26,27,13
2,42,25,14,44,25,25,32,14
2,42,38,13,138,31,27,32,13
2,42,40,3,89,51,25,32,13
2,50,40,14,89,53,27,49,15
2,33,40,3,38,35,4,49,15
2,33,28,14,50,35,27,4,1
2,40,1,14,84,35,4,1,1
2,12,13,3,18,48,10,1,15
2,14,11,0,81,66,4,1,15
2,27,13,6,143,66,10,16,1
2,30,24,15,118,49,41,17,15
2,30,14,6,31,4,41,17,1
2,3,12,5,75,9,5,30,1
2,3,12,2,88,10,3,14,15
2,3,14,6,78,8,7,30,15
2,3,9,2,119,22,3,5,1
2,13,9,2,12,0,7,5,15
2,13,9,2,139,45,3,14,4
1,0,9,2,37,8,0,10,1
1,0,9,2,37,45,3,5,15
2,0,12,2,78,45,7,30,1
2,0,12,2,78,8,0,30,15
2,7,9,5,139,22,0,5,1
0,7,12,6,120,22,0,5,2
2,7,8,5,146,7,0,10,1
2,7,9,6,139,45,3,5,4
0,60,0,6,0,5,0,10,4
0,11,8,1,45,10,8,0,1
2,11,8,5,120,0,7,14,1
2,11,8,2,40,5,2,11,1
0,36,10,2,171,30,2,8,2
0,8,5,1,55,16,13,12,1
0,8,6,2,62,39,8,11,4
1,2,2,9,86,40,11,0,15
0,2,5,1,2,7,2,43,15
1,2,5,4,8,40,15,31,4
0,10,7,1,68,42,29,2,2
1,6,6,2,137,19,29,31,4
1,15,6,1,137,38,16,13,1
1,20,7,4,23,46,13,29,2
1,20,7,1,24,16,24,42,4
0,20,16,8,148,12,11,7,1
1,17,7,1,8,40,28,13,4
1,17,16,8,121,40,16,42,4
0,18,17,1,91,37,30,7,1
1,32,17,8,52,56,14,19,2
1,32,17,4,161,64,16,22,2
1,32,17,4,155,40,14,22,9
1,32,33,1,22,39,16,29,4
1,32,33,4,96,70,14,22,4
0,32,33,4,51,23,14,22,2
0,19,15,4,147,58,14,7,4
1,16,35,8,21,46,32,19,3
1,16,26,9,141,70,12,24,3
0,16,17,8,60,14,33,22,4
1,16,29,9,145,56,33,9,2
1,16,35,9,29,19,32,26,3
1,16,17,8,58,72,15,6,2
0,16,15,9,178,79,14,26,3
1,16,35,9,156,36,17,9,2
1,16,35,9,162,68,16,37,4
1,44,26,12,187,77,34,34,9
1,44,26,1,147,19,14,22,2
0,44,15,9,59,70,14,24,4
1,44,26,11,225,61,33,62,9
1,44,26,10,113,58,12,62,9
0,45,35,8,51,56,40,9,2
0,45,26,9,94,79,46,34,10
1,41,26,10,168,69,12,26,2
0,22,19,10,25,20,39,40,2
1,34,20,12,202,93,51,67,12
0,34,30,10,28,50,20,33,4
1,34,20,8,223,50,49,69,3
0,34,19,9,170,73,20,67,10
1,23,36,12,27,92,20,73,12
1,23,18,12,230,110,54,57,3
0,63,48,11,231,90,50,72,10
0,68,47,16,232,96,36,36,3
2,48,37,13,104,26,26,28,14
2,42,31,14,138,46,25,32,13
2,50,38,15,85,31,25,49,13
2,4,51,3,38,51,27,4,15
2,1,11,0,1,1,1,1,15
2,14,13,6,111,3,4,16,15
2,30,24,6,74,27,5,17,4
2,5,32,2,31,24,5,15,15
2,5,12,6,5,49,5,17,1
2,5,14,6,5,49,5,17,1
2,3,12,6,10,29,41,15,1
2,3,12,2,78,9,5,30,1
2,0,12,5,17,47,10,5,1
2,0,0,2,49,2,3,14,15
2,7,9,6,42,29,0,5,1
2,7,0,6,89,45,7,5,1
2,7,8,2,3,22,22,0,1
2,9,8,7,88,10,3,3,4
2,9,8,2,11,30,22,14,4
0,9,8,5,88,6,0,0,4
2,11,8,2,0,22,22,10,1
2,11,27,2,36,6,9,3,4
0,11,8,2,36,10,2,10,2
0,11,10,1,69,15,6,43,1
2,36,10,8,11,32,3,8,4
2,36,8,4,45,7,22,8,4
2,36,10,2,43,2,22,8,2
2,8,10,1,73,33,9,8,2
1,6,6,1,86,38,8,12,2
0,6,2,1,6,55,6,12,1
0,6,2,2,55,39,13,8,1
1,6,10,1,6,55,16,43,2
2,6,2,7,112,6,2,43,4
1,6,7,1,39,12,24,11,4
2,15,6,7,171,30,9,2,4
0,15,6,7,6,28,13,2,2
1,20,16,11,95,39,16,29,2
0,20,16,1,108,19,24,29,2
1,20,6,8,62,16,29,42,2
1,20,15,4,121,34,13,29,4
0,17,33,7,33,40,8,31,4
1,17,16,4,19,37,24,31,1
1,17,7,1,46,7,9,31,4
0,18,17,4,24,40,29,29,4
0,18,33,1,23,46,16,7,2
1,18,33,8,54,38,30,7,4
1,32,17,4,53,56,8,7,4
0,32,17,9,162,64,15,6,2
0,32,33,1,33,34,15,42,2
0,32,35,17,233,115,47,25,3
1,19,15,4,161,68,18,22,3
1,16,17,9,91,56,32,42,2
0,16,16,4,60,63,11,29,1
1,16,17,8,161,43,11,29,2
0,16,17,9,53,65,23,18,3
0,16,35,8,53,46,32,19,2
0,16,15,4,53,46,17,19,3
0,16,26,10,110,63,12,26,9
1,16,35,8,64,36,18,19,2
0,16,15,1,128,65,17,6,3
0,44,26,4,58,21,32,62,9
0,44,29,9,26,77,30,34,3
0,44,17,4,155,56,13,43,4
0,45,29,8,52,14,23,26,2
0,45,15,4,132,18,30,21,2
1,45,19,11,48,44,45,9,2
0,41,29,2,52,52,18,6,2
0,41,19,9,145,61,18,26,2
1,41,30,9,59,18,18,26,3
0,41,29,8,129,86,12,26,2
1,41,35,8,64,19,15,19,2
0,56,29,9,122,72,12,34,3
1,22,26,9,134,70,33,37,2
0,22,26,12,145,44,12,24,9
0,22,29,11,175,74,12,40,12
1,21,20,10,197,63,39,46,12
0,21,19,9,135,86,18,46,9
0,21,45,11,176,60,23,39,9
0,23,19,9,158,114,19,60,3
0,23,20,12,133,72,23,38,12
1,46,45,10,82,83,35,46,9
0,46,20,12,94,114,51,71,2
0,58,36,9,201,103,20,25,9
1,58,36,16,205,87,59,60,10
0,59,18,16,191,116,48,72,9
2,57,46,21,90,54,42,28,20
2,26,22,13,35,54,26,28,14
2,31,21,15,126,25,26,27,14
2,50,40,15,85,31,25,32,13
2,40,3,3,127,51,27,47,15
2,40,3,0,4,1,4,4,15
2,40,3,0,80,11,4,47,15
2,1,3,3,84,11,1,47,1
2,35,1,3,80,51,27,47,13
2,12,11,0,79,1,4,47,1
2,14,13,1,41,4,10,16,4
2,14,11,0,1,3,1,1,1
2,14,4,2,185,9,41,16,1
2,14,11,0,81,66,4,1,4
2,29,14,6,116,47,1,17,4
2,29,24,6,185,27,10,17,1
2,30,24,6,117,1,10,17,1
2,30,24,5,95,34,11,15,4
2,30,24,6,117,48,1,17,1
2,30,4,0,14,4,10,16,15
2,30,24,6,41,66,10,15,4
2,30,14,5,31,24,5,15,4
2,30,12,6,74,9,41,15,1
2,49,14,2,116,24,10,15,4
2,49,24,5,77,8,5,15,4
2,5,12,5,74,49,7,15,1
2,3,23,5,78,27,5,10,2
0,13,14,2,32,0,5,5,4
2,13,12,0,5,49,10,5,1
2,0,12,2,120,2,41,14,4
2,0,9,6,139,32,5,5,4
2,0,12,6,10,8,7,30,4
2,7,9,2,3,30,7,14,1
0,60,8,2,43,32,9,8,9
2,9,8,2,3,0,22,3,4
2,9,0,1,15,8,7,42,4
2,9,0,2,164,32,9,3,3
2,11,8,2,40,32,0,2,2
2,11,8,1,11,2,7,8,2
2,36,8,1,7,39,2,43,4
1,36,10,1,3,45,9,3,2
0,36,5,1,87,7,2,12,1
2,36,27,5,49,5,0,3,4
2,8,8,7,9,5,22,11,4
1,8,5,4,136,42,6,12,3
2,8,10,7,112,41,9,12,4
2,8,8,2,73,33,3,11,2
0,10,6,8,6,42,8,29,3
1,6,7,4,148,55,17,21,4
2,6,6,1,136,33,6,31,3
2,6,6,1,8,12,8,13,3
2,6,2,8,95,46,28,12,2
2,6,6,1,13,2,8,12,3
2,6,17,4,19,36,8,13,2
2,15,7,1,46,2,29,13,9
1,15,7,9,147,19,17,21,4
2,15,7,1,114,39,2,29,3
2,15,7,1,69,42,0,29,9
2,15,6,4,114,42,8,22,9
1,20,7,8,108,23,24,7,3
1,20,7,8,121,40,15,42,2
0,17,7,9,142,56,14,6,3
1,17,17,1,57,37,16,29,9
1,17,6,4,39,17,13,18,2
2,17,33,1,33,41,8,22,3
0,17,17,9,30,39,29,18,3
2,17,2,1,72,6,9,31,2
1,17,33,7,30,40,11,31,4
0,18,17,1,47,68,8,29,2
0,18,17,1,61,65,24,21,3
0,32,17,1,155,64,16,21,3
0,32,15,0,91,65,14,21,4
0,32,26,10,162,14,30,62,9
0,32,16,1,30,12,29,13,2
0,32,29,10,48,18,14,19,2
0,19,15,10,160,72,31,22,3
1,19,16,7,130,16,8,18,9
1,16,33,4,155,64,24,18,3
1,16,17,1,21,70,16,19,2
1,16,15,9,54,23,49,9,3
0,16,26,1,53,56,16,22,3
0,16,35,9,177,52,23,24,3
0,44,26,9,29,58,32,26,10
1,44,17,8,23,68,32,7,3
0,44,17,4,163,56,15,19,10
0,44,19,10,160,64,30,60,3
0,45,26,8,60,58,11,24,9
0,45,35,4,53,52,16,9,3
0,45,26,9,163,56,18,21,3
1,45,26,9,142,64,46,22,9
0,45,29,3,166,14,28,8,3
0,41,19,8,92,61,31,62,2
0,41,29,9,122,57,14,48,10
1,56,26,10,186,21,34,62,2
1,56,19,12,173,57,12,69,9
1,21,19,9,28,106,45,60,2
0,23,30,12,170,93,39,25,12
1,23,30,12,158,83,47,23,2
0,38,18,12,225,63,33,48,9
0,64,20,12,234,100,48,39,3
0,46,36,10,235,117,38,73,2
2,24,21,13,104,26,25,27,13
2,31,25,13,34,25,25,27,14
2,42,31,13,44,31,25,32,14
2,28,28,0,80,1,27,49,1
2,28,51,3,50,51,10,49,15
2,4,40,3,84,3,4,49,1
2,35,39,0,1,66,4,47,4
2,14,1,0,4,3,4,47,13
2,14,11,0,18,66,10,1,15
2,27,13,0,16,66,1,16,1
2,13,12,6,74,49,5,30,1
2,0,9,6,42,29,3,30,1
2,0,0,2,0,5,22,5,1
2,11,8,2,43,7,22,10,4
0,11,0,7,43,7,3,0,2
2,11,8,2,49,0,22,3,4
0,8,10,6,130,68,29,12,2
2,8,10,1,7,34,2,11,1
1,8,6,1,39,12,28,43,2
0,10,5,1,114,39,8,11,1
1,10,2,1,71,15,28,2,2
1,10,5,4,62,16,13,12,2
1,20,6,7,6,55,8,12,4
0,20,2,1,130,34,8,29,4
0,17,7,8,61,64,24,18,2
1,17,7,1,148,36,28,42,4
0,18,17,8,70,61,15,7,2
1,18,33,4,61,37,11,21,3
0,18,35,8,161,68,17,19,2
0,32,7,8,93,12,16,19,2
0,32,17,9,162,14,30,21,2
0,32,16,8,163,56,16,19,3
0,19,17,10,156,43,32,7,3
1,16,15,9,53,56,32,22,3
0,16,17,9,26,77,18,26,3
0,16,26,7,161,44,24,29,4
1,16,35,8,51,43,30,24,2
0,44,35,9,60,71,14,22,3
0,44,35,8,96,61,18,20,3
1,44,29,10,59,23,31,46,10
1,45,35,8,70,64,33,20,2
1,45,35,8,163,46,31,9,4
1,41,19,10,110,87,23,46,9
1,41,29,8,160,52,45,34,9
1,41,29,9,176,84,30,6,9
0,22,29,10,25,83,19,62,9
0,34,30,10,219,50,19,41,9
1,64,18,11,157,84,21,40,9
1,64,20,11,133,78,33,38,3
1,64,18,9,67,86,40,25,10
0,58,36,17,203,118,53,72,3
0,58,47,10,236,85,50,67,9
2,33,28,14,105,53,27,49,15
2,33,28,3,89,53,27,49,14
2,28,31,3,80,3,27,4,13
2,28,3,3,38,11,27,4,15
2,40,1,0,4,3,4,47,1
2,12,11,0,4,11,1,47,13
2,12,39,0,84,51,4,47,1
2,14,11,0,79,3,1,1,1
2,29,24,0,118,47,41,17,4
2,30,24,0,16,1,1,17,15
2,5,12,6,115,47,7,5,4
2,3,12,0,41,48,10,5,1
2,3,24,0,185,49,7,17,1
2,0,23,1,15,49,7,3,2
1,7,9,5,10,9,0,14,4
2,7,8,7,43,2,22,8,4
2,7,8,5,120,29,3,0,4
2,11,8,2,9,6,2,3,4
2,11,27,7,0,29,0,43,2
2,11,0,2,11,32,3,0,4
2,11,6,2,9,32,2,12,2
2,11,10,2,164,22,2,8,4
0,11,0,2,3,32,0,0,4
2,36,10,1,36,22,2,43,2
2,36,10,2,43,5,9,12,4
2,8,10,5,40,6,22,3,4
0,8,17,4,148,65,24,29,4
2,2,8,2,45,6,3,11,4
0,2,5,4,86,28,13,29,3
1,10,7,2,130,34,24,13,4
2,10,6,7,114,55,2,29,9
2,10,5,5,45,30,6,43,3
2,6,6,7,20,17,6,2,4
2,6,6,4,87,28,29,2,3
2,6,7,9,71,41,13,13,4
2,6,6,7,13,10,29,2,4
1,6,7,1,63,28,8,42,2
2,15,6,7,68,41,2,31,4
2,15,7,7,6,28,8,31,2
1,20,6,4,30,65,28,42,4
2,20,33,8,57,46,13,29,2
0,20,16,9,107,46,13,42,4
0,17,17,4,95,55,24,22,4
0,17,33,4,91,52,13,19,3
1,17,16,9,107,65,15,29,2
1,17,16,4,47,16,11,22,2
0,17,7,4,148,12,13,22,9
1,17,7,2,55,17,24,11,9
2,17,16,1,24,15,13,7,2
0,18,26,4,163,64,30,26,2
2,18,33,2,63,42,6,13,2
2,18,17,1,107,37,11,7,3
0,32,17,8,60,64,20,7,3
0,32,33,9,156,71,30,7,3
2,32,7,1,47,38,24,29,2
1,32,15,9,93,65,17,19,3
0,32,16,10,26,61,40,37,3
1,32,16,4,137,38,16,21,2
0,32,17,9,91,37,15,19,9
1,19,26,9,128,38,14,26,12
0,19,35,11,70,65,31,62,2
2,19,15,8,23,12,24,20,3
2,19,6,8,91,14,24,18,9
1,19,17,10,145,37,40,39,10
0,19,15,1,93,52,16,22,9
2,19,35,8,147,43,17,22,9
1,16,17,9,132,58,30,9,9
1,16,29,1,64,19,15,22,2
0,16,33,4,22,15,32,7,3
1,16,26,9,60,56,31,9,3
1,16,17,4,148,65,13,21,2
0,16,17,10,178,43,34,62,3
0,16,26,9,177,23,18,24,9
0,16,29,9,29,79,11,19,3
1,16,26,8,29,71,11,24,9
1,16,35,1,47,38,8,21,3
0,16,35,2,30,65,28,42,3
1,44,15,9,65,19,18,40,3
0,44,45,11,48,61,30,19,2
1,44,35,10,70,19,32,26,3
0,44,29,9,132,64,23,24,1
1,44,35,10,110,21,31,46,9
0,44,19,9,59,70,14,62,9
0,44,35,11,52,36,18,24,3
1,44,26,10,59,43,12,24,4
0,44,29,8,177,56,18,26,9
0,45,26,11,113,43,23,37,9
0,45,36,9,173,61,14,38,9
1,45,35,4,147,43,15,22,10
1,45,19,9,60,23,31,9,9
0,45,26,10,140,18,21,38,10
0,41,19,10,175,72,49,60,0
1,41,18,12,207,75,39,33,10
1,41,26,12,176,61,39,48,9
1,41,29,12,66,92,23,46,10
1,56,19,8,48,46,33,40,12
1,56,19,11,225,81,35,37,3
1,22,29,9,110,76,12,9,3
2,22,35,9,65,56,33,40,2
1,22,19,10,176,44,45,38,10
0,22,19,9,186,63,12,40,2
0,22,19,10,168,77,14,33,2
0,22,30,9,135,69,31,62,3
0,21,29,8,142,61,30,9,9
1,21,26,9,26,77,12,24,10
0,34,26,10,176,79,21,46,3
0,34,29,11,101,119,44,26,12
0,38,20,9,183,91,46,38,9
0,64,48,10,237,115,36,72,12
0,58,49,12,237,103,44,57,10
0,59,36,12,201,99,34,67,10
2,28,40,0,116,4,41,17,15
2,5,12,2,32,29,3,30,4
2,5,32,6,15,32,5,15,15
0,9,0,8,155,34,15,19,4
0,9,9,8,61,37,24,29,4
2,11,0,2,146,7,3,10,1
1,11,8,7,76,16,22,0,4
1,36,0,17,52,14,31,26,2
1,8,5,1,55,40,24,43,4
1,10,10,4,29,61,18,22,3
2,10,10,1,7,55,11,2,4
0,10,5,9,145,19,40,26,12
0,15,5,10,129,18,34,40,3
0,15,6,4,130,65,28,12,2
0,15,6,1,19,14,24,12,2
1,18,7,1,54,36,11,22,2
0,32,35,4,161,23,15,21,4
2,32,6,9,61,68,11,18,4
1,32,6,17,133,57,35,46,9
0,19,17,9,108,40,30,9,2
0,19,35,9,48,70,12,6,2
1,16,26,9,147,19,16,6,3
1,16,35,5,163,23,13,22,2
1,44,29,9,29,23,14,24,2
1,44,19,11,92,21,33,37,9
0,45,35,8,54,65,16,21,2
0,45,26,9,160,76,31,18,9
0,45,26,10,173,43,20,69,3
1,41,26,9,59,61,12,6,3
1,22,29,9,187,77,34,62,9
0,21,30,17,159,83,21,38,12
0,23,20,10,67,75,35,62,9
0,46,48,16,226,120,47,76,8
1,59,53,12,211,62,47,53,10
2,31,25,15,34,25,25,27,14
2,14,1,3,79,3,4,1,15
2,14,11,0,81,48,4,16,4
2,27,4,6,117,48,10,16,1
2,27,11,0,111,11,27,16,4
2,29,4,0,18,66,1,16,15
2,49,14,5,116,66,10,17,15
2,3,12,6,5,49,1,30,1
2,3,14,6,185,4,10,5,4
2,3,14,6,75,27,41,5,2
2,13,32,2,115,4,5,5,4
2,13,12,2,77,9,41,14,4
2,0,9,6,115,4,5,10,2
2,0,0,5,77,47,7,0,4
2,7,8,2,3,22,0,3,4
2,7,8,5,37,27,0,3,2
2,11,32,6,42,27,7,0,1
2,11,8,2,0,5,0,0,4
2,11,8,1,49,22,22,2,4
2,36,8,2,146,5,2,8,1
2,8,5,1,13,30,29,12,9
2,8,10,2,112,13,22,11,9
2,8,10,5,73,33,9,43,4
2,10,2,1,76,10,6,13,2
0,10,5,2,2,7,8,3,4
0,10,2,10,76,6,29,34,3
2,6,5,4,2,33,6,2,3
2,6,7,1,6,33,29,7,9
0,15,16,1,8,16,11,7,2
2,15,7,1,7,42,2,29,2
0,20,16,1,148,39,16,21,3
1,20,17,1,130,15,11,42,3
0,20,17,4,61,68,24,21,2
2,20,6,7,87,6,24,31,4
0,20,7,1,87,13,2,13,3
2,20,7,8,47,68,13,13,2
1,17,7,8,30,12,8,13,3
0,17,16,9,156,64,30,26,9
0,18,7,9,61,68,17,42,2
2,18,17,1,107,68,17,22,4
0,18,5,4,33,42,30,29,2
0,32,17,9,57,15,17,67,10
0,32,15,1,95,40,28,22,2
1,32,33,8,47,39,24,22,2
1,32,16,1,130,41,13,22,9
0,32,16,4,130,55,24,29,10
1,19,26,8,128,37,24,34,9
0,16,35,16,137,34,28,22,9
0,16,35,9,163,64,11,26,12
2,16,17,8,95,55,8,19,9
1,16,29,8,21,64,30,24,9
0,44,29,9,60,64,32,62,9
0,44,26,11,160,46,31,60,3
1,44,26,9,51,44,15,34,9
1,44,35,8,163,36,12,9,2
0,44,26,11,147,38,15,40,2
1,45,35,1,156,19,32,20,9
1,45,26,4,60,58,15,26,2
0,41,26,9,181,72,45,39,9
0,41,29,9,58,21,30,37,10
0,41,30,9,186,73,17,69,9
1,41,35,8,60,19,30,9,2
1,41,33,9,59,43,33,26,9
1,56,45,11,133,81,12,39,3
0,22,19,8,178,23,12,48,3
0,21,19,1,178,58,34,34,9
1,21,19,10,66,61,20,46,9
1,21,18,10,207,44,20,63,9
0,34,29,9,140,72,46,46,3
1,34,30,12,150,79,40,60,9
1,23,18,16,182,57,51,23,9
0,38,18,9,157,71,53,23,12
1,46,20,12,220,56,19,68,8
1,59,36,12,218,89,44,41,9
2,48,21,13,104,26,26,27,14
2,47,21,13,126,25,26,27,13
2,31,25,15,44,31,25,32,15
2,1,39,3,4,33,1,47,1
2,5,24,0,116,4,41,17,1
2,5,14,0,16,66,41,1,4
0,0,9,5,37,45,3,14,4
0,0,9,1,120,29,22,8,3
0,11,8,2,139,45,3,0,3
0,36,10,2,36,5,9,11,9
1,8,6,4,68,33,29,42,9
0,8,10,7,45,10,6,43,2
0,2,5,2,136,41,29,14,2
1,2,10,2,146,32,2,3,2
0,6,7,1,19,55,22,26,9
1,6,6,4,171,2,22,31,4
0,20,15,4,148,38,30,29,2
0,17,6,2,95,68,11,5,3
0,32,33,1,19,12,28,21,9
0,32,17,11,132,14,23,19,4
0,45,26,11,173,70,17,38,9
0,56,19,12,66,18,46,69,3
2,50,40,15,138,53,25,32,13
2,55,40,15,105,35,27,32,13
2,12,11,6,143,47,1,1,13
2,14,11,3,1,1,4,1,1
2,14,13,0,1,3,1,16,1
2,29,4,2,41,24,41,17,4
2,30,14,6,74,49,41,15,4
2,30,14,2,41,66,41,17,1
2,5,14,6,77,27,5,5,1
2,3,12,6,17,9,5,15,1
2,3,12,2,119,33,7,5,15
0,7,5,1,6,38,8,0,3
1,7,23,6,139,49,7,10,4
0,36,5,1,63,42,28,12,4
1,8,10,1,136,13,2,2,3
1,8,10,7,46,7,9,31,2
1,6,6,1,148,64,13,31,1
0,15,2,4,30,38,24,42,4
0,20,16,1,47,28,11,13,2
1,20,16,1,86,17,8,13,3
0,17,33,4,177,44,16,9,3
0,16,26,8,59,38,31,9,9
1,16,35,8,132,14,14,24,2
1,44,26,10,70,56,11,3,3
1,44,35,9,29,65,24,19,3
0,22,29,9,70,23,18,9,9
0,21,26,8,176,69,19,34,9
1,34,45,9,94,69,45,62,3
1,9,27,6,164,0,22,11,2
0,0,23,2,88,0,3,11,4
0,0,9,2,3,8,3,11,2
0,10,2,2,20,7,6,7,9
0,7,23,6,120,8,5,11,3
0,36,10,1,76,2,6,42,3
2,40,1,0,80,11,25,47,9
0,6,6,8,107,6,2,41,5
2,61,46,3,90,54,26,28,13
2,48,21,13,126,25,26,27,13
2,25,22,19,104,26,26,28,14
1,16,15,12,58,18,23,24,2
0,6,2,9,33,41,17,29,12
0,17,16,4,91,12,18,19,8
1,45,26,11,48,23,12,26,12
1,38,45,10,190,76,21,64,10
1,23,30,16,102,79,23,65,27
1,41,26,9,92,44,45,39,3
1,22,26,9,170,70,12,53,16
1,7,8,6,0,22,2,14,9
0,5,12,6,10,27,7,10,2
0,10,5,7,164,5,3,8,1
0,11,10,2,73,6,29,8,2
0,10,7,9,30,30,28,20,3
1,5,9,0,77,49,7,5,2
0,6,7,5,62,41,24,31,2
1,40,3,0,4,1,25,4,15
2,42,31,15,105,35,26,49,1
1,40,40,14,127,11,4,4,15
0,45,35,1,132,38,17,34,0
1,6,7,2,20,42,11,29,2
1,45,17,10,147,38,18,34,12
1,6,5,2,2,6,29,31,2
1,45,30,9,109,21,14,60,11
0,19,35,8,147,46,32,22,0
0,19,17,2,162,16,31,19,0
0,15,16,8,95,17,14,24,3
1,20,17,8,130,13,17,21,8
0,8,5,8,55,13,6,21,12
1,11,5,11,9,5,22,43,9
0,1,1,0,1,1,10,47,15
0,13,9,2,77,47,5,10,2
2,36,5,2,9,22,9,42,9
1,9,8,7,11,22,2,8,10
1,11,5,1,13,6,9,11,0
0,14,4,6,18,48,1,16,4
2,37,25,14,85,53,26,32,4
1,12,13,6,117,66,10,16,1
0,11,8,1,88,0,41,2,9
0,45,26,9,160,12,30,73,3
0,15,7,2,47,39,28,22,9
1,22,20,9,28,73,20,59,12
1,18,5,4,30,17,15,42,9
1,7,23,5,119,5,9,14,15
1,36,8,1,73,30,2,8,4
0,64,36,18,198,94,35,80,6
0,6,5,4,47,40,11,13,1
2,25,46,21,90,54,26,28,13
0,41,29,11,141,71,45,46,12
1,8,5,2,69,7,13,12,8
0,15,7,10,155,28,24,19,5
1,19,17,8,108,12,15,9,10
1,6,5,9,61,2,11,34,11
2,28,3,3,50,35,27,4,13
2,33,28,3,50,35,27,4,1
0,13,12,1,12,8,22,3,9
1,9,8,8,36,5,9,43,2
1,11,5,8,2,10,2,31,3
1,14,4,6,117,48,10,16,15
1,16,35,16,94,14,18,71,17
1,44,26,10,113,46,31,46,17
1,22,45,10,186,65,33,25,0
0,40,1,0,4,11,4,1,2
2,50,40,3,105,31,27,49,4
2,60,8,2,3,29,0,8,0
2,28,3,3,38,35,27,47,2
2,5,12,2,17,4,10,0,8
0,15,16,1,54,15,17,7,10
1,32,15,9,156,68,14,26,3
1,17,33,9,161,55,40,9,8
1,15,2,1,130,42,17,2,12
1,20,26,8,128,68,18,19,8
1,16,35,9,145,23,23,62,9
0,44,29,10,165,40,23,63,6
0,5,12,2,75,47,7,5,3
1,45,26,10,96,38,23,62,8
0,21,19,9,186,36,33,60,6
0,11,10,1,40,0,2,2,9
0,14,24,0,143,48,1,15,2
0,8,7,10,107,33,11,24,11
0,8,5,9,63,2,8,29,4
0,45,19,12,110,38,23,60,6
2,3,9,2,17,4,0,5,2
1,49,14,7,10,49,3,5,3
1,13,9,1,164,22,2,10,12
2,49,14,2,75,49,0,5,2
1,45,26,10,48,36,40,39,10
0,20,33,4,137,16,17,21,9
0,30,14,2,115,49,5,5,10
0,9,5,4,46,5,29,7,12
1,19,15,10,113,52,33,62,10
1,18,35,12,142,68,17,69,12
0,22,30,8,110,70,30,25,8
2,40,11,6,111,3,10,16,4
0,44,29,8,21,12,31,19,11
0,34,45,4,135,78,12,33,8
1,34,30,10,109,72,33,60,0
0,15,7,1,24,15,29,22,0
0,41,19,10,165,21,35,39,8
0,44,15,10,179,44,12,69,0
1,41,29,8,128,39,18,62,8
1,34,18,12,224,81,49,71,7
1,34,20,8,25,72,12,38,12
0,6,7,8,95,41,16,22,12
1,19,26,10,177,65,23,62,0
0,32,26,9,93,39,18,21,9
0,55,51,0,38,51,4,4,15
1,3,9,2,37,45,3,10,2
2,0,8,2,49,22,3,11,4
0,60,8,7,45,33,2,8,10
2,5,9,6,115,9,7,30,15
1,3,9,6,78,8,0,14,1
2,55,28,3,50,35,4,4,13
1,20,15,4,130,15,13,22,10
0,11,8,5,171,13,6,11,2
0,0,8,2,12,0,0,8,1
0,45,26,9,168,18,12,40,11
1,15,7,2,30,42,11,22,12
1,45,19,10,160,44,31,62,10
1,32,35,1,51,46,31,6,8
0,15,16,2,95,39,24,22,17
1,41,26,1,70,56,33,21,10
0,60,8,1,49,45,2,3,8
1,11,8,1,13,33,29,11,9
1,29,12,2,32,29,22,5,3
0,30,24,2,74,4,7,5,9
1,32,17,1,162,39,17,19,10
1,16,17,7,24,13,28,13,12
0,8,6,8,7,33,22,29,17
0,7,23,2,42,9,3,10,9
1,7,8,1,119,8,22,8,12
1,11,5,1,72,2,22,29,11
0,0,9,5,10,0,5,14,10
0,9,8,2,12,45,5,8,10
1,7,27,1,164,29,3,31,0
0,8,5,8,112,2,29,31,10
1,41,45,10,187,64,33,76,11
0,34,30,10,56,23,45,76,27
0,6,16,9,62,13,29,31,9
1,17,17,9,166,40,30,19,12
1,18,17,8,107,55,15,21,9
0,15,7,8,130,28,16,7,9
1,22,36,10,133,73,12,46,12
1,16,29,9,156,46,15,19,8
0,6,33,7,136,7,6,12,10
1,19,17,1,108,37,16,18,0
0,10,2,8,69,30,29,31,0
1,36,10,2,45,2,22,11,10
0,2,5,7,87,30,8,11,2
1,11,8,4,40,2,2,43,9
0,20,33,10,21,19,17,22,12
1,44,26,8,29,64,12,26,8
0,18,16,2,63,42,9,31,8
1,19,35,9,103,38,24,6,8
0,45,26,10,142,52,18,39,17
1,16,26,9,147,36,15,40,12
0,19,35,9,163,12,14,46,6
1,16,26,12,162,38,15,40,6
1,56,19,10,182,57,43,25,9
1,38,36,9,197,57,39,73,0
1,15,16,10,22,33,28,7,10
1,20,7,1,62,13,28,31,6
2,32,7,9,93,15,16,24,6
2,30,4,2,16,1,1,16,3
1,13,14,1,42,27,22,30,2
0,42,31,3,85,31,25,32,13
2,9,9,2,0,29,22,10,2
1,16,35,9,70,36,17,24,12
1,60,8,1,0,8,2,3,10
1,11,5,4,73,5,9,31,17
0,29,24,5,116,4,10,15,9
2,13,9,2,42,27,3,30,9
0,1,1,0,84,51,4,1,2
0,3,9,1,15,9,41,43,6
0,39,31,15,172,25,26,32,1
0,43,44,19,125,54,42,28,14
1,23,18,12,179,37,33,73,7
1,10,6,8,6,33,29,29,6
2,9,8,1,11,45,9,8,9
1,60,0,7,43,32,6,3,0
1,29,4,6,185,4,5,15,10
2,14,11,6,16,66,10,1,10
0,40,1,0,38,35,4,4,3
2,6,5,1,62,33,24,21,10
2,44,15,12,92,21,30,33,6
2,20,17,9,107,15,18,21,12
1,6,7,4,76,6,2,31,3
1,14,24,2,116,47,10,16,3
1,36,12,11,46,7,8,12,9
2,3,12,2,120,9,7,12,12
2,13,23,2,15,8,7,10,10
2,27,4,6,16,1,4,17,4
1,5,14,1,17,47,5,10,10
1,13,9,2,42,8,7,10,9
2,56,19,11,219,70,35,69,0
1,34,19,9,28,56,23,36,6
1,17,17,10,24,28,28,21,10
2,10,7,1,107,12,16,7,17
1,9,27,1,43,0,22,43,10
0,5,32,0,185,24,7,30,8
1,0,0,5,17,9,1,14,12
2,11,8,1,0,9,0,2,12
1,60,8,1,43,22,2,42,10
2,7,10,8,0,49,41,12,8
0,30,14,6,41,66,10,15,9
2,9,8,2,2,42,29,8,12
2,7,8,6,139,9,3,8,3
2,3,12,7,10,4,10,43,9
1,36,8,7,36,0,2,11,12
1,8,5,1,86,28,8,12,0
2,7,0,1,15,9,22,3,4
1,0,23,5,42,29,0,5,3
2,3,12,5,10,9,41,14,3
2,27,4,6,116,4,41,17,15
2,14,11,6,81,1,10,1,4
0,42,40,3,138,31,25,49,13
2,17,7,9,52,16,16,19,5
1,17,7,9,103,39,15,26,7
0,30,24,0,116,66,41,17,2
0,30,4,6,41,66,41,17,2
2,10,5,4,20,7,11,11,3
0,4,3,0,127,51,4,4,9
2,3,24,2,74,24,5,5,9
0,42,38,15,44,31,25,32,13
2,18,17,10,128,55,13,34,17
2,19,15,9,53,34,30,26,12
2,19,33,9,48,40,30,62,17
0,0,12,2,42,9,3,10,10
0,4,28,0,38,35,27,4,3
2,3,32,1,3,9,7,11,6
0,10,5,8,107,13,13,22,7
1,7,8,2,43,5,8,3,3
1,0,32,4,49,29,28,5,3
2,33,28,0,89,53,27,49,15
2,31,25,14,172,25,25,32,13
0,40,3,3,38,35,27,47,4
2,50,38,3,85,31,27,32,4
2,57,34,13,90,54,42,28,13
0,6,7,9,23,13,14,9,7
0,11,10,2,13,2,29,11,0
0,11,8,7,69,7,8,31,8
1,33,40,14,50,35,27,4,1
1,7,9,2,120,8,6,5,12
0,36,10,2,148,41,32,7,12
0,6,5,1,130,33,24,19,11
0,58,30,10,188,92,37,26,12
0,15,17,4,156,15,45,6,6
0,15,7,8,162,46,18,7,3
0,6,2,2,107,28,8,19,12
0,45,29,10,173,44,33,46,7
0,20,7,7,54,55,16,9,3
0,16,15,8,161,40,32,20,12
1,19,16,9,29,17,24,34,12
0,19,17,8,56,19,40,26,11
1,7,8,4,164,45,22,11,10
0,12,11,0,111,3,1,1,2
1,0,9,2,42,8,0,14,4
0,2,6,1,30,30,16,29,3
0,60,10,4,2,29,2,29,11
0,0,12,4,36,9,22,31,12
2,1,1,5,79,51,10,16,2
0,12,11,6,111,11,10,16,4
2,40,3,3,80,11,4,4,1
2,1,11,3,4,11,4,47,4
2,1,1,3,84,11,1,4,15
2,27,24,0,116,47,1,17,1
2,29,24,0,116,24,41,17,1
2,30,24,6,74,9,5,17,15
2,5,14,6,75,8,41,15,1
2,60,9,2,36,32,3,43,4
0,9,10,2,72,42,22,11,2
1,9,0,6,49,32,0,0,1
1,15,17,8,155,12,24,26,2
0,15,16,1,121,37,28,31,1
0,17,33,4,108,64,16,7,2
1,17,15,11,51,64,14,62,4
0,18,17,1,70,56,18,21,4
1,32,17,9,147,38,11,62,3
0,32,17,4,128,52,16,22,9
0,19,17,8,155,46,16,21,2
1,44,17,4,70,56,32,9,9
0,45,29,9,92,71,23,46,3
1,41,20,10,94,77,34,33,3
0,38,20,12,238,94,49,67,12
0,58,55,12,239,85,60,73,12
2,31,52,15,172,25,25,27,14
2,42,38,15,138,31,27,32,15
2,28,51,3,50,35,27,4,15
2,1,1,0,4,51,1,47,13
2,35,39,0,111,1,4,47,15
2,12,39,6,111,3,1,47,15
2,12,11,0,16,24,10,47,15
2,14,11,0,16,1,10,16,1
2,14,11,0,18,3,41,16,15
2,29,4,0,143,24,1,16,4
2,5,12,6,17,8,5,17,15
2,3,9,2,37,29,0,14,4
2,7,0,6,0,22,3,10,1
1,7,9,2,139,45,22,14,1
0,60,0,7,112,28,22,10,4
2,9,0,6,0,0,3,14,1
1,9,10,2,146,2,9,10,2
2,11,10,1,36,32,9,3,4
2,11,8,5,40,33,0,0,4
1,11,27,2,146,2,9,0,4
0,8,27,2,112,6,29,3,1
0,8,10,2,62,39,8,12,1
1,8,7,2,136,13,29,11,1
0,6,7,8,47,17,13,29,4
1,15,7,1,30,12,24,31,4
1,15,2,5,22,38,8,31,4
1,20,33,9,103,46,11,21,4
0,32,17,8,163,46,15,19,2
1,19,15,8,142,70,17,19,10
1,19,26,9,65,23,23,24,3
1,19,17,8,103,64,17,22,4
0,16,26,10,186,79,31,62,4
0,16,35,9,156,52,32,21,2
1,16,26,8,162,68,18,26,9
1,16,17,9,51,52,17,46,3
0,16,35,9,168,43,31,60,9
0,44,26,8,178,44,12,22,3
1,45,15,10,163,64,15,24,2
0,45,26,9,122,78,19,24,2
0,56,19,11,135,44,46,62,3
1,22,19,9,219,92,21,33,9
1,38,48,18,218,114,21,76,3
0,64,18,12,159,86,46,72,9
1,46,48,10,133,88,19,38,2
2,43,44,13,125,54,42,28,20
2,26,22,13,104,26,26,28,14
2,1,1,0,81,66,1,47,15
2,29,24,0,117,66,10,16,15
2,29,13,6,16,1,10,16,1
2,29,4,5,41,4,41,16,15
2,3,12,5,10,45,7,15,1
2,3,32,5,17,45,5,17,1
2,13,12,6,42,29,7,5,4
2,7,12,6,77,5,27,30,15
2,7,9,1,15,49,0,5,1
2,7,9,2,78,9,5,10,1
2,7,2,8,136,28,6,43,4
2,9,0,2,112,15,9,14,1
1,11,17,8,64,14,17,19,4
2,36,5,7,40,7,22,0,4
2,8,8,7,49,5,22,0,4
1,2,2,1,73,6,22,43,4
0,10,2,8,63,28,6,31,3
0,6,7,8,57,65,24,18,4
0,15,7,1,33,34,8,42,4
0,15,7,4,39,34,6,42,4
1,15,6,1,62,40,29,31,2
0,15,5,7,20,55,8,12,4
0,20,7,1,130,16,16,31,4
1,17,16,1,61,36,17,31,2
0,18,33,1,22,15,17,29,3
1,32,17,9,108,64,13,22,2
0,32,5,1,19,68,24,18,4
0,32,17,8,21,46,30,26,10
0,19,17,9,177,23,18,9,3
1,16,35,10,156,37,30,24,9
1,16,29,11,142,43,14,9,3
0,16,26,11,161,37,32,19,3
0,16,17,9,52,18,30,18,2
1,45,26,9,21,19,17,9,9
1,45,17,9,147,64,34,22,2
1,45,19,9,141,79,14,24,3
0,41,26,11,179,63,40,34,2
0,41,19,11,66,86,19,24,9
1,41,30,9,181,92,35,34,9
1,56,26,9,141,58,18,46,2
0,22,19,11,207,88,19,33,3
1,34,19,10,66,78,20,69,10
1,23,36,12,170,81,35,23,9
1,23,18,9,207,82,40,39,9
0,38,36,10,134,98,49,48,9
0,38,20,11,170,114,45,48,3
1,64,20,10,157,93,35,60,9
2,48,22,13,35,54,26,28,20
2,24,25,15,34,25,42,27,14
2,39,31,14,85,31,25,32,14
2,28,51,0,89,35,27,49,15
2,4,28,0,127,11,27,4,15
2,40,1,0,84,1,27,4,15
2,1,1,0,80,51,4,47,1
2,1,1,0,127,11,27,47,15
2,35,1,3,80,11,4,4,15
2,35,1,0,79,1,4,47,1
2,12,11,0,1,48,1,47,1
2,14,11,0,1,1,4,16,1
2,29,24,2,116,47,10,17,15
2,29,24,0,31,47,41,16,15
2,29,1,6,143,66,10,16,2
2,5,14,5,10,9,7,30,4
2,5,14,6,116,66,5,15,15
0,3,12,5,42,29,41,14,1
2,3,12,2,77,27,5,5,4
2,3,9,0,74,4,5,5,4
2,13,9,5,0,32,0,10,4
2,0,7,5,32,8,7,5,4
2,0,12,0,17,27,41,30,4
2,7,9,2,120,0,3,10,2
2,7,23,1,42,45,7,5,4
2,7,9,2,119,5,0,10,1
2,60,9,2,120,5,5,0,2
1,11,0,2,43,30,3,10,1
2,11,0,2,49,22,0,3,2
0,11,27,2,164,2,22,0,4
2,36,10,1,112,7,22,11,2
2,8,27,6,146,6,3,3,4
2,2,5,7,13,6,2,11,2
2,2,2,7,13,33,22,12,4
0,10,5,1,6,13,8,13,4
2,10,5,7,9,10,22,12,2
2,10,5,1,46,7,28,12,4
2,6,6,8,130,40,13,13,3
1,15,16,9,96,23,32,19,3
0,20,17,8,132,78,15,21,3
2,20,2,7,7,28,6,13,2
1,20,2,8,8,12,13,31,4
2,20,33,8,130,28,11,21,4
2,20,7,2,33,65,8,12,2
1,20,17,8,8,17,16,18,2
0,20,16,8,8,17,11,7,2
2,17,33,1,22,40,28,18,3
2,17,33,1,86,16,8,13,3
2,17,17,4,95,38,13,13,9
0,17,17,9,166,56,8,21,2
1,17,17,9,19,39,15,7,2
1,17,33,9,93,64,32,22,2
1,32,17,1,71,41,28,13,3
1,32,17,9,161,46,16,9,2
0,32,17,4,22,34,28,21,4
1,32,17,8,93,38,13,40,9
0,32,17,18,21,52,16,37,9
1,32,17,9,128,64,32,19,3
1,32,35,1,6,28,29,13,2
1,16,15,9,166,36,16,19,3
0,16,15,8,163,44,11,22,2
1,16,17,8,141,18,31,9,3
1,16,26,9,145,58,12,62,2
0,16,35,9,52,52,17,40,9
0,16,35,8,177,21,16,20,2
2,44,17,4,155,12,17,9,9
0,44,26,9,92,77,23,62,3
0,41,29,10,92,75,28,62,10
0,41,29,11,173,77,23,46,9
1,41,19,10,174,72,20,33,9
1,41,17,9,169,44,45,19,2
0,41,19,8,173,72,23,46,9
1,41,45,9,48,44,9,39,4
1,56,26,8,110,57,31,26,10
0,56,29,12,188,75,47,39,9
0,21,29,1,65,70,12,9,3
0,34,45,9,181,57,46,60,9
0,38,19,11,225,63,45,38,10
0,58,18,16,235,120,19,57,10
2,43,44,19,90,54,26,28,14
2,12,11,0,1,48,1,1,4
2,29,4,0,14,4,10,16,13
2,49,14,5,118,66,5,15,1
2,0,0,5,0,5,22,14,4
2,11,8,2,36,7,3,10,4
1,36,8,5,36,6,22,0,1
0,36,27,1,2,41,9,5,4
0,6,6,8,71,40,2,42,1
1,15,5,2,95,65,24,2,2
0,17,16,8,130,16,16,31,2
1,18,17,9,166,65,17,18,3
0,32,33,11,163,34,30,62,3
1,19,35,9,134,73,32,20,9
0,16,17,8,103,38,30,19,9
0,16,17,10,187,92,23,6,2
0,16,26,12,113,44,23,62,8
0,16,33,8,148,64,24,42,2
0,44,29,9,110,78,12,34,9
1,45,26,9,64,46,30,9,10
1,45,26,9,65,58,34,19,2
1,41,33,9,145,44,12,6,4
0,41,26,9,145,70,30,26,3
0,56,45,9,196,69,45,46,3
1,22,26,9,168,78,34,62,2
1,22,19,10,154,71,39,40,3
0,34,45,10,225,76,40,41,3
0,38,19,12,167,99,49,33,3
1,58,18,16,240,114,50,59,12
2,37,31,13,172,25,25,32,15
2,42,40,14,85,31,25,49,1
2,50,40,0,89,35,27,49,13
2,55,40,3,89,35,27,49,13
2,55,40,15,105,53,25,49,13
2,35,1,0,84,51,1,4,15
2,12,11,0,16,1,1,16,15
2,27,13,0,117,4,1,16,4
2,3,14,6,185,24,5,15,15
2,3,12,6,185,66,5,5,4
2,3,14,0,31,47,10,15,4
2,3,12,2,77,9,5,14,1
2,7,0,2,10,47,7,0,2
2,7,9,2,119,5,0,10,4
2,7,12,2,115,47,10,5,4
2,7,0,6,78,49,0,14,1
2,7,12,6,42,8,7,10,2
2,7,9,2,78,8,5,10,2
2,9,0,2,32,49,0,0,4
2,9,27,2,0,0,0,8,2
2,36,5,7,146,29,9,11,2
2,8,5,1,112,6,2,8,4
2,8,5,2,13,33,6,8,3
1,8,6,1,130,34,28,31,3
2,2,6,7,6,16,24,31,2
2,2,2,1,2,2,13,2,2
0,2,5,2,7,28,8,31,2
2,2,10,2,45,33,3,11,9
0,10,5,1,68,41,29,11,1
2,10,16,8,62,55,6,7,3
0,6,5,1,87,28,6,2,2
1,6,5,2,171,6,9,12,3
2,6,5,4,55,28,28,13,3
2,6,16,1,63,41,9,13,4
2,6,10,1,69,42,6,31,2
2,15,6,4,6,41,28,29,2
2,20,16,1,130,37,28,31,2
2,20,7,4,61,64,16,13,4
1,17,2,8,155,38,16,9,9
1,17,17,1,57,12,11,21,3
2,17,33,1,20,42,6,7,2
0,18,17,1,57,34,24,21,4
2,32,17,1,19,12,28,22,3
1,32,7,1,137,46,8,7,3
1,32,33,8,91,65,17,19,3
1,32,16,9,161,64,32,21,10
0,32,17,8,54,38,24,19,3
1,32,26,8,64,14,30,19,3
0,19,35,9,64,64,16,37,9
1,19,35,4,156,12,32,24,3
0,19,16,10,161,52,32,22,3
1,19,26,9,161,68,14,9,2
0,16,17,9,96,71,31,9,9
0,16,26,11,169,92,18,6,9
0,16,19,8,128,68,24,24,3
2,16,17,8,107,68,8,21,9
0,16,15,9,128,36,30,19,3
1,16,35,1,113,18,14,37,8
2,16,35,8,147,23,30,6,9
2,44,35,9,29,19,11,19,9
1,44,26,10,160,52,40,34,2
0,45,26,9,145,14,31,46,12
0,45,29,10,66,78,12,33,10
0,41,19,9,92,61,31,37,9
0,41,26,9,48,61,15,39,9
0,41,26,8,177,19,14,9,3
1,41,19,10,48,70,32,34,3
0,41,19,12,187,72,23,38,12
0,41,29,9,147,46,24,34,10
1,41,29,9,134,71,33,40,3
0,41,19,10,92,70,12,39,9
1,56,45,9,187,61,23,39,3
0,56,29,11,65,46,15,26,3
1,22,30,10,158,84,19,60,9
1,22,29,8,48,58,12,37,9
0,22,30,10,29,23,14,6,9
1,22,30,12,173,78,40,69,2
1,21,30,10,181,73,35,39,9
0,21,29,9,176,20,33,26,9
1,21,45,10,165,61,46,33,2
0,34,20,10,201,87,21,25,3
0,34,30,9,187,78,32,23,9
0,23,20,17,168,57,40,23,9
1,23,45,9,181,18,20,38,3
0,38,18,9,97,117,39,33,9
1,46,18,10,159,114,39,38,9
0,65,47,17,99,121,60,80,9
2,47,34,3,38,51,4,4,13
2,1,3,6,77,9,10,14,1
2,35,3,2,139,29,3,14,1
2,14,11,0,14,9,4,1,1
1,14,14,2,171,13,9,3,1
0,5,24,7,171,10,29,43,2
2,7,23,6,15,0,29,15,2
2,7,9,2,120,27,3,14,2
1,9,0,4,95,40,24,18,1
0,11,8,8,61,68,15,29,2
2,11,10,1,55,42,28,29,4
0,11,10,4,7,41,29,11,1
2,36,8,4,39,15,29,29,3
0,36,8,1,2,41,2,8,2
0,36,0,2,9,41,29,0,2
1,6,5,11,70,46,12,19,2
1,20,2,10,158,103,46,46,3
0,19,33,8,64,23,14,18,3
0,16,26,9,70,64,12,26,3
0,16,17,4,166,36,15,21,2
0,16,15,11,29,58,12,26,3
0,16,17,4,64,58,15,22,2
1,44,26,9,65,14,33,24,2
1,41,19,9,96,57,32,20,2
1,41,26,9,186,72,33,9,9
1,22,19,10,92,18,12,46,10
1,34,19,12,224,62,35,48,12
1,23,18,10,98,63,47,73,10
2,42,31,15,85,31,25,32,13
2,42,31,14,138,31,27,32,13
2,35,1,0,84,51,4,47,1
2,14,13,6,16,1,10,17,15
2,29,24,6,118,4,41,17,15
2,5,32,0,118,66,10,5,1
2,3,8,5,78,9,5,10,4
2,13,12,2,75,8,41,30,1
2,7,9,1,12,29,7,10,4
2,7,23,5,15,8,0,14,4
2,9,0,1,0,5,7,0,4
2,36,10,6,88,22,9,8,4
2,36,27,2,164,22,2,43,2
2,8,5,1,46,41,9,11,3
2,8,10,1,9,2,3,2,2
0,2,6,8,55,7,8,7,2
0,2,6,7,46,33,2,31,2
0,2,2,1,2,6,29,43,3
2,2,10,2,139,45,0,0,4
2,2,5,4,9,5,6,11,9
2,10,10,1,46,7,2,31,3
2,10,16,1,68,30,28,7,2
1,15,7,1,33,28,8,18,3
0,15,33,8,24,42,13,21,3
0,15,17,1,8,42,16,18,2
1,15,6,1,121,16,15,29,2
2,15,6,2,171,30,2,2,2
2,20,16,1,71,17,6,7,3
0,20,17,2,91,52,16,42,2
1,20,33,4,22,42,11,20,2
2,17,2,1,46,42,0,42,2
0,17,16,8,86,13,24,13,4
1,17,2,8,61,38,16,22,12
0,17,17,1,137,39,17,7,2
2,18,16,2,24,38,6,29,2
0,32,15,10,52,23,12,19,3
0,16,15,10,29,46,23,6,3
0,16,33,7,107,64,28,18,3
1,16,26,9,162,64,17,26,9
2,16,15,11,156,23,14,19,10
0,16,15,8,65,23,39,9,9
0,16,26,8,52,14,18,26,2
0,16,26,10,96,70,32,26,3
0,44,35,8,128,40,16,24,10
1,44,17,4,103,12,12,19,4
1,45,29,8,156,46,17,26,3
1,41,26,9,177,14,30,40,3
1,41,26,9,142,23,30,62,9
1,41,19,9,179,21,14,48,12
1,22,19,11,196,76,15,23,8
0,22,19,9,135,21,46,62,3
0,21,30,9,197,77,18,71,10
1,21,30,17,150,72,33,48,9
0,34,48,12,238,76,36,72,12
1,34,30,9,178,19,18,60,3
1,23,18,9,173,18,33,38,9
0,58,48,12,230,62,44,25,10
2,25,37,13,104,26,26,28,20
2,33,28,3,50,35,27,4,15
2,28,28,15,89,35,27,49,1
2,1,39,6,1,48,4,47,1
0,5,24,5,74,9,7,15,2
2,5,24,0,5,49,41,15,4
1,13,0,2,43,13,22,14,4
0,36,8,7,45,6,9,8,3
1,8,8,1,11,0,22,8,4
2,8,10,2,146,5,22,8,4
0,15,7,7,24,34,29,13,2
1,19,35,9,163,65,18,26,10
2,1,1,0,111,1,4,1,4
2,14,11,0,81,48,1,2,15
2,0,12,6,75,27,7,15,4
0,7,9,2,49,10,0,10,4
0,7,8,2,164,6,7,0,4
0,15,7,1,39,40,29,31,2
0,20,16,1,22,36,29,29,4
0,20,7,1,30,17,24,18,3
0,32,33,8,155,12,11,6,3
1,19,15,9,70,36,15,37,2
1,16,33,1,93,37,30,18,2
0,16,33,9,156,56,30,20,1
0,16,17,9,70,65,30,40,9
1,21,19,10,140,70,35,23,3
0,21,30,10,131,58,33,33,9
0,21,19,9,140,75,45,62,9
1,38,18,9,179,56,46,33,10
0,11,8,2,73,22,22,42,8
1,6,2,9,63,2,28,21,3
1,0,0,2,15,9,5,8,8
0,10,5,4,62,41,13,13,9
0,40,1,3,111,3,4,17,15
1,5,9,6,42,9,5,8,1
0,30,14,6,74,47,41,15,2
2,43,42,19,90,54,26,61,14
2,40,3,0,84,11,1,4,4
0,8,6,2,55,55,24,11,4
1,2,5,1,86,15,24,29,2
0,11,2,2,45,32,6,12,9
1,16,17,1,148,16,13,9,2
0,20,16,8,148,38,8,18,6
0,20,16,8,95,42,13,24,8
0,0,9,6,78,49,0,10,9
2,12,11,0,4,1,10,16,15
0,3,0,2,0,32,7,3,2
1,21,30,16,225,61,51,48,8
0,14,4,2,185,49,7,15,15
1,14,13,5,41,24,10,15,1
0,15,7,7,86,5,24,21,3
0,6,5,4,55,30,13,21,10
1,20,17,8,107,68,30,29,2
1,9,10,8,68,5,28,29,9
0,30,12,2,42,8,7,10,4
2,40,3,0,80,51,4,4,2
0,41,29,12,92,38,34,25,6
1,15,16,9,61,13,17,62,10
1,20,7,10,108,68,11,7,2
1,6,17,4,161,17,13,11,8
1,44,17,9,154,34,34,25,8
0,7,0,2,171,10,8,11,3
1,41,26,11,154,14,23,38,11
2,28,28,15,106,35,25,4,13
0,8,10,9,6,30,2,21,7
1,8,6,9,69,6,8,11,3
1,11,27,7,112,32,29,11,0
1,3,12,1,77,47,7,10,4
1,9,8,8,13,32,8,12,2
0,6,7,9,87,6,24,29,0
1,13,23,5,15,45,5,14,10
1,36,10,2,36,8,2,8,2
2,4,3,3,106,35,4,4,13
1,8,5,4,136,10,6,29,10
0,50,40,0,106,53,1,4,2
0,6,16,8,24,6,6,62,6
1,45,26,16,174,43,21,46,0
0,13,9,2,12,27,22,3,3
1,19,35,9,52,71,17,22,0
2,14,4,6,14,24,10,17,1
1,15,33,7,93,38,30,20,3
1,22,20,8,140,70,30,67,0
0,10,6,2,114,6,6,11,3
2,50,40,3,50,51,10,4,2
2,30,32,6,185,47,41,30,1
1,0,8,2,120,0,7,8,1
1,15,7,8,107,12,30,29,2
1,20,16,6,22,12,16,42,10
0,16,26,12,29,65,30,33,10
0,36,10,1,87,33,28,11,6
1,15,33,11,107,41,24,24,10
1,11,10,4,62,10,3,22,12
2,3,9,2,10,47,41,8,2
0,11,8,1,73,2,2,31,10
1,32,26,11,91,38,13,40,12
0,63,36,10,183,73,20,76,8
1,16,26,9,52,64,17,26,17
1,15,33,4,30,28,13,21,3
2,67,42,19,124,67,42,61,14
0,3,12,1,12,29,0,30,0
1,8,6,2,62,42,8,43,10
2,54,44,23,125,54,42,61,14
0,44,15,18,93,40,15,37,6
0,20,17,9,33,6,28,24,6
0,14,39,0,111,11,1,1,15
0,31,52,15,126,26,26,27,14
2,60,27,4,73,30,9,11,12
2,0,0,1,42,47,22,10,2
1,0,8,2,37,45,3,5,3
0,0,9,1,139,8,7,8,12
2,1,39,6,111,11,4,16,3
2,8,5,1,2,6,6,12,0
2,10,10,1,20,7,28,31,9
2,8,27,1,68,5,2,7,7
2,15,7,9,155,68,32,21,9
1,8,5,8,136,30,6,31,3
2,16,33,10,103,12,15,6,12
1,45,35,10,160,36,19,26,11
2,15,6,1,33,13,28,21,9
0,50,28,0,105,31,27,49,4
0,14,11,0,111,3,4,16,3
2,8,10,1,46,5,29,29,3
0,29,11,3,117,1,41,17,10
1,11,10,9,136,10,6,31,5
1,7,9,2,120,45,9,3,4
2,17,2,8,68,10,13,11,8
2,11,8,8,72,10,29,43,10
2,46,20,16,229,50,49,55,3
1,41,29,16,165,58,33,33,6
1,22,30,10,225,21,45,60,16
2,6,7,9,24,7,8,20,17
1,9,0,2,11,9,22,11,9
2,47,52,15,126,26,26,27,15
2,47,21,3,126,26,25,27,13
0,8,5,2,7,2,29,7,9
1,7,10,2,11,8,0,2,12
0,2,6,5,87,5,29,22,12
1,1,11,15,4,51,1,1,3
0,15,2,1,130,7,30,29,8
0,11,27,6,13,2,28,11,9
1,10,7,8,128,16,15,24,0
1,8,10,2,73,2,2,43,9
0,6,16,9,53,15,16,39,8
0,6,7,8,57,28,8,34,5
2,47,21,15,126,26,25,27,15
0,8,5,9,71,2,24,29,12
0,7,0,1,45,45,2,11,6
1,2,10,9,7,6,24,42,10
1,8,5,4,69,5,8,18,12
1,2,6,7,69,29,8,29,12
1,7,27,5,112,27,29,31,12
2,33,28,3,80,11,1,4,13
2,7,9,2,36,32,7,43,4
0,9,8,6,164,33,0,14,1
2,9,8,2,43,10,3,43,2
1,36,10,1,76,30,9,31,10
1,15,7,8,108,64,13,7,3
1,19,26,11,168,52,39,6,2
1,21,20,10,151,62,39,71,9
0,34,20,10,131,50,46,33,9
0,34,20,12,209,90,44,67,3
1,64,36,10,241,59,46,36,3
2,37,31,3,105,35,27,32,14
2,37,25,15,85,31,25,32,13
2,50,40,14,106,35,27,49,15
2,50,40,15,89,53,27,49,15
2,33,28,14,38,35,4,4,15
2,14,13,0,14,66,10,16,15
2,14,4,0,143,9,10,16,15
2,14,11,0,18,3,41,1,15
2,29,13,0,18,48,10,1,15
0,30,24,2,77,45,7,15,4
2,30,32,6,75,8,5,15,1
2,49,14,2,10,29,7,15,4
2,3,32,1,10,49,0,5,15
2,13,9,1,120,0,7,10,1
2,7,9,2,120,45,9,10,1
0,9,27,2,40,32,9,8,4
0,11,8,2,45,30,2,3,15
1,8,5,2,7,34,29,43,1
0,15,33,4,61,38,24,21,4
2,17,7,4,8,17,13,29,15
1,17,16,2,130,28,11,31,15
0,32,17,8,65,61,32,6,3
0,44,15,10,177,23,30,9,9
1,45,19,9,92,18,18,26,3
1,41,20,10,158,72,23,63,9
0,22,29,9,169,61,12,26,4
1,22,19,10,151,60,39,71,9
0,22,29,12,150,79,46,48,3
0,34,29,11,122,21,23,62,2
0,23,47,18,199,20,35,36,3
0,64,47,18,203,119,21,57,10
2,57,46,13,90,54,26,28,14
2,31,21,13,172,31,25,27,13
2,33,28,24,89,35,27,24,15
2,35,39,0,79,1,4,47,15
2,14,11,3,111,66,4,4,15
2,30,24,0,185,27,10,16,15
2,0,9,1,11,6,7,14,1
2,60,9,6,73,28,9,10,15
2,9,8,2,164,32,9,0,4
2,36,27,2,40,6,9,3,4
0,8,10,2,36,2,9,8,3
1,15,6,1,63,28,28,12,2
0,17,17,4,61,12,32,29,2
1,17,33,4,23,46,11,29,9
0,17,33,8,156,19,16,19,10
0,19,35,8,147,70,32,7,4
0,19,17,4,163,61,17,29,2
0,16,45,9,64,44,11,22,2
1,16,17,1,54,36,17,29,4
0,16,26,9,156,56,15,9,4
0,16,15,9,103,64,30,21,3
0,44,15,1,52,79,15,31,3
1,45,19,9,110,57,23,62,2
0,56,26,10,168,76,18,43,9
0,56,35,8,142,18,14,20,4
0,56,29,8,168,63,19,26,3
1,21,20,9,179,63,18,33,9
1,34,48,10,207,63,19,60,3
0,64,20,10,98,62,46,60,9
2,42,31,14,85,31,25,32,15
2,4,3,15,106,35,27,4,15
2,4,1,0,4,3,4,4,1
2,12,11,0,4,3,4,47,1
2,12,39,0,111,1,1,1,15
2,49,24,6,143,48,10,17,4
2,3,12,5,31,4,5,15,1
2,3,14,6,115,9,41,30,1
2,3,14,5,119,2,22,30,4
2,9,0,0,171,13,9,43,4
2,11,8,2,0,29,22,8,3
0,36,5,2,76,42,29,43,1
2,8,5,1,40,5,2,43,9
2,10,2,1,87,17,29,12,4
2,10,5,8,46,13,8,11,3
2,6,7,2,72,6,2,2,9
2,15,7,8,62,55,28,42,9
1,20,16,2,137,68,8,21,10
2,20,16,4,24,68,8,31,3
1,20,33,9,137,36,13,13,3
1,17,33,1,22,39,11,21,4
1,17,6,8,130,17,32,13,3
0,18,16,8,23,38,11,20,2
0,32,33,8,72,30,6,18,9
0,16,35,1,23,37,16,21,9
1,16,26,8,142,21,13,24,12
0,16,26,8,108,65,13,26,2
0,16,26,9,59,44,33,24,2
0,16,26,9,93,65,30,19,3
0,16,17,1,159,76,32,9,12
1,16,35,9,142,14,12,37,3
1,44,26,11,65,56,31,24,3
1,45,26,4,21,37,34,19,2
0,45,29,9,186,44,32,48,9
1,34,30,10,183,88,21,67,9
1,34,18,10,153,62,40,38,3
0,36,27,2,9,33,2,10,4
2,6,5,7,13,42,2,8,4
0,16,17,1,95,15,11,21,3
0,44,35,4,60,44,30,20,2
1,44,29,8,26,19,33,24,9
1,45,35,11,178,57,45,19,2
2,12,11,3,1,3,10,1,15
2,29,24,0,118,47,1,17,1
2,29,4,2,118,24,41,17,15
2,30,24,6,16,1,41,17,1
2,0,12,6,10,9,7,5,4
2,60,12,2,3,32,3,10,1
2,9,8,5,37,45,7,0,4
2,11,23,2,42,8,3,14,4
2,36,10,2,36,5,3,11,2
2,8,10,1,45,30,6,8,4
0,6,16,4,6,15,29,31,4
2,6,6,1,7,6,13,7,4
2,6,7,2,87,28,29,2,2
0,6,6,11,86,38,29,31,3
0,6,8,7,68,41,29,11,4
2,15,6,2,46,41,2,2,4
0,15,16,1,19,12,29,18,9
2,15,17,4,52,44,16,19,2
0,20,7,8,54,52,29,20,3
1,20,15,9,53,14,32,19,3
0,17,29,8,29,78,17,20,9
0,18,16,8,130,55,11,13,4
2,32,17,8,61,64,28,21,3
0,32,17,7,54,34,16,20,2
0,19,0,8,161,64,32,18,2
0,16,17,12,26,70,18,62,9
0,16,26,11,92,78,12,62,10
1,16,35,10,189,75,21,40,9
0,44,35,11,96,52,23,62,9
0,44,45,9,129,79,31,37,12
1,44,35,8,103,37,24,24,9
1,44,26,9,135,76,12,40,10
0,44,26,11,59,43,14,62,2
1,41,26,8,160,44,40,24,2
0,22,19,11,66,92,34,34,2
1,21,19,9,66,69,23,62,2
1,21,29,4,60,37,12,40,9
0,21,20,10,182,63,19,41,9
0,23,20,16,220,94,49,71,3
1,38,20,9,220,114,53,60,9
1,38,18,11,159,106,45,44,2
1,64,49,12,98,81,47,41,9
2,49,24,6,185,49,5,17,1
2,60,9,6,3,5,9,14,1
0,60,0,7,49,5,9,10,4
0,36,5,8,48,71,31,34,2
2,36,10,1,69,28,29,43,4
1,15,2,11,207,81,45,48,2
2,15,2,1,39,40,11,12,4
1,20,16,4,137,23,13,2,2
1,19,17,8,53,19,14,7,3
0,16,15,8,96,77,30,21,2
1,45,26,9,58,61,12,6,2
0,41,19,10,134,43,18,40,2
2,55,40,13,105,53,25,49,14
0,1,1,0,4,51,4,16,1
2,0,9,7,139,0,41,0,2
2,0,0,5,15,27,0,0,4
2,9,8,2,164,22,9,43,4
2,11,8,2,3,45,9,8,4
2,10,5,1,136,13,8,11,2
0,6,2,1,87,13,6,29,9
2,6,7,5,55,15,2,7,3
0,15,7,1,47,39,15,29,4
2,20,6,1,7,42,2,13,3
0,17,16,1,114,28,28,7,3
2,17,6,1,86,15,29,7,9
2,17,17,9,57,55,17,19,3
0,17,16,4,23,40,18,29,9
1,32,33,1,95,16,16,18,2
1,32,26,9,156,38,14,26,9
1,16,26,8,161,52,13,9,2
0,44,26,8,162,64,15,9,9
0,44,35,8,142,56,31,26,9
1,44,26,9,96,52,23,24,3
1,45,30,10,96,37,17,69,3
1,41,26,9,178,71,18,33,9
0,41,19,11,186,61,31,62,12
1,41,26,16,178,78,40,46,12
0,22,30,10,182,75,31,71,9
0,22,19,12,170,61,12,78,9
0,34,45,17,94,77,21,34,3
0,34,20,10,207,92,19,38,9
0,68,55,9,229,88,59,24,9
2,42,40,14,105,35,25,32,15
2,4,28,3,106,35,4,4,1
2,1,3,3,127,11,4,49,15
2,12,11,0,111,1,1,47,1
2,5,24,2,17,8,41,30,4
2,3,32,0,75,0,5,17,15
2,3,9,5,17,49,7,5,15
0,7,0,5,120,0,3,0,4
0,7,23,1,0,5,0,3,4
2,60,9,5,15,45,7,10,4
1,15,7,1,71,28,29,7,2
1,17,17,9,91,65,16,20,9
1,17,33,9,57,12,30,21,9
0,14,3,6,118,4,41,17,4
2,27,24,0,185,27,41,16,1
2,27,13,6,143,24,10,16,1
2,30,4,0,41,47,1,17,1
2,7,0,2,119,22,7,3,3
0,11,8,2,36,10,9,0,2
1,36,10,2,45,6,22,43,4
0,8,8,9,55,15,28,43,3
0,6,6,7,39,13,24,13,3
0,15,6,8,130,39,8,42,4
1,15,16,9,8,55,17,29,9
0,18,7,1,107,38,11,7,3
0,32,17,12,52,23,31,19,2
1,16,35,4,128,23,30,20,3
0,38,18,10,192,99,46,67,10
