0.0,0.0,0.0,0.0,0.0,0.0,0.0,0.0,0.0,0.0,0.0,0.0,0.0
0.0,1.0,1.0,1.0,1.0,1.0,1.0,1.0,1.0,1.0,1.0,0.0,0.0
0.0,1.0,1.0,2.0,1.0,2.0,2.0,1.0,2.0,1.0,2.0,0.0,0.0
1.0,2.0,0.0,0.0,2.0,3.0,3.0,2.0,3.0,2.0,3.0,1.0,0.0
1.0,2.0,0.0,3.0,3.0,4.0,4.0,3.0,4.0,3.0,4.0,0.0,0.0
1.0,2.0,2.0,3.0,4.0,5.0,5.0,4.0,5.0,4.0,5.0,0.0,0.0
1.0,2.0,2.0,4.0,4.0,6.0,6.0,5.0,6.0,5.0,6.0,0.0,0.0
1.0,2.0,2.0,4.0,5.0,7.0,7.0,6.0,7.0,6.0,7.0,0.0,0.0
1.0,2.0,3.0,1.0,6.0,8.0,8.0,7.0,8.0,7.0,5.0,0.0,0.0
0.0,0.0,3.0,2.0,7.0,9.0,9.0,8.0,9.0,8.0,3.0,0.0,0.0
0.0,0.0,3.0,2.0,7.0,9.0,9.0,8.0,10.0,0.0,8.0,0.0,0.0
0.0,0.0,3.0,2.0,8.0,10.0,10.0,9.0,11.0,9.0,3.0,0.0,0.0
2.0,0.0,2.0,0.0,9.0,11.0,11.0,10.0,12.0,10.0,0.0,0.0,0.0
2.0,0.0,3.0,4.0,10.0,12.0,12.0,7.0,13.0,11.0,7.0,0.0,0.0
2.0,0.0,3.0,5.0,11.0,13.0,13.0,11.0,14.0,12.0,9.0,0.0,0.0
2.0,0.0,3.0,0.0,12.0,14.0,14.0,12.0,15.0,13.0,5.0,0.0,0.0
3.0,0.0,0.0,2.0,2.0,15.0,15.0,13.0,16.0,5.0,5.0,0.0,0.0
1.0,0.0,1.0,4.0,13.0,16.0,16.0,14.0,17.0,14.0,10.0,0.0,0.0
2.0,1.0,0.0,5.0,14.0,17.0,17.0,15.0,18.0,15.0,3.0,0.0,0.0
2.0,1.0,4.0,2.0,15.0,18.0,18.0,0.0,19.0,13.0,9.0,0.0,0.0
2.0,1.0,3.0,1.0,6.0,8.0,8.0,7.0,20.0,8.0,11.0,0.0,0.0
3.0,1.0,3.0,4.0,16.0,19.0,19.0,11.0,21.0,9.0,11.0,0.0,0.0
0.0,1.0,5.0,3.0,17.0,20.0,20.0,16.0,22.0,13.0,9.0,0.0,0.0
0.0,1.0,2.0,2.0,18.0,21.0,21.0,17.0,23.0,16.0,12.0,0.0,0.0
0.0,1.0,2.0,2.0,19.0,22.0,22.0,18.0,24.0,17.0,12.0,0.0,0.0
0.0,1.0,2.0,3.0,20.0,23.0,23.0,19.0,25.0,18.0,5.0,0.0,0.0
0.0,1.0,3.0,0.0,21.0,24.0,24.0,20.0,26.0,19.0,12.0,0.0,0.0
0.0,1.0,3.0,4.0,10.0,12.0,12.0,7.0,27.0,20.0,2.0,0.0,0.0
2.0,3.0,3.0,2.0,22.0,7.0,25.0,21.0,28.0,21.0,11.0,0.0,0.0
2.0,3.0,3.0,3.0,19.0,25.0,26.0,21.0,9.0,22.0,13.0,0.0,0.0
2.0,3.0,3.0,0.0,17.0,26.0,27.0,22.0,29.0,21.0,13.0,0.0,0.0
2.0,3.0,3.0,4.0,23.0,27.0,28.0,8.0,30.0,23.0,14.0,0.0,0.0
2.0,3.0,3.0,0.0,23.0,28.0,29.0,23.0,31.0,24.0,4.0,0.0,0.0
2.0,3.0,3.0,3.0,2.0,29.0,30.0,13.0,32.0,22.0,13.0,0.0,0.0
2.0,3.0,3.0,4.0,16.0,19.0,19.0,11.0,33.0,17.0,11.0,0.0,0.0
2.0,3.0,3.0,1.0,24.0,30.0,31.0,15.0,34.0,25.0,9.0,0.0,0.0
2.0,3.0,1.0,1.0,1.0,1.0,1.0,1.0,35.0,21.0,9.0,0.0,0.0
0.0,1.0,1.0,0.0,25.0,31.0,32.0,24.0,36.0,18.0,5.0,0.0,0.0
0.0,3.0,1.0,2.0,1.0,2.0,2.0,1.0,10.0,5.0,3.0,0.0,0.0
4.0,1.0,0.0,1.0,26.0,32.0,33.0,25.0,37.0,16.0,11.0,0.0,0.0
4.0,1.0,6.0,1.0,27.0,33.0,34.0,26.0,38.0,24.0,6.0,0.0,0.0
4.0,1.0,2.0,2.0,18.0,34.0,35.0,27.0,39.0,11.0,0.0,0.0,0.0
4.0,1.0,2.0,1.0,28.0,35.0,36.0,28.0,40.0,26.0,5.0,0.0,0.0
4.0,1.0,3.0,2.0,7.0,9.0,9.0,8.0,41.0,20.0,11.0,0.0,0.0
4.0,1.0,3.0,5.0,29.0,36.0,37.0,17.0,42.0,27.0,10.0,0.0,0.0
3.0,2.0,3.0,5.0,17.0,26.0,27.0,22.0,43.0,21.0,3.0,0.0,0.0
3.0,2.0,3.0,4.0,10.0,12.0,12.0,7.0,44.0,28.0,13.0,0.0,0.0
2.0,2.0,6.0,4.0,30.0,37.0,38.0,29.0,45.0,29.0,6.0,0.0,0.0
4.0,1.0,0.0,4.0,31.0,38.0,39.0,30.0,46.0,15.0,4.0,0.0,0.0
4.0,1.0,0.0,4.0,32.0,39.0,40.0,31.0,47.0,30.0,12.0,0.0,0.0
4.0,1.0,3.0,6.0,11.0,40.0,41.0,11.0,48.0,31.0,2.0,0.0,0.0
4.0,3.0,2.0,3.0,18.0,41.0,42.0,15.0,49.0,19.0,7.0,0.0,0.0
4.0,3.0,2.0,5.0,33.0,42.0,43.0,3.0,50.0,11.0,10.0,0.0,0.0
4.0,3.0,2.0,5.0,33.0,42.0,43.0,3.0,50.0,11.0,10.0,0.0,0.0
4.0,3.0,2.0,6.0,2.0,43.0,44.0,15.0,51.0,32.0,13.0,0.0,0.0
4.0,3.0,3.0,6.0,11.0,40.0,41.0,11.0,52.0,21.0,7.0,0.0,0.0
4.0,3.0,3.0,1.0,24.0,30.0,31.0,15.0,10.0,7.0,10.0,0.0,0.0
4.0,3.0,1.0,3.0,34.0,44.0,45.0,32.0,53.0,33.0,11.0,0.0,0.0
5.0,4.0,7.0,4.0,35.0,45.0,46.0,33.0,54.0,8.0,5.0,0.0,0.0
5.0,4.0,7.0,0.0,36.0,46.0,47.0,34.0,55.0,0.0,1.0,0.0,0.0
5.0,4.0,0.0,3.0,3.0,4.0,4.0,3.0,56.0,22.0,12.0,0.0,0.0
5.0,4.0,0.0,3.0,3.0,4.0,4.0,3.0,57.0,34.0,15.0,0.0,0.0
5.0,4.0,2.0,6.0,37.0,47.0,48.0,35.0,58.0,15.0,10.0,0.0,0.0
5.0,4.0,2.0,3.0,18.0,41.0,42.0,15.0,48.0,1.0,11.0,0.0,0.0
5.0,4.0,2.0,4.0,38.0,48.0,49.0,23.0,59.0,35.0,6.0,0.0,0.0
5.0,4.0,2.0,6.0,2.0,43.0,44.0,15.0,60.0,13.0,9.0,0.0,0.0
5.0,4.0,3.0,0.0,21.0,24.0,24.0,20.0,45.0,24.0,9.0,0.0,0.0
5.0,4.0,3.0,0.0,21.0,24.0,24.0,20.0,41.0,1.0,5.0,0.0,0.0
5.0,4.0,3.0,0.0,21.0,24.0,24.0,20.0,41.0,1.0,15.0,0.0,0.0
4.0,0.0,0.0,0.0,2.0,3.0,3.0,2.0,61.0,36.0,9.0,0.0,0.0
4.0,0.0,0.0,0.0,39.0,49.0,50.0,36.0,62.0,5.0,14.0,0.0,0.0
4.0,0.0,3.0,0.0,17.0,26.0,27.0,22.0,32.0,24.0,13.0,0.0,0.0
3.0,1.0,0.0,0.0,2.0,3.0,3.0,2.0,63.0,37.0,15.0,0.0,0.0
3.0,1.0,2.0,1.0,40.0,50.0,51.0,2.0,64.0,16.0,9.0,0.0,0.0
3.0,1.0,3.0,0.0,12.0,14.0,14.0,12.0,65.0,38.0,2.0,0.0,0.0
6.0,5.0,7.0,6.0,41.0,51.0,52.0,35.0,66.0,39.0,6.0,0.0,0.0
6.0,5.0,7.0,0.0,36.0,46.0,47.0,34.0,67.0,16.0,6.0,0.0,0.0
7.0,3.0,0.0,4.0,32.0,39.0,40.0,31.0,3.0,10.0,6.0,0.0,0.0
7.0,4.0,2.0,0.0,29.0,52.0,53.0,36.0,44.0,40.0,11.0,0.0,0.0
7.0,4.0,2.0,1.0,6.0,53.0,54.0,7.0,68.0,41.0,0.0,0.0,0.0
7.0,4.0,2.0,3.0,20.0,23.0,23.0,19.0,23.0,22.0,15.0,0.0,0.0
7.0,4.0,2.0,3.0,18.0,41.0,42.0,15.0,69.0,13.0,7.0,0.0,0.0
7.0,4.0,2.0,1.0,28.0,35.0,36.0,28.0,60.0,0.0,9.0,0.0,0.0
7.0,4.0,2.0,5.0,33.0,42.0,43.0,3.0,40.0,14.0,1.0,0.0,0.0
7.0,4.0,2.0,6.0,2.0,43.0,44.0,15.0,70.0,32.0,13.0,0.0,0.0
7.0,4.0,3.0,6.0,11.0,40.0,41.0,11.0,49.0,42.0,1.0,0.0,0.0
7.0,4.0,3.0,6.0,11.0,40.0,41.0,11.0,29.0,5.0,7.0,0.0,0.0
7.0,4.0,3.0,6.0,11.0,40.0,41.0,11.0,71.0,19.0,7.0,0.0,0.0
7.0,4.0,3.0,3.0,19.0,25.0,26.0,21.0,72.0,29.0,13.0,0.0,0.0
2.0,0.0,0.0,2.0,2.0,15.0,15.0,13.0,73.0,37.0,10.0,0.0,0.0
2.0,0.0,2.0,2.0,18.0,34.0,35.0,27.0,44.0,34.0,12.0,0.0,0.0
1.0,2.0,0.0,0.0,2.0,15.0,15.0,13.0,73.0,21.0,5.0,0.0,0.0
1.0,2.0,2.0,3.0,4.0,5.0,5.0,4.0,48.0,17.0,15.0,0.0,0.0
1.0,2.0,2.0,3.0,20.0,23.0,23.0,19.0,34.0,16.0,10.0,0.0,0.0
1.0,2.0,2.0,4.0,38.0,48.0,49.0,23.0,74.0,43.0,11.0,0.0,0.0
4.0,1.0,3.0,3.0,42.0,54.0,55.0,37.0,10.0,44.0,2.0,0.0,0.0
8.0,1.0,7.0,2.0,43.0,55.0,56.0,38.0,75.0,20.0,4.0,0.0,0.0
8.0,1.0,0.0,2.0,44.0,56.0,57.0,39.0,73.0,21.0,5.0,0.0,0.0
8.0,1.0,2.0,3.0,20.0,23.0,23.0,19.0,76.0,45.0,9.0,0.0,0.0
8.0,1.0,2.0,3.0,20.0,23.0,23.0,19.0,77.0,22.0,5.0,0.0,0.0
8.0,1.0,2.0,3.0,20.0,23.0,23.0,19.0,77.0,22.0,5.0,0.0,0.0
8.0,1.0,2.0,1.0,40.0,50.0,51.0,2.0,78.0,40.0,5.0,0.0,0.0
5.0,1.0,2.0,1.0,28.0,35.0,36.0,28.0,79.0,8.0,3.0,0.0,0.0
5.0,1.0,3.0,2.0,7.0,57.0,58.0,40.0,6.0,4.0,9.0,0.0,0.0
5.0,1.0,8.0,2.0,45.0,58.0,59.0,41.0,80.0,23.0,6.0,0.0,0.0
4.0,0.0,0.0,0.0,46.0,59.0,60.0,42.0,75.0,46.0,15.0,0.0,0.0
4.0,0.0,0.0,6.0,20.0,60.0,61.0,43.0,34.0,4.0,6.0,0.0,0.0
4.0,0.0,2.0,3.0,18.0,41.0,42.0,15.0,81.0,1.0,6.0,0.0,0.0
4.0,0.0,3.0,2.0,7.0,9.0,9.0,8.0,82.0,32.0,6.0,0.0,0.0
4.0,0.0,3.0,4.0,23.0,27.0,28.0,8.0,73.0,47.0,5.0,0.0,0.0
4.0,1.0,0.0,0.0,46.0,59.0,60.0,42.0,83.0,16.0,12.0,0.0,0.0
8.0,1.0,0.0,0.0,2.0,3.0,3.0,2.0,58.0,48.0,9.0,0.0,0.0
8.0,1.0,3.0,3.0,42.0,54.0,55.0,37.0,9.0,22.0,13.0,0.0,0.0
8.0,1.0,3.0,4.0,16.0,19.0,19.0,11.0,84.0,15.0,11.0,0.0,0.0
8.0,1.0,0.0,1.0,26.0,32.0,33.0,25.0,62.0,5.0,14.0,0.0,0.0
8.0,0.0,0.0,1.0,26.0,32.0,33.0,25.0,85.0,5.0,15.0,0.0,0.0
8.0,1.0,0.0,2.0,2.0,15.0,15.0,13.0,76.0,38.0,15.0,0.0,0.0
8.0,1.0,0.0,2.0,2.0,15.0,15.0,13.0,86.0,5.0,10.0,0.0,0.0
8.0,1.0,0.0,4.0,29.0,61.0,62.0,17.0,87.0,38.0,3.0,0.0,0.0
8.0,1.0,2.0,6.0,37.0,47.0,48.0,35.0,41.0,29.0,6.0,0.0,0.0
8.0,1.0,2.0,4.0,5.0,7.0,7.0,6.0,88.0,27.0,7.0,0.0,0.0
8.0,1.0,2.0,4.0,5.0,7.0,7.0,6.0,89.0,16.0,5.0,0.0,0.0
8.0,1.0,3.0,3.0,21.0,62.0,63.0,5.0,90.0,11.0,5.0,0.0,0.0
8.0,1.0,3.0,1.0,47.0,63.0,64.0,44.0,69.0,32.0,6.0,0.0,0.0
8.0,1.0,3.0,0.0,17.0,26.0,27.0,22.0,77.0,33.0,5.0,0.0,0.0
8.0,1.0,1.0,3.0,34.0,44.0,45.0,32.0,31.0,21.0,5.0,0.0,0.0
8.0,0.0,0.0,4.0,32.0,39.0,40.0,31.0,91.0,49.0,7.0,0.0,0.0
8.0,0.0,3.0,0.0,19.0,25.0,26.0,21.0,61.0,16.0,6.0,0.0,0.0
8.0,0.0,1.0,5.0,20.0,64.0,65.0,45.0,18.0,30.0,13.0,0.0,0.0
5.0,0.0,1.0,3.0,34.0,44.0,45.0,32.0,92.0,15.0,1.0,0.0,0.0
4.0,2.0,7.0,2.0,48.0,65.0,66.0,10.0,92.0,8.0,11.0,0.0,0.0
4.0,2.0,0.0,4.0,31.0,38.0,39.0,30.0,93.0,22.0,6.0,0.0,0.0
4.0,2.0,0.0,3.0,3.0,4.0,4.0,3.0,87.0,30.0,10.0,0.0,0.0
4.0,2.0,3.0,6.0,49.0,66.0,67.0,46.0,51.0,11.0,6.0,0.0,0.0
8.0,0.0,0.0,1.0,26.0,32.0,33.0,25.0,94.0,9.0,11.0,0.0,0.0
8.0,0.0,2.0,2.0,19.0,22.0,22.0,18.0,51.0,46.0,12.0,0.0,0.0
8.0,2.0,3.0,3.0,21.0,62.0,63.0,5.0,61.0,50.0,2.0,0.0,0.0
8.0,2.0,3.0,4.0,10.0,12.0,12.0,7.0,63.0,40.0,6.0,0.0,0.0
6.0,5.0,6.0,1.0,50.0,49.0,68.0,47.0,1.0,11.0,11.0,0.0,1.0
7.0,1.0,3.0,1.0,6.0,8.0,8.0,7.0,35.0,9.0,7.0,0.0,2.0
5.0,0.0,3.0,4.0,10.0,12.0,12.0,7.0,95.0,22.0,4.0,0.0,3.0
7.0,4.0,2.0,5.0,51.0,67.0,69.0,48.0,38.0,35.0,9.0,0.0,4.0
1.0,2.0,2.0,0.0,29.0,52.0,53.0,36.0,33.0,0.0,16.0,0.0,5.0
7.0,4.0,6.0,2.0,25.0,4.0,70.0,24.0,40.0,51.0,5.0,0.0,6.0
5.0,0.0,2.0,5.0,51.0,67.0,69.0,48.0,96.0,17.0,5.0,0.0,7.0
2.0,0.0,2.0,6.0,52.0,68.0,71.0,49.0,97.0,43.0,3.0,0.0,8.0
3.0,1.0,0.0,4.0,29.0,61.0,62.0,17.0,98.0,8.0,5.0,0.0,9.0
1.0,3.0,3.0,1.0,47.0,63.0,64.0,44.0,99.0,52.0,13.0,0.0,10.0
5.0,4.0,2.0,1.0,28.0,35.0,36.0,28.0,73.0,16.0,0.0,0.0,11.0
1.0,2.0,3.0,6.0,49.0,66.0,67.0,46.0,24.0,37.0,9.0,0.0,12.0
2.0,0.0,5.0,0.0,7.0,69.0,72.0,8.0,100.0,22.0,5.0,0.0,13.0
6.0,5.0,6.0,3.0,29.0,70.0,73.0,50.0,101.0,4.0,7.0,0.0,14.0
8.0,1.0,6.0,2.0,29.0,71.0,74.0,17.0,102.0,16.0,4.0,0.0,15.0
3.0,1.0,3.0,0.0,17.0,26.0,27.0,22.0,79.0,14.0,10.0,0.0,16.0
7.0,0.0,3.0,2.0,22.0,7.0,25.0,21.0,103.0,5.0,11.0,0.0,16.0
0.0,1.0,2.0,3.0,28.0,35.0,36.0,28.0,104.0,14.0,2.0,0.0,17.0
5.0,1.0,3.0,2.0,22.0,7.0,25.0,21.0,105.0,5.0,7.0,0.0,18.0
5.0,4.0,2.0,5.0,33.0,42.0,43.0,3.0,39.0,32.0,13.0,0.0,19.0
5.0,1.0,2.0,5.0,33.0,42.0,43.0,3.0,106.0,15.0,3.0,0.0,20.0
0.0,1.0,3.0,0.0,21.0,24.0,24.0,20.0,26.0,19.0,12.0,0.0,21.0
0.0,1.0,0.0,4.0,29.0,61.0,62.0,17.0,107.0,4.0,6.0,0.0,22.0
2.0,1.0,2.0,6.0,52.0,68.0,71.0,49.0,82.0,53.0,3.0,0.0,23.0
2.0,3.0,0.0,2.0,1.0,72.0,75.0,13.0,86.0,35.0,17.0,0.0,24.0
1.0,2.0,3.0,2.0,7.0,57.0,58.0,40.0,10.0,47.0,4.0,0.0,25.0
1.0,0.0,3.0,3.0,42.0,54.0,55.0,37.0,10.0,54.0,7.0,0.0,26.0
2.0,0.0,0.0,6.0,13.0,73.0,76.0,14.0,80.0,28.0,9.0,0.0,27.0
2.0,0.0,2.0,5.0,33.0,42.0,43.0,3.0,40.0,14.0,1.0,0.0,28.0
2.0,0.0,2.0,5.0,53.0,74.0,77.0,51.0,74.0,1.0,9.0,0.0,29.0
2.0,0.0,0.0,0.0,39.0,49.0,50.0,36.0,2.0,36.0,18.0,0.0,30.0
1.0,2.0,2.0,6.0,52.0,68.0,71.0,49.0,108.0,32.0,7.0,0.0,31.0
3.0,1.0,3.0,5.0,11.0,13.0,13.0,11.0,95.0,15.0,4.0,0.0,32.0
1.0,2.0,2.0,5.0,54.0,75.0,78.0,52.0,73.0,33.0,3.0,0.0,33.0
0.0,1.0,2.0,3.0,20.0,23.0,23.0,19.0,79.0,22.0,5.0,0.0,34.0
4.0,1.0,3.0,4.0,10.0,12.0,12.0,7.0,32.0,22.0,7.0,0.0,35.0
7.0,1.0,2.0,2.0,18.0,34.0,35.0,27.0,109.0,51.0,4.0,0.0,36.0
7.0,1.0,2.0,2.0,18.0,34.0,35.0,27.0,82.0,22.0,10.0,0.0,37.0
2.0,0.0,4.0,6.0,55.0,76.0,79.0,53.0,110.0,26.0,12.0,0.0,38.0
5.0,0.0,2.0,3.0,18.0,41.0,42.0,15.0,111.0,13.0,11.0,0.0,39.0
5.0,0.0,3.0,5.0,29.0,36.0,37.0,17.0,20.0,32.0,7.0,0.0,40.0
1.0,2.0,2.0,1.0,40.0,50.0,51.0,2.0,78.0,40.0,5.0,0.0,41.0
7.0,3.0,3.0,3.0,21.0,62.0,63.0,5.0,112.0,17.0,0.0,0.0,42.0
1.0,2.0,1.0,4.0,13.0,16.0,16.0,14.0,21.0,17.0,3.0,0.0,43.0
3.0,1.0,7.0,3.0,56.0,77.0,80.0,47.0,113.0,51.0,7.0,0.0,44.0
0.0,1.0,1.0,4.0,2.0,78.0,81.0,54.0,114.0,32.0,9.0,0.0,45.0
1.0,2.0,2.0,0.0,57.0,79.0,82.0,55.0,48.0,19.0,10.0,0.0,46.0
5.0,0.0,3.0,1.0,6.0,8.0,8.0,7.0,51.0,30.0,6.0,0.0,47.0
1.0,2.0,0.0,3.0,3.0,4.0,4.0,3.0,56.0,22.0,12.0,0.0,48.0
7.0,0.0,3.0,4.0,10.0,12.0,12.0,7.0,22.0,11.0,7.0,0.0,49.0
2.0,1.0,0.0,2.0,58.0,80.0,83.0,56.0,115.0,11.0,1.0,0.0,50.0
0.0,1.0,0.0,3.0,59.0,81.0,84.0,57.0,56.0,18.0,3.0,0.0,51.0
2.0,0.0,0.0,0.0,39.0,49.0,50.0,36.0,116.0,1.0,3.0,0.0,52.0
5.0,0.0,2.0,6.0,52.0,68.0,71.0,49.0,99.0,52.0,11.0,0.0,53.0
5.0,4.0,2.0,1.0,28.0,35.0,36.0,28.0,102.0,43.0,9.0,0.0,54.0
4.0,0.0,3.0,5.0,11.0,13.0,13.0,11.0,117.0,37.0,3.0,0.0,55.0
5.0,4.0,2.0,1.0,28.0,35.0,36.0,28.0,102.0,43.0,9.0,0.0,56.0
5.0,0.0,2.0,0.0,57.0,79.0,82.0,55.0,118.0,29.0,5.0,0.0,57.0
2.0,0.0,4.0,6.0,55.0,76.0,79.0,53.0,110.0,26.0,12.0,0.0,58.0
4.0,0.0,3.0,6.0,11.0,40.0,41.0,11.0,49.0,42.0,1.0,0.0,59.0
8.0,1.0,3.0,1.0,6.0,8.0,8.0,7.0,54.0,34.0,15.0,0.0,60.0
5.0,1.0,3.0,4.0,9.0,11.0,11.0,10.0,119.0,9.0,13.0,0.0,61.0
7.0,0.0,3.0,1.0,6.0,8.0,8.0,7.0,68.0,1.0,7.0,0.0,62.0
2.0,0.0,0.0,3.0,29.0,82.0,85.0,50.0,113.0,26.0,13.0,0.0,63.0
0.0,1.0,7.0,3.0,43.0,83.0,86.0,33.0,120.0,55.0,7.0,0.0,64.0
1.0,2.0,1.0,5.0,20.0,64.0,65.0,45.0,70.0,24.0,11.0,0.0,65.0
3.0,2.0,0.0,2.0,1.0,72.0,75.0,13.0,16.0,44.0,3.0,0.0,66.0
4.0,0.0,3.0,6.0,11.0,40.0,41.0,11.0,121.0,19.0,4.0,0.0,67.0
5.0,4.0,2.0,2.0,19.0,22.0,22.0,18.0,15.0,35.0,8.0,0.0,68.0
0.0,0.0,3.0,1.0,6.0,8.0,8.0,7.0,108.0,24.0,7.0,0.0,69.0
2.0,0.0,3.0,0.0,21.0,24.0,24.0,20.0,41.0,1.0,15.0,0.0,70.0
1.0,3.0,3.0,6.0,49.0,66.0,67.0,46.0,100.0,36.0,10.0,0.0,71.0
4.0,1.0,1.0,2.0,1.0,2.0,2.0,1.0,39.0,37.0,6.0,0.0,72.0
0.0,1.0,2.0,2.0,19.0,22.0,22.0,18.0,122.0,56.0,12.0,0.0,73.0
0.0,1.0,3.0,0.0,17.0,26.0,27.0,22.0,79.0,14.0,10.0,0.0,74.0
0.0,3.0,0.0,4.0,32.0,39.0,40.0,31.0,47.0,30.0,12.0,0.0,75.0
4.0,1.0,0.0,2.0,2.0,15.0,15.0,13.0,12.0,5.0,10.0,0.0,76.0
4.0,1.0,0.0,2.0,2.0,15.0,15.0,13.0,12.0,5.0,10.0,0.0,76.0
4.0,1.0,3.0,3.0,21.0,62.0,63.0,5.0,123.0,18.0,2.0,0.0,77.0
7.0,3.0,3.0,4.0,23.0,27.0,28.0,8.0,113.0,57.0,15.0,0.0,78.0
4.0,0.0,3.0,5.0,11.0,13.0,13.0,11.0,27.0,41.0,2.0,0.0,79.0
2.0,0.0,0.0,4.0,29.0,61.0,62.0,17.0,86.0,5.0,6.0,0.0,80.0
1.0,2.0,2.0,3.0,18.0,41.0,42.0,15.0,124.0,34.0,6.0,0.0,81.0
8.0,1.0,3.0,0.0,12.0,14.0,14.0,12.0,60.0,49.0,13.0,0.0,82.0
4.0,3.0,0.0,4.0,32.0,39.0,40.0,31.0,47.0,30.0,12.0,0.0,83.0
5.0,4.0,6.0,0.0,60.0,84.0,87.0,58.0,125.0,39.0,13.0,0.0,84.0
0.0,1.0,3.0,5.0,29.0,36.0,37.0,17.0,92.0,58.0,9.0,0.0,85.0
4.0,1.0,3.0,3.0,19.0,25.0,26.0,21.0,15.0,22.0,10.0,0.0,86.0
0.0,0.0,1.0,4.0,2.0,78.0,81.0,54.0,107.0,13.0,3.0,0.0,87.0
1.0,2.0,2.0,2.0,61.0,85.0,88.0,59.0,79.0,19.0,9.0,0.0,88.0
4.0,2.0,3.0,3.0,19.0,25.0,26.0,21.0,126.0,36.0,6.0,0.0,89.0
1.0,2.0,2.0,2.0,61.0,85.0,88.0,59.0,104.0,16.0,3.0,0.0,90.0
4.0,1.0,3.0,5.0,11.0,13.0,13.0,11.0,14.0,12.0,9.0,0.0,91.0
7.0,0.0,3.0,3.0,19.0,25.0,26.0,21.0,127.0,5.0,6.0,0.0,92.0
2.0,1.0,3.0,1.0,6.0,8.0,8.0,7.0,128.0,16.0,11.0,0.0,93.0
6.0,1.0,3.0,1.0,47.0,63.0,64.0,44.0,117.0,29.0,6.0,0.0,94.0
4.0,0.0,3.0,2.0,7.0,57.0,58.0,40.0,32.0,37.0,6.0,0.0,95.0
1.0,2.0,2.0,3.0,20.0,23.0,23.0,19.0,41.0,53.0,12.0,0.0,96.0
5.0,4.0,3.0,2.0,7.0,57.0,58.0,40.0,34.0,30.0,4.0,0.0,97.0
7.0,4.0,3.0,1.0,6.0,8.0,8.0,7.0,58.0,8.0,7.0,0.0,98.0
2.0,0.0,3.0,2.0,7.0,57.0,58.0,40.0,129.0,5.0,3.0,0.0,99.0
0.0,0.0,4.0,3.0,62.0,86.0,89.0,60.0,125.0,59.0,4.0,0.0,0.0
2.0,3.0,4.0,5.0,63.0,87.0,90.0,25.0,86.0,0.0,11.0,0.0,0.0
4.0,1.0,4.0,0.0,64.0,88.0,91.0,61.0,17.0,60.0,6.0,0.0,0.0
5.0,1.0,2.0,3.0,30.0,89.0,92.0,62.0,92.0,40.0,3.0,0.0,100.0
0.0,1.0,2.0,3.0,16.0,90.0,93.0,63.0,95.0,57.0,14.0,2.0,0.0
5.0,1.0,2.0,3.0,16.0,90.0,93.0,63.0,71.0,26.0,14.0,0.0,101.0
8.0,1.0,2.0,3.0,16.0,90.0,93.0,63.0,130.0,9.0,15.0,0.0,102.0
3.0,1.0,2.0,3.0,16.0,90.0,93.0,63.0,131.0,22.0,5.0,0.0,103.0
5.0,1.0,2.0,5.0,61.0,91.0,94.0,3.0,108.0,28.0,7.0,0.0,104.0
1.0,2.0,2.0,5.0,65.0,92.0,95.0,64.0,132.0,52.0,11.0,0.0,0.0
8.0,1.0,2.0,5.0,65.0,92.0,95.0,64.0,35.0,8.0,19.0,0.0,105.0
1.0,0.0,2.0,5.0,65.0,92.0,95.0,64.0,130.0,37.0,6.0,0.0,106.0
1.0,0.0,2.0,5.0,65.0,92.0,95.0,64.0,133.0,29.0,6.0,0.0,107.0
2.0,0.0,2.0,5.0,65.0,92.0,95.0,64.0,121.0,24.0,13.0,0.0,108.0
0.0,1.0,2.0,6.0,66.0,93.0,96.0,65.0,81.0,9.0,11.0,0.0,109.0
2.0,3.0,2.0,6.0,67.0,94.0,97.0,15.0,84.0,53.0,6.0,0.0,110.0
5.0,0.0,2.0,6.0,68.0,95.0,98.0,31.0,134.0,30.0,3.0,0.0,0.0
1.0,2.0,2.0,2.0,30.0,96.0,99.0,29.0,112.0,53.0,7.0,0.0,111.0
4.0,3.0,2.0,2.0,30.0,96.0,99.0,29.0,81.0,13.0,11.0,0.0,106.0
8.0,1.0,2.0,2.0,16.0,97.0,27.0,66.0,31.0,34.0,1.0,0.0,0.0
0.0,1.0,2.0,2.0,16.0,97.0,27.0,66.0,24.0,8.0,4.0,0.0,112.0
5.0,1.0,2.0,4.0,69.0,98.0,100.0,67.0,126.0,17.0,3.0,0.0,113.0
8.0,1.0,2.0,0.0,67.0,99.0,101.0,27.0,30.0,61.0,14.0,0.0,114.0
5.0,1.0,2.0,0.0,67.0,99.0,101.0,27.0,81.0,11.0,6.0,0.0,115.0
2.0,3.0,2.0,0.0,38.0,100.0,102.0,8.0,11.0,22.0,13.0,0.0,17.0
4.0,1.0,2.0,0.0,17.0,101.0,103.0,68.0,135.0,51.0,6.0,0.0,116.0
4.0,1.0,2.0,1.0,49.0,102.0,104.0,69.0,121.0,26.0,14.0,0.0,117.0
2.0,0.0,2.0,1.0,17.0,68.0,105.0,70.0,27.0,62.0,3.0,0.0,118.0
5.0,4.0,2.0,1.0,33.0,103.0,106.0,71.0,24.0,21.0,6.0,0.0,0.0
8.0,1.0,2.0,1.0,33.0,103.0,106.0,71.0,22.0,17.0,6.0,0.0,0.0
4.0,1.0,2.0,1.0,33.0,103.0,106.0,71.0,21.0,51.0,11.0,0.0,119.0
5.0,4.0,2.0,1.0,33.0,103.0,106.0,71.0,135.0,47.0,6.0,0.0,120.0
1.0,2.0,2.0,1.0,33.0,103.0,106.0,71.0,79.0,50.0,9.0,0.0,121.0
5.0,0.0,2.0,1.0,33.0,103.0,106.0,71.0,70.0,14.0,3.0,0.0,122.0
4.0,2.0,9.0,3.0,47.0,104.0,107.0,58.0,136.0,58.0,17.0,0.0,123.0
1.0,2.0,9.0,5.0,35.0,105.0,108.0,34.0,122.0,63.0,20.0,0.0,124.0
4.0,2.0,9.0,6.0,70.0,106.0,109.0,72.0,122.0,63.0,10.0,0.0,125.0
4.0,1.0,9.0,4.0,71.0,107.0,110.0,38.0,137.0,12.0,17.0,0.0,126.0
8.0,1.0,9.0,4.0,71.0,107.0,110.0,38.0,137.0,12.0,17.0,0.0,127.0
4.0,1.0,9.0,4.0,71.0,107.0,110.0,38.0,137.0,12.0,17.0,0.0,128.0
4.0,1.0,9.0,4.0,71.0,107.0,110.0,38.0,137.0,12.0,17.0,0.0,129.0
4.0,2.0,9.0,0.0,72.0,108.0,111.0,30.0,138.0,34.0,10.0,0.0,121.0
2.0,0.0,9.0,1.0,71.0,107.0,110.0,38.0,122.0,21.0,17.0,0.0,130.0
2.0,3.0,7.0,3.0,13.0,109.0,107.0,73.0,139.0,0.0,3.0,0.0,0.0
8.0,1.0,7.0,5.0,73.0,110.0,112.0,44.0,120.0,15.0,6.0,0.0,131.0
3.0,1.0,7.0,0.0,74.0,111.0,113.0,15.0,140.0,30.0,20.0,0.0,132.0
5.0,0.0,6.0,3.0,57.0,112.0,114.0,74.0,74.0,8.0,15.0,0.0,0.0
0.0,2.0,6.0,5.0,39.0,113.0,115.0,36.0,141.0,64.0,14.0,1.0,0.0
0.0,1.0,6.0,2.0,67.0,114.0,116.0,2.0,121.0,49.0,11.0,0.0,0.0
0.0,1.0,6.0,2.0,67.0,114.0,116.0,2.0,99.0,17.0,4.0,0.0,0.0
0.0,1.0,6.0,2.0,67.0,114.0,116.0,2.0,117.0,38.0,4.0,0.0,0.0
5.0,0.0,6.0,2.0,67.0,114.0,116.0,2.0,128.0,51.0,4.0,0.0,0.0
6.0,1.0,6.0,2.0,67.0,114.0,116.0,2.0,72.0,22.0,1.0,0.0,133.0
4.0,0.0,6.0,0.0,67.0,115.0,117.0,15.0,15.0,8.0,2.0,0.0,134.0
0.0,2.0,6.0,1.0,65.0,116.0,118.0,29.0,142.0,52.0,5.0,0.0,135.0
1.0,2.0,6.0,1.0,4.0,117.0,119.0,5.0,89.0,54.0,13.0,0.0,136.0
0.0,0.0,5.0,3.0,65.0,116.0,118.0,29.0,5.0,20.0,2.0,0.0,0.0
2.0,1.0,5.0,3.0,75.0,118.0,120.0,75.0,143.0,30.0,4.0,0.0,8.0
1.0,2.0,5.0,3.0,75.0,118.0,120.0,75.0,92.0,32.0,7.0,0.0,0.0
1.0,2.0,5.0,5.0,39.0,119.0,121.0,76.0,41.0,16.0,10.0,0.0,0.0
2.0,0.0,5.0,2.0,76.0,120.0,122.0,77.0,87.0,64.0,11.0,0.0,0.0
2.0,0.0,5.0,4.0,75.0,121.0,123.0,43.0,108.0,37.0,10.0,0.0,0.0
2.0,0.0,5.0,4.0,75.0,121.0,123.0,43.0,21.0,22.0,5.0,0.0,137.0
8.0,2.0,5.0,0.0,38.0,122.0,124.0,8.0,111.0,9.0,9.0,0.0,0.0
8.0,2.0,5.0,0.0,38.0,122.0,124.0,8.0,111.0,9.0,9.0,0.0,0.0
2.0,0.0,10.0,2.0,77.0,123.0,125.0,60.0,36.0,65.0,10.0,0.0,0.0
7.0,1.0,3.0,3.0,78.0,124.0,126.0,78.0,26.0,46.0,7.0,0.0,0.0
0.0,1.0,3.0,3.0,78.0,124.0,126.0,78.0,89.0,51.0,5.0,0.0,138.0
8.0,1.0,3.0,3.0,78.0,124.0,126.0,78.0,96.0,15.0,13.0,0.0,139.0
5.0,1.0,3.0,3.0,21.0,125.0,127.0,79.0,144.0,32.0,4.0,0.0,0.0
5.0,1.0,3.0,3.0,21.0,125.0,127.0,79.0,145.0,5.0,7.0,0.0,0.0
0.0,1.0,3.0,3.0,21.0,125.0,127.0,79.0,72.0,5.0,11.0,0.0,0.0
2.0,3.0,3.0,3.0,21.0,125.0,127.0,79.0,101.0,52.0,4.0,0.0,140.0
5.0,1.0,3.0,3.0,79.0,126.0,128.0,77.0,146.0,23.0,15.0,0.0,0.0
2.0,0.0,3.0,5.0,34.0,127.0,129.0,32.0,117.0,5.0,10.0,0.0,0.0
4.0,1.0,3.0,5.0,34.0,127.0,129.0,32.0,147.0,53.0,4.0,0.0,141.0
8.0,1.0,3.0,5.0,39.0,128.0,130.0,50.0,148.0,38.0,11.0,0.0,0.0
4.0,0.0,3.0,6.0,21.0,129.0,131.0,40.0,60.0,21.0,12.0,0.0,0.0
4.0,1.0,3.0,6.0,21.0,129.0,131.0,40.0,111.0,21.0,10.0,0.0,142.0
2.0,0.0,3.0,6.0,8.0,130.0,132.0,43.0,68.0,5.0,7.0,0.0,0.0
3.0,1.0,3.0,6.0,8.0,130.0,132.0,43.0,68.0,52.0,15.0,0.0,143.0
2.0,3.0,3.0,6.0,8.0,130.0,132.0,43.0,84.0,19.0,8.0,0.0,144.0
7.0,1.0,3.0,6.0,8.0,130.0,132.0,43.0,114.0,52.0,3.0,0.0,145.0
2.0,0.0,3.0,6.0,8.0,130.0,132.0,43.0,114.0,52.0,3.0,0.0,146.0
8.0,0.0,3.0,6.0,59.0,131.0,133.0,58.0,42.0,22.0,11.0,0.0,147.0
2.0,0.0,3.0,6.0,26.0,132.0,134.0,80.0,83.0,47.0,4.0,0.0,148.0
7.0,1.0,3.0,2.0,61.0,133.0,135.0,81.0,99.0,5.0,6.0,0.0,0.0
3.0,1.0,3.0,2.0,61.0,133.0,135.0,81.0,6.0,5.0,6.0,0.0,0.0
2.0,0.0,3.0,2.0,61.0,133.0,135.0,81.0,33.0,17.0,7.0,0.0,0.0
2.0,0.0,3.0,2.0,61.0,133.0,135.0,81.0,147.0,15.0,4.0,0.0,0.0
4.0,3.0,3.0,2.0,61.0,133.0,135.0,81.0,118.0,5.0,3.0,0.0,149.0
8.0,3.0,3.0,2.0,61.0,133.0,135.0,81.0,99.0,5.0,6.0,0.0,150.0
0.0,1.0,3.0,2.0,39.0,134.0,136.0,5.0,49.0,52.0,9.0,0.0,151.0
4.0,1.0,3.0,2.0,39.0,134.0,136.0,5.0,89.0,53.0,7.0,0.0,152.0
7.0,1.0,3.0,4.0,33.0,135.0,137.0,82.0,149.0,26.0,6.0,0.0,153.0
5.0,3.0,3.0,4.0,67.0,136.0,138.0,17.0,1.0,0.0,5.0,0.0,0.0
4.0,3.0,3.0,4.0,67.0,136.0,138.0,17.0,150.0,6.0,4.0,0.0,0.0
0.0,1.0,3.0,4.0,67.0,136.0,138.0,17.0,11.0,13.0,7.0,0.0,0.0
2.0,3.0,3.0,4.0,67.0,136.0,138.0,17.0,45.0,19.0,7.0,0.0,154.0
1.0,2.0,3.0,4.0,67.0,136.0,138.0,17.0,151.0,15.0,7.0,0.0,155.0
5.0,1.0,3.0,4.0,67.0,136.0,138.0,17.0,50.0,53.0,4.0,0.0,156.0
5.0,0.0,3.0,4.0,67.0,136.0,138.0,17.0,11.0,13.0,7.0,0.0,157.0
1.0,2.0,3.0,4.0,66.0,137.0,139.0,83.0,67.0,0.0,7.0,0.0,0.0
2.0,3.0,3.0,4.0,5.0,138.0,140.0,43.0,31.0,24.0,4.0,0.0,0.0
1.0,2.0,3.0,4.0,5.0,138.0,140.0,43.0,18.0,0.0,9.0,0.0,147.0
2.0,3.0,3.0,4.0,5.0,138.0,140.0,43.0,146.0,40.0,10.0,0.0,158.0
5.0,4.0,3.0,4.0,5.0,138.0,140.0,43.0,114.0,16.0,6.0,0.0,159.0
7.0,1.0,3.0,4.0,5.0,138.0,140.0,43.0,13.0,15.0,7.0,0.0,160.0
3.0,1.0,3.0,0.0,33.0,139.0,141.0,3.0,152.0,59.0,13.0,0.0,0.0
8.0,1.0,3.0,0.0,33.0,139.0,141.0,3.0,73.0,58.0,9.0,0.0,0.0
3.0,1.0,3.0,0.0,33.0,139.0,141.0,3.0,153.0,44.0,13.0,0.0,20.0
3.0,1.0,3.0,0.0,33.0,139.0,141.0,3.0,152.0,59.0,13.0,0.0,161.0
4.0,1.0,3.0,0.0,33.0,139.0,141.0,3.0,92.0,51.0,15.0,0.0,162.0
0.0,1.0,3.0,0.0,33.0,139.0,141.0,3.0,31.0,16.0,13.0,0.0,163.0
0.0,1.0,3.0,0.0,33.0,139.0,141.0,3.0,77.0,14.0,11.0,0.0,164.0
0.0,1.0,3.0,0.0,33.0,139.0,141.0,3.0,128.0,33.0,7.0,0.0,165.0
4.0,1.0,3.0,0.0,33.0,139.0,141.0,3.0,48.0,15.0,10.0,0.0,166.0
4.0,1.0,3.0,0.0,33.0,139.0,141.0,3.0,48.0,15.0,10.0,0.0,167.0
2.0,3.0,3.0,0.0,7.0,140.0,142.0,84.0,18.0,62.0,13.0,0.0,0.0
2.0,3.0,3.0,0.0,7.0,140.0,142.0,84.0,147.0,22.0,11.0,0.0,0.0
7.0,1.0,3.0,0.0,7.0,140.0,142.0,84.0,154.0,22.0,7.0,0.0,168.0
2.0,0.0,3.0,0.0,7.0,140.0,142.0,84.0,39.0,11.0,7.0,0.0,169.0
4.0,3.0,3.0,0.0,7.0,140.0,142.0,84.0,64.0,32.0,3.0,0.0,170.0
0.0,1.0,3.0,0.0,80.0,141.0,143.0,85.0,86.0,44.0,6.0,0.0,120.0
4.0,3.0,3.0,1.0,66.0,137.0,139.0,83.0,18.0,51.0,7.0,0.0,171.0
2.0,0.0,3.0,1.0,66.0,137.0,139.0,83.0,154.0,15.0,11.0,0.0,172.0
2.0,0.0,3.0,1.0,66.0,137.0,139.0,83.0,41.0,32.0,6.0,0.0,173.0
4.0,0.0,3.0,1.0,38.0,142.0,144.0,36.0,18.0,9.0,5.0,0.0,22.0
4.0,0.0,3.0,1.0,38.0,142.0,144.0,36.0,104.0,5.0,13.0,0.0,0.0
2.0,0.0,3.0,2.0,39.0,143.0,145.0,81.0,114.0,14.0,10.0,0.0,174.0
4.0,0.0,3.0,3.0,6.0,144.0,146.0,8.0,53.0,66.0,14.0,0.0,0.0
0.0,1.0,3.0,3.0,6.0,144.0,146.0,8.0,53.0,66.0,14.0,0.0,59.0
8.0,1.0,6.0,5.0,66.0,145.0,147.0,65.0,109.0,50.0,3.0,0.0,0.0
4.0,0.0,2.0,3.0,81.0,146.0,148.0,21.0,155.0,59.0,1.0,0.0,0.0
3.0,1.0,2.0,6.0,28.0,147.0,9.0,12.0,82.0,11.0,11.0,0.0,0.0
2.0,0.0,3.0,0.0,24.0,148.0,149.0,86.0,88.0,23.0,3.0,0.0,175.0
2.0,0.0,3.0,2.0,39.0,143.0,145.0,81.0,92.0,58.0,10.0,0.0,176.0
1.0,2.0,2.0,4.0,33.0,149.0,150.0,87.0,154.0,26.0,7.0,0.0,0.0
5.0,4.0,2.0,2.0,49.0,150.0,151.0,81.0,95.0,11.0,7.0,0.0,177.0
2.0,0.0,0.0,6.0,10.0,151.0,152.0,65.0,156.0,0.0,12.0,0.0,0.0
4.0,0.0,8.0,3.0,82.0,152.0,153.0,88.0,157.0,67.0,1.0,0.0,0.0
3.0,1.0,6.0,5.0,49.0,153.0,154.0,59.0,11.0,22.0,8.0,0.0,178.0
1.0,2.0,2.0,6.0,59.0,154.0,155.0,58.0,124.0,7.0,11.0,0.0,179.0
1.0,2.0,2.0,5.0,52.0,155.0,156.0,89.0,158.0,4.0,4.0,0.0,180.0
6.0,2.0,2.0,6.0,67.0,156.0,157.0,15.0,106.0,50.0,11.0,0.0,181.0
1.0,1.0,2.0,2.0,67.0,157.0,158.0,35.0,13.0,13.0,9.0,0.0,182.0
5.0,1.0,2.0,3.0,67.0,158.0,159.0,90.0,159.0,33.0,7.0,0.0,183.0
8.0,1.0,3.0,3.0,83.0,159.0,160.0,91.0,31.0,62.0,5.0,0.0,184.0
3.0,0.0,0.0,6.0,10.0,151.0,152.0,65.0,76.0,20.0,5.0,0.0,0.0
2.0,1.0,2.0,0.0,28.0,160.0,161.0,92.0,38.0,19.0,6.0,0.0,185.0
0.0,1.0,2.0,0.0,28.0,160.0,161.0,92.0,38.0,19.0,6.0,0.0,0.0
0.0,1.0,7.0,4.0,72.0,161.0,162.0,30.0,140.0,68.0,15.0,0.0,186.0
1.0,2.0,3.0,0.0,38.0,162.0,163.0,50.0,108.0,30.0,11.0,0.0,187.0
7.0,3.0,3.0,3.0,6.0,144.0,146.0,8.0,95.0,16.0,3.0,0.0,188.0
5.0,1.0,0.0,1.0,22.0,163.0,164.0,91.0,86.0,41.0,14.0,0.0,0.0
2.0,0.0,7.0,4.0,84.0,164.0,165.0,93.0,80.0,55.0,4.0,0.0,0.0
4.0,0.0,7.0,3.0,85.0,165.0,166.0,60.0,152.0,25.0,4.0,0.0,189.0
4.0,3.0,3.0,3.0,83.0,159.0,160.0,91.0,50.0,62.0,10.0,0.0,190.0
3.0,2.0,2.0,3.0,67.0,158.0,159.0,90.0,117.0,1.0,13.0,0.0,191.0
7.0,4.0,2.0,2.0,49.0,150.0,151.0,81.0,43.0,17.0,6.0,0.0,0.0
6.0,0.0,5.0,5.0,12.0,166.0,167.0,94.0,160.0,19.0,9.0,0.0,0.0
6.0,0.0,5.0,5.0,12.0,166.0,167.0,94.0,160.0,19.0,9.0,0.0,192.0
8.0,1.0,3.0,6.0,38.0,167.0,168.0,95.0,9.0,30.0,3.0,0.0,193.0
6.0,5.0,2.0,0.0,28.0,160.0,161.0,92.0,161.0,29.0,3.0,0.0,0.0
1.0,2.0,2.0,6.0,59.0,154.0,155.0,58.0,13.0,53.0,13.0,0.0,0.0
5.0,1.0,3.0,5.0,86.0,168.0,169.0,96.0,135.0,19.0,7.0,0.0,194.0
5.0,4.0,2.0,1.0,87.0,169.0,170.0,82.0,162.0,5.0,7.0,0.0,0.0
2.0,0.0,3.0,2.0,88.0,170.0,171.0,97.0,12.0,54.0,10.0,0.0,195.0
4.0,0.0,7.0,2.0,72.0,171.0,76.0,41.0,109.0,30.0,3.0,0.0,0.0
4.0,3.0,3.0,0.0,24.0,148.0,149.0,86.0,163.0,13.0,6.0,0.0,196.0
7.0,1.0,6.0,1.0,4.0,129.0,172.0,98.0,74.0,35.0,5.0,0.0,0.0
2.0,3.0,7.0,0.0,84.0,172.0,173.0,53.0,44.0,11.0,11.0,0.0,0.0
0.0,1.0,7.0,0.0,70.0,173.0,174.0,99.0,0.0,51.0,18.0,0.0,197.0
6.0,1.0,6.0,4.0,4.0,174.0,175.0,100.0,9.0,5.0,9.0,0.0,19.0
0.0,0.0,2.0,2.0,49.0,150.0,151.0,81.0,14.0,1.0,13.0,0.0,0.0
3.0,1.0,2.0,3.0,69.0,175.0,176.0,101.0,6.0,33.0,3.0,0.0,0.0
1.0,2.0,2.0,6.0,28.0,147.0,9.0,12.0,164.0,5.0,10.0,0.0,198.0
2.0,3.0,6.0,1.0,89.0,176.0,177.0,27.0,165.0,22.0,6.0,0.0,199.0
2.0,0.0,0.0,5.0,22.0,177.0,178.0,79.0,53.0,21.0,12.0,0.0,0.0
5.0,1.0,2.0,3.0,81.0,146.0,148.0,21.0,145.0,11.0,5.0,0.0,200.0
5.0,0.0,2.0,3.0,67.0,158.0,159.0,90.0,101.0,29.0,3.0,0.0,201.0
1.0,6.0,2.0,5.0,2.0,178.0,179.0,13.0,166.0,29.0,9.0,0.0,202.0
5.0,1.0,2.0,5.0,52.0,155.0,156.0,89.0,167.0,41.0,9.0,0.0,0.0
1.0,2.0,6.0,3.0,90.0,179.0,180.0,45.0,168.0,5.0,13.0,0.0,203.0
7.0,3.0,3.0,2.0,39.0,143.0,145.0,81.0,134.0,20.0,3.0,0.0,204.0
1.0,2.0,2.0,2.0,49.0,150.0,151.0,81.0,142.0,35.0,13.0,0.0,205.0
5.0,4.0,2.0,6.0,67.0,156.0,157.0,15.0,50.0,47.0,7.0,0.0,0.0
1.0,2.0,2.0,6.0,67.0,156.0,157.0,15.0,50.0,47.0,7.0,0.0,0.0
5.0,1.0,2.0,4.0,33.0,149.0,150.0,87.0,162.0,1.0,7.0,0.0,206.0
7.0,3.0,2.0,6.0,28.0,147.0,9.0,12.0,166.0,19.0,12.0,0.0,0.0
8.0,1.0,2.0,3.0,67.0,158.0,159.0,90.0,102.0,13.0,3.0,0.0,207.0
0.0,1.0,3.0,6.0,42.0,180.0,181.0,58.0,27.0,32.0,13.0,0.0,0.0
7.0,3.0,2.0,2.0,33.0,181.0,182.0,3.0,38.0,8.0,3.0,0.0,208.0
1.0,2.0,2.0,6.0,28.0,147.0,9.0,12.0,112.0,9.0,0.0,0.0,0.0
5.0,1.0,2.0,3.0,69.0,175.0,176.0,101.0,159.0,40.0,10.0,0.0,209.0
7.0,1.0,2.0,0.0,1.0,182.0,183.0,57.0,5.0,32.0,13.0,0.0,0.0
5.0,0.0,6.0,2.0,58.0,183.0,184.0,102.0,96.0,0.0,4.0,0.0,0.0
1.0,2.0,2.0,4.0,33.0,149.0,150.0,87.0,130.0,15.0,2.0,0.0,210.0
1.0,2.0,2.0,2.0,91.0,184.0,185.0,103.0,109.0,57.0,11.0,0.0,0.0
5.0,0.0,2.0,2.0,49.0,150.0,151.0,81.0,169.0,51.0,3.0,0.0,211.0
7.0,3.0,3.0,0.0,38.0,162.0,163.0,50.0,21.0,30.0,7.0,0.0,212.0
3.0,1.0,3.0,0.0,24.0,148.0,149.0,86.0,124.0,50.0,13.0,0.0,0.0
1.0,2.0,2.0,4.0,33.0,149.0,150.0,87.0,170.0,4.0,4.0,0.0,213.0
2.0,0.0,4.0,4.0,86.0,185.0,186.0,96.0,171.0,44.0,6.0,0.0,214.0
7.0,4.0,6.0,0.0,59.0,66.0,187.0,104.0,172.0,23.0,20.0,0.0,0.0
5.0,0.0,3.0,0.0,24.0,148.0,149.0,86.0,124.0,50.0,13.0,0.0,186.0
3.0,0.0,2.0,3.0,92.0,186.0,188.0,6.0,64.0,69.0,9.0,0.0,0.0
2.0,0.0,2.0,3.0,81.0,146.0,148.0,21.0,21.0,28.0,7.0,0.0,0.0
8.0,1.0,0.0,5.0,22.0,177.0,178.0,79.0,173.0,15.0,20.0,0.0,0.0
0.0,1.0,3.0,5.0,42.0,187.0,189.0,101.0,174.0,66.0,3.0,0.0,0.0
0.0,1.0,2.0,3.0,67.0,158.0,159.0,90.0,11.0,63.0,10.0,0.0,0.0
4.0,0.0,2.0,5.0,52.0,155.0,156.0,89.0,74.0,49.0,5.0,0.0,211.0
7.0,1.0,2.0,0.0,83.0,188.0,190.0,105.0,46.0,70.0,10.0,0.0,215.0
0.0,1.0,2.0,4.0,5.0,189.0,191.0,43.0,32.0,71.0,3.0,0.0,0.0
4.0,0.0,2.0,6.0,91.0,190.0,192.0,102.0,73.0,26.0,6.0,0.0,0.0
8.0,1.0,2.0,6.0,67.0,156.0,157.0,15.0,114.0,47.0,6.0,0.0,0.0
8.0,1.0,6.0,4.0,87.0,191.0,193.0,106.0,69.0,20.0,11.0,0.0,0.0
5.0,1.0,2.0,6.0,67.0,156.0,157.0,15.0,40.0,34.0,11.0,0.0,0.0
7.0,1.0,2.0,5.0,2.0,178.0,179.0,13.0,163.0,33.0,3.0,0.0,216.0
1.0,2.0,2.0,2.0,49.0,150.0,151.0,81.0,84.0,44.0,10.0,0.0,217.0
0.0,1.0,2.0,2.0,67.0,157.0,158.0,35.0,85.0,10.0,20.0,0.0,24.0
5.0,0.0,2.0,2.0,49.0,150.0,151.0,81.0,84.0,44.0,10.0,0.0,0.0
1.0,2.0,2.0,2.0,49.0,150.0,151.0,81.0,84.0,44.0,10.0,0.0,0.0
7.0,1.0,3.0,3.0,6.0,144.0,146.0,8.0,175.0,72.0,14.0,0.0,161.0
2.0,0.0,7.0,1.0,93.0,192.0,194.0,107.0,137.0,73.0,15.0,0.0,218.0
2.0,1.0,7.0,1.0,93.0,192.0,194.0,107.0,122.0,66.0,5.0,0.0,27.0
5.0,4.0,7.0,2.0,27.0,193.0,195.0,108.0,137.0,34.0,1.0,0.0,219.0
2.0,0.0,0.0,4.0,31.0,194.0,196.0,8.0,176.0,32.0,12.0,0.0,220.0
8.0,1.0,0.0,5.0,18.0,195.0,197.0,109.0,30.0,53.0,5.0,0.0,221.0
2.0,0.0,0.0,6.0,94.0,196.0,90.0,5.0,115.0,5.0,13.0,0.0,222.0
2.0,3.0,4.0,3.0,6.0,197.0,164.0,74.0,83.0,1.0,18.0,0.0,223.0
3.0,1.0,4.0,3.0,6.0,197.0,164.0,74.0,51.0,5.0,12.0,0.0,0.0
4.0,3.0,10.0,0.0,78.0,107.0,198.0,78.0,1.0,8.0,3.0,0.0,224.0
1.0,3.0,5.0,4.0,80.0,129.0,199.0,110.0,143.0,39.0,3.0,0.0,24.0
6.0,1.0,5.0,2.0,83.0,198.0,200.0,111.0,177.0,33.0,6.0,0.0,225.0
4.0,3.0,5.0,6.0,37.0,199.0,201.0,112.0,14.0,15.0,11.0,0.0,226.0
5.0,0.0,5.0,6.0,49.0,200.0,202.0,89.0,151.0,8.0,18.0,0.0,227.0
4.0,3.0,6.0,6.0,19.0,5.0,203.0,79.0,178.0,52.0,2.0,0.0,228.0
4.0,3.0,6.0,3.0,49.0,153.0,204.0,4.0,179.0,32.0,3.0,0.0,229.0
0.0,1.0,6.0,3.0,49.0,153.0,204.0,4.0,34.0,73.0,9.0,0.0,230.0
0.0,1.0,6.0,4.0,14.0,201.0,205.0,75.0,119.0,58.0,10.0,0.0,231.0
6.0,5.0,6.0,6.0,95.0,202.0,206.0,82.0,28.0,37.0,9.0,0.0,232.0
4.0,3.0,6.0,6.0,95.0,202.0,206.0,82.0,28.0,43.0,10.0,0.0,0.0
8.0,1.0,2.0,3.0,96.0,203.0,207.0,113.0,74.0,8.0,12.0,0.0,233.0
1.0,2.0,2.0,3.0,96.0,203.0,207.0,113.0,180.0,5.0,5.0,0.0,0.0
5.0,0.0,2.0,3.0,96.0,203.0,207.0,113.0,181.0,37.0,3.0,0.0,234.0
5.0,1.0,2.0,4.0,97.0,204.0,208.0,114.0,182.0,52.0,13.0,0.0,235.0
3.0,1.0,2.0,1.0,98.0,205.0,209.0,115.0,6.0,16.0,15.0,0.0,236.0
3.0,1.0,2.0,1.0,98.0,205.0,209.0,115.0,14.0,19.0,13.0,0.0,237.0
4.0,1.0,2.0,1.0,98.0,205.0,209.0,115.0,27.0,68.0,14.0,0.0,238.0
4.0,1.0,2.0,5.0,98.0,205.0,209.0,115.0,31.0,50.0,2.0,0.0,0.0
4.0,1.0,2.0,5.0,98.0,205.0,209.0,115.0,132.0,1.0,3.0,0.0,0.0
4.0,1.0,2.0,6.0,99.0,206.0,210.0,63.0,183.0,12.0,9.0,0.0,0.0
7.0,3.0,2.0,0.0,100.0,207.0,211.0,116.0,183.0,5.0,7.0,0.0,0.0
7.0,3.0,2.0,0.0,100.0,207.0,211.0,116.0,164.0,4.0,9.0,0.0,239.0
2.0,2.0,2.0,2.0,53.0,208.0,155.0,94.0,167.0,38.0,10.0,0.0,240.0
2.0,2.0,2.0,4.0,101.0,209.0,212.0,104.0,112.0,11.0,7.0,0.0,0.0
4.0,0.0,2.0,4.0,101.0,209.0,212.0,104.0,184.0,36.0,6.0,0.0,241.0
8.0,1.0,2.0,1.0,102.0,210.0,213.0,71.0,185.0,5.0,7.0,0.0,242.0
2.0,0.0,2.0,1.0,102.0,210.0,213.0,71.0,186.0,36.0,11.0,0.0,243.0
0.0,0.0,2.0,1.0,102.0,210.0,213.0,71.0,187.0,7.0,10.0,3.0,244.0
1.0,2.0,2.0,1.0,102.0,210.0,213.0,71.0,68.0,71.0,10.0,4.0,0.0
0.0,0.0,2.0,1.0,102.0,210.0,213.0,71.0,68.0,71.0,10.0,4.0,0.0
4.0,1.0,2.0,1.0,102.0,210.0,213.0,71.0,108.0,74.0,10.0,5.0,0.0
5.0,1.0,2.0,5.0,103.0,22.0,214.0,117.0,188.0,38.0,10.0,0.0,25.0
4.0,3.0,2.0,5.0,103.0,22.0,214.0,117.0,189.0,4.0,10.0,0.0,245.0
7.0,4.0,2.0,6.0,6.0,211.0,145.0,101.0,190.0,15.0,4.0,0.0,246.0
7.0,4.0,2.0,0.0,6.0,212.0,215.0,8.0,148.0,57.0,17.0,0.0,0.0
5.0,1.0,2.0,0.0,6.0,212.0,215.0,8.0,43.0,53.0,13.0,0.0,0.0
7.0,4.0,2.0,0.0,6.0,212.0,215.0,8.0,43.0,53.0,13.0,0.0,0.0
3.0,1.0,2.0,0.0,6.0,212.0,215.0,8.0,154.0,68.0,14.0,6.0,247.0
2.0,0.0,2.0,0.0,6.0,212.0,215.0,8.0,34.0,25.0,5.0,0.0,2.0
1.0,2.0,2.0,3.0,104.0,213.0,216.0,107.0,127.0,15.0,11.0,0.0,0.0
4.0,3.0,2.0,3.0,104.0,213.0,216.0,107.0,127.0,17.0,11.0,0.0,248.0
5.0,1.0,2.0,3.0,104.0,213.0,216.0,107.0,95.0,68.0,12.0,0.0,249.0
0.0,1.0,2.0,3.0,104.0,213.0,216.0,107.0,33.0,28.0,0.0,0.0,250.0
7.0,1.0,2.0,2.0,105.0,214.0,217.0,116.0,191.0,11.0,3.0,0.0,0.0
2.0,3.0,11.0,1.0,27.0,86.0,218.0,118.0,46.0,35.0,9.0,0.0,0.0